"","ID","Description","GeneRatio","BgRatio","RichFactor","FoldEnrichment","zScore","pvalue","p.adjust","qvalue","geneID","Count"
"GO:0030198","GO:0030198","extracellular matrix organization","87/1935","331/18860",0.262839879154079,2.56183985573433,9.69303952482052,6.35189687963961e-17,1.81811808768143e-13,1.45821899757338e-13,"COL11A1/MMP1/FAP/MMP3/PDPN/SULF1/ADAMTS12/COL1A1/ZNF469/MMP11/COL5A2/EGFL6/ADAMTS6/TGFBI/COL1A2/MMP14/COMP/COL12A1/IBSP/SH3PXD2B/PRSS2/COL3A1/MMP13/RUNX1/LOXL2/P4HA3/MATN3/MMP10/COL5A1/ADAMTS2/CARMIL2/IL6/SERPINH1/MMP7/ITGA2/KLK7/ADAMTS9/COL4A1/NID2/SOX9/ADAMTS4/MMP8/FSCN1/LOX/SERPINB5/MMP12/BMP2/ANTXR1/HPSE2/C6orf15/AGT/FKBP10/CTSK/ITGA8/PXDN/MMP2/POSTN/WT1/LAMA1/COL5A3/MMP9/LUM/OLFML2B/AEBP1/COL19A1/GAS2/FERMT1/CTSV/TMPRSS6/ABI3BP/COL4A2/AXIN2/COL4A3/HPN/MMP20/SMOC2/ADTRP/COL27A1/ADAMTS16/COL4A6/MELTF/VIT/FOXF2/MMP16/MMP28/TGFB2/FOXC2",87
"GO:0043062","GO:0043062","extracellular structure organization","87/1935","332/18860",0.262048192771084,2.55412347062669,9.65996974842692,7.76305630315874e-17,1.81811808768143e-13,1.45821899757338e-13,"COL11A1/MMP1/FAP/MMP3/PDPN/SULF1/ADAMTS12/COL1A1/ZNF469/MMP11/COL5A2/EGFL6/ADAMTS6/TGFBI/COL1A2/MMP14/COMP/COL12A1/IBSP/SH3PXD2B/PRSS2/COL3A1/MMP13/RUNX1/LOXL2/P4HA3/MATN3/MMP10/COL5A1/ADAMTS2/CARMIL2/IL6/SERPINH1/MMP7/ITGA2/KLK7/ADAMTS9/COL4A1/NID2/SOX9/ADAMTS4/MMP8/FSCN1/LOX/SERPINB5/MMP12/BMP2/ANTXR1/HPSE2/C6orf15/AGT/FKBP10/CTSK/ITGA8/PXDN/MMP2/POSTN/WT1/LAMA1/COL5A3/MMP9/LUM/OLFML2B/AEBP1/COL19A1/GAS2/FERMT1/CTSV/TMPRSS6/ABI3BP/COL4A2/AXIN2/COL4A3/HPN/MMP20/SMOC2/ADTRP/COL27A1/ADAMTS16/COL4A6/MELTF/VIT/FOXF2/MMP16/MMP28/TGFB2/FOXC2",87
"GO:0045229","GO:0045229","external encapsulating structure organization","87/1935","333/18860",0.261261261261261,2.54645343017436,9.62702031935346,9.47759211649745e-17,1.81811808768143e-13,1.45821899757338e-13,"COL11A1/MMP1/FAP/MMP3/PDPN/SULF1/ADAMTS12/COL1A1/ZNF469/MMP11/COL5A2/EGFL6/ADAMTS6/TGFBI/COL1A2/MMP14/COMP/COL12A1/IBSP/SH3PXD2B/PRSS2/COL3A1/MMP13/RUNX1/LOXL2/P4HA3/MATN3/MMP10/COL5A1/ADAMTS2/CARMIL2/IL6/SERPINH1/MMP7/ITGA2/KLK7/ADAMTS9/COL4A1/NID2/SOX9/ADAMTS4/MMP8/FSCN1/LOX/SERPINB5/MMP12/BMP2/ANTXR1/HPSE2/C6orf15/AGT/FKBP10/CTSK/ITGA8/PXDN/MMP2/POSTN/WT1/LAMA1/COL5A3/MMP9/LUM/OLFML2B/AEBP1/COL19A1/GAS2/FERMT1/CTSV/TMPRSS6/ABI3BP/COL4A2/AXIN2/COL4A3/HPN/MMP20/SMOC2/ADTRP/COL27A1/ADAMTS16/COL4A6/MELTF/VIT/FOXF2/MMP16/MMP28/TGFB2/FOXC2",87
"GO:0061448","GO:0061448","connective tissue development","78/1935","307/18860",0.254071661237785,2.47637805216777,8.81850919449566,1.92960800243336e-14,2.776223513501e-11,2.22666607649218e-11,"COL11A1/SULF1/ADAMTS12/COL1A1/TGFBI/STC1/PTH1R/COMP/PRRX1/SH3PXD2B/WNT5A/COL3A1/MMP13/ACAT1/CCN4/RUNX1/LOXL2/MATN3/MSX2/COL5A1/CHRDL2/SNAI1/IL6R/SERPINH1/PDGFRB/BGN/PRKG2/CD44/SOX9/ITGB8/WNT7B/SLC26A2/FGF18/GPR4/LOX/SERPINB7/SCIN/HOXD3/BMP2/BMP5/CTSK/HES5/EPYC/WT1/PDGFB/BMP7/PPARGC1A/PDGFD/LUM/GDF7/TIMP1/HMGCS2/GUCA2B/PLAAT3/RSPO2/WNT11/BMP6/AXIN2/DGAT2/HAND1/EBF2/NR1H4/GHR/BMP3/CNMD/COL27A1/TRPV4/UMODL1/FOXD1/GPLD1/TGFB2/NKX3-2/GDF5/ZBTB16/FAM83A/FOXC2/LEP/IL17F",78
"GO:0098742","GO:0098742","cell-cell adhesion via plasma-membrane adhesion molecules","69/1935","279/18860",0.247311827956989,2.41049151176683,8.02552613165914,2.45258792728781e-12,2.82292870430827e-09,2.26412590761201e-09,"CELSR3/CDH11/ROBO2/DSG3/CDH3/DSG4/PCDH17/FGFRL1/CDH23/SELE/AJUBA/UNC5D/PCDHGA1/PTK7/CDH6/PCDHB9/CLDN23/ITGAL/PCDHB14/SLITRK3/BMP2/CELSR1/KLF4/DSC3/PCDH11X/PCDH11Y/PCDH19/CLDN16/CRTAM/MPZ/FXYD5/DSG1/TENM4/CLDN1/CNTN4/NECTIN4/PCDHGB4/CLDN18/REG3A/SCARF2/CLDN2/SELP/IL1RN/ADIPOQ/CDH8/PCDHB10/MYPN/PCDHB16/ELFN1/PCDH9/PCDHA3/CDHR2/CEACAM1/ADGRL3/CLDN14/CDH16/CDHR5/PCDHA1/CDH22/PCDHGB5/PCDHB8/CDH19/CLDN19/CLDN6/TGFB2/PCDHA13/CNTN2/DCHS2/ITGA5",69
"GO:0002443","GO:0002443","leukocyte mediated immunity","101/1935","488/18860",0.206967213114754,2.01726182911848,7.69839015837186,3.61078075776546e-12,3.46334054349004e-09,2.77776730224589e-09,"TREM1/ANXA3/CFI/IL1B/ULBP1/STAP1/IL6/RAET1L/IL6R/TNFSF4/APLF/IL23A/FCGR3B/DAO/PLCG2/CD27/CXCL6/DNASE1L3/KLRB1/DDX21/ULBP2/AZGP1/FCAR/CD96/SPON2/SLAMF7/FCGR3A/CD160/ULBP3/FCGR1A/CR2/FOXP3/CD19/IGHA2/CD55/IGHG1/FCMR/CD8A/IGLC2/ZP3/KIR2DL4/IGLC3/CRTAM/IGHV3-49/IGKC/CD7/EXO1/IGHV3-64/GZMM/IGHV3-7/CCR2/KIT/TBX21/IGHV1-18/NECTIN4/KLRC1/FCER2/IGHA1/IGHV3-74/IGHV2-5/IGLL5/IGHV3-23/GZMB/IGHV1-45/IGLC7/IGHG3/IL2/SECTM1/KLRC4/RAET1G/KLRC3/CEACAM1/IGHV3-13/IGHV4-61/IGHV1-69/IGHV3-43/IGHV4-59/KLRC2/IGLC6/IGHV4-34/IGHV1-58/IGHV3-66/PTGDR/C4BPB/SH2D1B/AICDA/IGHG4/CLC/SCNN1B/IGHV2-26/RAET1E/IGHV4-28/GRP/MRGPRX2/IGHV5-51/IGHD/IGHV4-4/IGHV3-73/IGHV3-20/IGHV4-39/LEP",101
"GO:0042445","GO:0042445","hormone metabolic process","63/1935","246/18860",0.25609756097561,2.49612403100775,7.98639477046206,4.33101096278944e-12,3.56070972726475e-09,2.85586211606492e-09,"INHBA/SULT1A1/ANPEP/CORIN/TG/KLK6/UGT1A1/CYP3A4/SPP1/DHRS11/CRHBP/ALDH1A3/STC2/BACE2/DIO2/BMP2/BMP5/CTSK/CEL/DHRS2/HSD3B2/PAPSS2/PCSK5/AKR1C2/AKR1B10/HSD17B2/RETSAT/SHH/MBOAT4/AFP/RDH5/UGT1A8/BMP6/ADH6/SULT1B1/DGAT2/HPN/ESR1/MEP1A/ADH1B/GHR/CYP3A7/DUOXA2/MME/CRABP2/PCSK2/GCNT4/CYP19A1/HSD17B3/AKR1C4/BCHE/ADH1A/SCNN1B/DUOX2/FFAR3/UGT1A7/ADH1C/UGT1A9/RBP1/GAL/CYP2W1/LEP/SLC30A8",63
"GO:0019730","GO:0019730","antimicrobial humoral response","52/1935","184/18860",0.282608695652174,2.75452196382429,8.0865125406201,5.93087244779489e-12,4.26652136713245e-09,3.42195732678692e-09,"SLC11A1/CXCL8/PRSS2/KRT6A/MMP7/REG1B/CXCL1/KLK7/CXCL5/CXCL3/CCL5/CXCL6/S100A9/CXCL12/CCL23/REG1A/SPON2/IL17A/TSLP/IGHA2/IGHG1/JCHAIN/CXCL11/XCL2/CXCL2/NPY/LGALS4/DEFA6/PPBP/CCL24/IGHA1/REG3A/IGHG3/CXCL13/IGKV3-20/DMBT1/PF4/KNG1/H2BC6/CCL20/H2BC7/WFDC3/CCL7/IGHG4/DEFB1/CCL3L1/CCL3L3/IGHM/IGHD/IL17F/PGC/REG3G",52
"GO:0002449","GO:0002449","lymphocyte mediated immunity","85/1935","388/18860",0.219072164948454,2.13524601081542,7.63984176407952,8.71766884955341e-12,5.57446491435332e-09,4.47099156787037e-09,"CFI/IL1B/ULBP1/IL6/RAET1L/TNFSF4/APLF/IL23A/FCGR3B/CD27/KLRB1/ULBP2/AZGP1/CD96/SLAMF7/FCGR3A/CD160/ULBP3/FCGR1A/CR2/FOXP3/CD19/IGHA2/CD55/IGHG1/FCMR/CD8A/IGLC2/ZP3/KIR2DL4/IGLC3/CRTAM/IGHV3-49/IGKC/CD7/EXO1/IGHV3-64/GZMM/IGHV3-7/CCR2/TBX21/IGHV1-18/NECTIN4/KLRC1/FCER2/IGHA1/IGHV3-74/IGHV2-5/IGLL5/IGHV3-23/GZMB/IGHV1-45/IGLC7/IGHG3/IL2/SECTM1/KLRC4/RAET1G/KLRC3/CEACAM1/IGHV3-13/IGHV4-61/IGHV1-69/IGHV3-43/IGHV4-59/KLRC2/IGLC6/IGHV4-34/IGHV1-58/IGHV3-66/C4BPB/SH2D1B/AICDA/IGHG4/CLC/IGHV2-26/RAET1E/IGHV4-28/IGHV5-51/IGHD/IGHV4-4/IGHV3-73/IGHV3-20/IGHV4-39/LEP",85
"GO:0016064","GO:0016064","immunoglobulin mediated immune response","54/1935","203/18860",0.266009852216749,2.59273685416428,7.71447931179103,3.06575835559323e-11,1.7643439336439e-08,1.41508951466066e-08,"CFI/TNFSF4/APLF/FCGR3B/CD27/FCGR3A/FCGR1A/CR2/FOXP3/CD19/IGHA2/CD55/IGHG1/FCMR/IGLC2/ZP3/IGLC3/IGHV3-49/IGKC/EXO1/IGHV3-64/IGHV3-7/TBX21/IGHV1-18/FCER2/IGHA1/IGHV3-74/IGHV2-5/IGLL5/IGHV3-23/IGHV1-45/IGLC7/IGHG3/IL2/IGHV3-13/IGHV4-61/IGHV1-69/IGHV3-43/IGHV4-59/IGLC6/IGHV4-34/IGHV1-58/IGHV3-66/C4BPB/AICDA/IGHG4/IGHV2-26/IGHV4-28/IGHV5-51/IGHD/IGHV4-4/IGHV3-73/IGHV3-20/IGHV4-39",54
"GO:0006959","GO:0006959","humoral immune response","71/1935","307/18860",0.231270358306189,2.25413899620399,7.49105979526152,3.4355744278139e-11,1.79743007564264e-08,1.44162620726928e-08,"SLC11A1/TREM1/CXCL8/PRSS2/CFI/IL1B/IL6/SPNS2/KRT6A/MMP7/REG1B/CFB/CXCL1/KLK7/CXCL5/CXCL3/CCL5/CXCL6/S100A9/CXCL12/CCL23/REG1A/SPON2/BCL2/IL17A/TSLP/CR2/IGHA2/CD55/IGHG1/JCHAIN/FCMR/CXCL11/ZP3/POU2AF1/XCL2/EXO1/CXCL2/NPY/MS4A1/CFD/CCR2/LGALS4/DEFA6/PPBP/CCL24/FCER2/IGHA1/REG3A/IGHG3/FCN3/CXCL13/IGKV3-20/DMBT1/PF4/KNG1/H2BC6/CCL20/H2BC7/WFDC3/CCL7/C4BPB/IGHG4/DEFB1/CCL3L1/CCL3L3/IGHM/IGHD/IL17F/PGC/REG3G",71
"GO:0072001","GO:0072001","renal system development","75/1935","334/18860",0.224550898203593,2.18864596388618,7.41089055902888,4.31380782466047e-11,2.06883033591008e-08,1.6593023957137e-08,"SULF1/KIF26B/ANGPT2/ADAMTS6/EDNRA/ROBO2/PODXL/STRA6/WNT5A/SOX11/ACAT1/TACSTD2/SIX4/SOX4/LGR5/IL6R/NOTCH3/PDGFRB/TFAP2A/COL4A1/PTK7/SOX9/SIX1/WNT7B/MYC/HPGD/GPR4/PLCE1/SERPINB7/VEGFA/BMP2/AGT/BCL2/ITGA8/HEYL/FREM2/HES5/GFRA1/TCF21/WT1/PDGFB/BMP7/MMP9/PDGFD/CALB1/PCSK5/HMGCS2/HELLS/PCSK9/SHH/WNT11/TBX18/BMP6/COL4A3/FGF1/EMX2/ADIPOQ/CITED1/IRX3/SALL1/IRX2/MME/ADAMTS16/TP73/GCNT4/FOXD1/GCNT3/POU3F3/TGFB2/FGFR2/DCHS2/ZBTB16/FOXC2/TMEM59L/WNT1",75
"GO:0072006","GO:0072006","nephron development","46/1935","160/18860",0.2875,2.80219638242894,7.74063836115338,5.13757369303542e-11,2.27436435410914e-08,1.82415065942999e-08,"SULF1/KIF26B/ANGPT2/EDNRA/PODXL/ACAT1/TACSTD2/SIX4/IL6R/NOTCH3/PDGFRB/SOX9/SIX1/WNT7B/MYC/GPR4/PLCE1/SERPINB7/VEGFA/BMP2/AGT/BCL2/HEYL/HES5/TCF21/WT1/PDGFB/BMP7/PDGFD/CALB1/SHH/WNT11/COL4A3/FGF1/ADIPOQ/CITED1/IRX3/SALL1/IRX2/ADAMTS16/FOXD1/POU3F3/DCHS2/FOXC2/TMEM59L/WNT1",46
"GO:0019724","GO:0019724","B cell mediated immunity","54/1935","206/18860",0.262135922330097,2.55497855046286,7.58765372495335,5.62563405753329e-11,2.31253742865029e-08,1.85476731896868e-08,"CFI/TNFSF4/APLF/FCGR3B/CD27/FCGR3A/FCGR1A/CR2/FOXP3/CD19/IGHA2/CD55/IGHG1/FCMR/IGLC2/ZP3/IGLC3/IGHV3-49/IGKC/EXO1/IGHV3-64/IGHV3-7/TBX21/IGHV1-18/FCER2/IGHA1/IGHV3-74/IGHV2-5/IGLL5/IGHV3-23/IGHV1-45/IGLC7/IGHG3/IL2/IGHV3-13/IGHV4-61/IGHV1-69/IGHV3-43/IGHV4-59/IGLC6/IGHV4-34/IGHV1-58/IGHV3-66/C4BPB/AICDA/IGHG4/IGHV2-26/IGHV4-28/IGHV5-51/IGHD/IGHV4-4/IGHV3-73/IGHV3-20/IGHV4-39",54
"GO:0051216","GO:0051216","cartilage development","55/1935","216/18860",0.25462962962963,2.48181644176476,7.40605979218769,1.24729881325773e-10,4.78546978019882e-08,3.83817915518256e-08,"COL11A1/SULF1/ADAMTS12/COL1A1/TGFBI/STC1/PTH1R/COMP/PRRX1/WNT5A/COL3A1/MMP13/CCN4/RUNX1/LOXL2/MATN3/MSX2/CHRDL2/SNAI1/SERPINH1/BGN/PRKG2/CD44/SOX9/ITGB8/WNT7B/SLC26A2/FGF18/SCIN/HOXD3/BMP2/BMP5/CTSK/HES5/EPYC/BMP7/LUM/TIMP1/RSPO2/WNT11/BMP6/AXIN2/HAND1/GHR/BMP3/CNMD/COL27A1/TRPV4/GPLD1/TGFB2/NKX3-2/GDF5/ZBTB16/LEP/IL17F",55
"GO:0050900","GO:0050900","leukocyte migration","83/1935","397/18860",0.209068010075567,2.03773781396651,7.06589593585452,1.84019310102587e-10,6.61894456025244e-08,5.30871496578846e-08,"TREM1/CXCL8/MMP14/WNT5A/IL1B/TNFAIP6/STAP1/CNN2/IL6/IL16/GDF15/SPNS2/IL6R/FPR2/SELE/ITGA2/THY1/CXCL5/CXCL3/CCL5/IL23A/GPR18/CNR2/THBS4/CXCL6/S100A9/ASCL2/ITGAL/CXCL12/PGF/VEGFA/CCL23/S100A8/CXCR2/ITGB7/BMP5/F7/SERPINE1/IL17A/MMP2/GPR15/P2RY12/PDGFB/ZAP70/CXCL11/ZP3/CXCR1/CXCL17/PDGFD/CRTAM/FFAR2/CSF3R/CCR2/JAM2/KIT/TBX21/CXCR5/DPEP1/PPBP/CCL24/EDN3/VEGFD/SELP/CD200R1/PTN/PLCB1/LYVE1/PADI2/CXCL13/TRIM55/EDN2/ADTRP/PF4/TRPV4/CCL20/CYP19A1/TNFSF11/NKX2-3/MMP28/CCL7/TGFB2/MCOLN2/LEP",83
"GO:0042330","GO:0042330","taxis","94/1935","476/18860",0.197478991596639,1.92478231602719,6.9096884088673,2.9455771882874e-10,9.97164512858469e-08,7.99774363507136e-08,"TREM1/PLAU/ANGPT2/CXCL8/ANOS1/UNC5C/ROBO2/WNT5A/FOSL1/IL1B/TNFAIP6/STAP1/IL6/IL16/IL6R/MET/FPR1/FPR2/CXCL1/PDGFRB/ITGA2/LEF1/CXCL5/ACKR2/CXCL3/CCL5/IL23A/WNT7B/GPR18/CNR2/THBS4/FGF18/CXCL6/S100A9/LOX/CXCL12/PTGDR2/PGF/VEGFA/NRP2/CCL23/S100A8/CXCR2/CCR8/F7/SERPINE1/MMP2/P2RY12/PDGFB/CXCL11/CXCR1/CXCL17/PDGFD/SEMA6D/XCL2/FFAR2/CSF3R/PROK2/CXCL2/CCR2/KIT/CXCR5/DPEP1/NTN1/PPBP/CCL24/RNASE2/FGF1/EDN3/EPHB1/VEGFD/PTN/PADI2/CXCL13/CCR3/CMTM2/EDN2/SMOC2/PF4/CCR9/TRPV4/SERPIND1/CCL20/CYP19A1/TNFSF11/WNT3/MMP28/CCL7/OPN4/TGFB2/DEFB1/CCL3L1/CCL3L3/SEMA3D",94
"GO:0001822","GO:0001822","kidney development","71/1935","323/18860",0.219814241486068,2.14247886016912,7.00269458238468,3.88181233705206e-10,1.24110166665192e-07,9.95423806899023e-08,"SULF1/KIF26B/ANGPT2/ADAMTS6/EDNRA/ROBO2/PODXL/STRA6/WNT5A/SOX11/ACAT1/TACSTD2/SIX4/SOX4/IL6R/NOTCH3/PDGFRB/TFAP2A/PTK7/SOX9/SIX1/WNT7B/MYC/HPGD/GPR4/PLCE1/SERPINB7/VEGFA/BMP2/AGT/BCL2/ITGA8/HEYL/FREM2/HES5/GFRA1/TCF21/WT1/PDGFB/BMP7/MMP9/PDGFD/CALB1/PCSK5/HMGCS2/HELLS/PCSK9/SHH/WNT11/BMP6/COL4A3/FGF1/ADIPOQ/CITED1/IRX3/SALL1/IRX2/MME/ADAMTS16/TP73/GCNT4/FOXD1/GCNT3/POU3F3/TGFB2/FGFR2/DCHS2/ZBTB16/FOXC2/TMEM59L/WNT1",71
"GO:0060326","GO:0060326","cell chemotaxis","72/1935","330/18860",0.218181818181818,2.12656800563777,6.98091177978993,4.15131741568688e-10,1.25741219617253e-07,1.00850564364471e-07,"TREM1/CXCL8/WNT5A/IL1B/TNFAIP6/STAP1/IL6/IL16/IL6R/MET/FPR2/CXCL1/PDGFRB/LEF1/CXCL5/ACKR2/CXCL3/CCL5/IL23A/GPR18/CNR2/THBS4/FGF18/CXCL6/S100A9/LOX/CXCL12/PGF/VEGFA/CCL23/S100A8/CXCR2/CCR8/F7/SERPINE1/MMP2/PDGFB/CXCL11/CXCR1/CXCL17/PDGFD/XCL2/FFAR2/CSF3R/CXCL2/CCR2/KIT/CXCR5/DPEP1/PPBP/CCL24/FGF1/EDN3/EPHB1/VEGFD/PTN/PADI2/CXCL13/CCR3/EDN2/SMOC2/PF4/CCR9/TRPV4/CCL20/CYP19A1/TNFSF11/MMP28/CCL7/TGFB2/CCL3L1/CCL3L3",72
"GO:0006935","GO:0006935","chemotaxis","93/1935","474/18860",0.19620253164557,1.91234095443692,6.80202446632238,5.2231700119919e-10,1.50296717095067e-07,1.20545265803076e-07,"TREM1/PLAU/ANGPT2/CXCL8/ANOS1/UNC5C/ROBO2/WNT5A/FOSL1/IL1B/TNFAIP6/STAP1/IL6/IL16/IL6R/MET/FPR1/FPR2/CXCL1/PDGFRB/ITGA2/LEF1/CXCL5/ACKR2/CXCL3/CCL5/IL23A/WNT7B/GPR18/CNR2/THBS4/FGF18/CXCL6/S100A9/LOX/CXCL12/PTGDR2/PGF/VEGFA/NRP2/CCL23/S100A8/CXCR2/CCR8/F7/SERPINE1/MMP2/P2RY12/PDGFB/CXCL11/CXCR1/CXCL17/PDGFD/SEMA6D/XCL2/FFAR2/CSF3R/PROK2/CXCL2/CCR2/KIT/CXCR5/DPEP1/NTN1/PPBP/CCL24/RNASE2/FGF1/EDN3/EPHB1/VEGFD/PTN/PADI2/CXCL13/CCR3/CMTM2/EDN2/SMOC2/PF4/CCR9/TRPV4/SERPIND1/CCL20/CYP19A1/TNFSF11/WNT3/MMP28/CCL7/TGFB2/DEFB1/CCL3L1/CCL3L3/SEMA3D",93
"GO:0022617","GO:0022617","extracellular matrix disassembly","27/1935","72/18860",0.375,3.65503875968992,7.63189372687309,7.90033237285711e-10,2.16506727646632e-07,1.73648909548764e-07,"MMP1/FAP/MMP3/PDPN/MMP11/MMP14/SH3PXD2B/PRSS2/MMP13/MMP10/CARMIL2/IL6/MMP7/KLK7/ADAMTS4/MMP8/FSCN1/MMP12/CTSK/MMP2/MMP9/CTSV/TMPRSS6/HPN/MMP20/MELTF/TGFB2",27
"GO:0050853","GO:0050853","B cell receptor signaling pathway","28/1935","78/18860",0.358974358974359,3.49884052209634,7.47739631296869,1.23994146938751e-09,3.17985607509501e-07,2.55039899205115e-07,"SLC39A10/STAP1/PLCL2/PLCG2/KLHL6/CD79A/BLK/BCL2/CD79B/CD19/IGHA2/IGHG1/CD22/FCMR/IGLC3/IGKC/PRKCB/MS4A1/FCRL3/IGHA1/IGLC7/IGHG3/BANK1/IGLC6/BMX/IGHG4/IGHM/IGHD",28
"GO:0061844","GO:0061844","antimicrobial humoral immune response mediated by antimicrobial peptide","39/1935","135/18860",0.288888888888889,2.81573356302038,7.15885504408168,1.27083735407794e-09,3.17985607509501e-07,2.55039899205115e-07,"CXCL8/KRT6A/MMP7/REG1B/CXCL1/KLK7/CXCL5/CXCL3/CCL5/CXCL6/S100A9/CXCL12/CCL23/REG1A/IL17A/TSLP/CXCL11/XCL2/CXCL2/NPY/LGALS4/DEFA6/PPBP/CCL24/REG3A/CXCL13/DMBT1/PF4/KNG1/H2BC6/CCL20/H2BC7/CCL7/DEFB1/CCL3L1/CCL3L3/IL17F/PGC/REG3G",39
"GO:0002460","GO:0002460","adaptive immune response based on somatic recombination of immune receptors built from immunoglobulin superfamily domains","81/1935","402/18860",0.201492537313433,1.96390142311697,6.60524306016712,1.90928384833914e-09,4.5783035613299e-07,3.67202178726629e-07,"SLC11A1/CFI/IL1B/ULBP1/LY9/IL6/RAET1L/RIPK2/IL6R/TNFSF4/LEF1/APLF/IL23A/FCGR3B/CD27/ASCL2/KLHL6/ULBP2/AZGP1/FCGR3A/IRF4/ULBP3/FCGR1A/CR2/FOXP3/CD19/IGHA2/CD55/IGHG1/FCMR/CD8A/IGLC2/ZP3/IGLC3/IGHV3-49/IGKC/CD7/EXO1/IGHV3-64/GZMM/IGHV3-7/CCR2/TBX21/IGHV1-18/KLRC1/FCER2/IGHA1/IGHV3-74/IGHV2-5/IGLL5/IGHV3-23/IGHV1-45/IGLC7/IGHG3/IL2/CXCL13/SECTM1/RAET1G/CEACAM1/IGHV3-13/IGHV4-61/IGHV1-69/IGHV3-43/IGHV4-59/IGLC6/IGHV4-34/IGHV1-58/IGHV3-66/C4BPB/AICDA/IGHG4/CLC/IGHV2-26/RAET1E/IGHV4-28/IGHV5-51/IGHD/IGHV4-4/IGHV3-73/IGHV3-20/IGHV4-39",81
"GO:0030574","GO:0030574","collagen catabolic process","20/1935","45/18860",0.444444444444444,4.33189778926213,7.56626054424295,3.82739317599132e-09,8.81065909113203e-07,7.06657645335661e-07,"MMP1/FAP/MMP3/MMP11/MMP14/PRSS2/KLK6/MMP13/MMP10/ADAMTS2/MMP7/MMP8/MMP12/CTSK/MMP2/MMP9/TMPRSS6/MMP20/MMP16/MMP28",20
"GO:0006816","GO:0006816","calcium ion transport","85/1935","439/18860",0.193621867881549,1.88718781821499,6.35955466976228,5.58764081830061e-09,1.23680280420462e-06,9.91975910455392e-07,"CEMIP/EDNRA/DHRS7C/STC1/F2R/CACNG8/SLC35G1/IL16/PLCL2/CDH23/PDGFRB/THY1/GRIN2D/RAMP1/TRPV3/GRIN2B/CCL5/NTSR1/CACNA1C/CYP27B1/PLCG2/NCS1/PLPP4/CBARP/HOMER1/STC2/CXCL12/TMEM37/PLCE1/CNGB1/OPRD1/BCL2/NOS3/CACNA1D/GRIN3A/ADRA2A/PLCB4/PDGFB/CD19/CXCL11/P2RX1/TRPM6/JPH1/TRPV6/HOMER2/GSTM2/RYR1/GRIN2A/P2RX6/SLC8A3/PRKCB/PKD1L2/MS4A1/FCRL3/LILRA5/NPSR1/FASLG/P2RX2/PLCB1/ATP1A2/ANK2/GCG/DRD2/ATP2B2/BHLHA15/GPER1/NALF2/SLN/RGS9/TRPV4/CATSPER1/TRPV1/RYR2/CAMK2B/ASIC1/RGS4/CALHM1/CACNG4/CALML3/CACNA1A/FFAR1/CACNG7/CAV3/JPH4/MCOLN2",85
"GO:0048754","GO:0048754","branching morphogenesis of an epithelial tube","42/1935","166/18860",0.253012048192771,2.46605024750163,6.4148610940078,2.29235813373526e-08,4.79806612044828e-06,3.84828203176473e-06,"WNT2/EDNRA/MMP14/WNT5A/TNC/TACSTD2/MSX2/SIX4/MET/LEF1/COL4A1/SOX9/SIX1/MYC/VEGFA/BMP2/CELSR1/AGT/BCL2/NOTCH4/TCF21/WT1/BMP7/LAMA1/GDF7/TBX20/GBX2/SHH/RSPO2/AREG/FGF1/ESR1/CITED1/SALL1/ADAMTS16/FOXD1/HHIP/FGFR2/CAV3/FOXC2/TMEM59L/WNT1",42
"GO:0060993","GO:0060993","kidney morphogenesis","30/1935","98/18860",0.306122448979592,2.98370510995096,6.6571150152467,2.33441965894964e-08,4.79806612044828e-06,3.84828203176473e-06,"KIF26B/TACSTD2/SIX4/SOX4/SOX9/SIX1/WNT7B/MYC/VEGFA/BMP2/AGT/BCL2/HES5/TCF21/WT1/BMP7/CALB1/SHH/WNT11/FGF1/CITED1/IRX3/SALL1/IRX2/ADAMTS16/GCNT4/FOXD1/GCNT3/TMEM59L/WNT1",30
"GO:0061326","GO:0061326","renal tubule development","31/1935","104/18860",0.298076923076923,2.90528721924071,6.5878315846578,2.74911475491939e-08,5.45557083260727e-06,4.37563274058858e-06,"KIF26B/ACAT1/TACSTD2/SIX4/LGR5/COL4A1/SOX9/SIX1/WNT7B/MYC/VEGFA/BMP2/AGT/BCL2/HEYL/HES5/TCF21/WT1/CALB1/SHH/WNT11/FGF1/CITED1/IRX3/SALL1/IRX2/ADAMTS16/FOXD1/POU3F3/TMEM59L/WNT1",31
"GO:0030595","GO:0030595","leukocyte chemotaxis","53/1935","237/18860",0.223628691983122,2.17965743193886,6.17932070789831,3.48514614432494e-08,6.65991864988852e-06,5.34157817545588e-06,"TREM1/CXCL8/WNT5A/IL1B/TNFAIP6/STAP1/IL6/IL16/IL6R/FPR2/CXCL5/CXCL3/CCL5/IL23A/GPR18/CNR2/THBS4/CXCL6/S100A9/CXCL12/PGF/VEGFA/CCL23/S100A8/CXCR2/F7/SERPINE1/MMP2/PDGFB/CXCL11/CXCR1/CXCL17/FFAR2/CSF3R/CCR2/KIT/CXCR5/DPEP1/PPBP/CCL24/EDN3/VEGFD/PTN/PADI2/CXCL13/EDN2/PF4/TRPV4/CYP19A1/TNFSF11/MMP28/CCL7/TGFB2",53
"GO:0098739","GO:0098739","import across plasma membrane","50/1935","218/18860",0.229357798165138,2.23549771234858,6.20382326118313,3.58744531966193e-08,6.65991864988852e-06,5.34157817545588e-06,"SLC6A6/SLC39A10/KCNJ15/SLC36A1/SLC7A1/TRPV3/NTSR1/SLC7A11/SLC17A8/CACNA1C/SLC6A20/SLC2A5/SLC47A1/SLC7A5/LRRC8E/ATP1B2/SLC38A5/SLC22A4/CACNA1D/SLC2A1/KCNK9/SLC5A6/P2RX1/TRPV6/HCN1/AQP8/KCNH2/SLC1A1/SLC8A3/PCSK9/MS4A1/ATP12A/SLC9A2/SLC39A12/ATP1A2/ABCC8/ANK2/NALF2/KCNE2/LCN2/SLC6A14/TRPV4/TRPV1/SCNN1G/RGS4/SLC22A2/CACNA1A/SCNN1B/SLC9A3/SLC30A8",50
"GO:0046887","GO:0046887","positive regulation of hormone secretion","40/1935","157/18860",0.254777070063694,2.4832535097681,6.31022798284076,3.99458909149839e-08,7.18401881924163e-06,5.76193196257251e-06,"INHBA/PDX1/SOX11/F2RL2/SOX4/APLN/TFR2/SPP1/NMU/BLK/HCAR2/NNAT/VSNL1/NMB/FFAR2/PRKCB/P2RY1/BMP6/EDN3/INHBB/PLCB1/KISS1/RASL10B/NR1H4/UCN3/ABCC8/GCG/DRD2/GPER1/CYP19A1/TNFSF11/GPLD1/MLXIPL/ECRG4/FFAR1/GAL/GALR1/GRP/LEP/SLC30A8",40
"GO:0048732","GO:0048732","gland development","84/1935","454/18860",0.185022026431718,1.80336714134481,5.85865276181431,5.83128374082322e-08,1.01694054328599e-05,8.15635700271446e-06,"SULF1/WNT2/EDNRA/PDX1/TG/STRA6/WNT5A/TNC/ACAT1/MSX2/SIX4/APLN/IL6/MET/NME1/ITGA2/LEF1/CEBPB/SOX9/CRIPTO/SIX1/WNT7B/ALDH1A3/SERPINB5/BRCA2/VEGFA/SLC7A5/IQGAP3/HOXD3/BMP2/BCL2/NOTCH4/SLC22A4/INSM1/E2F7/MMP2/TCF21/SERPINE2/WT1/BMP7/LAMA1/ALOX15B/GDF7/FLT3/PCK1/HMGCS2/AURKA/PCSK9/CLDN1/SHH/AREG/WNT11/UGT1A10/CDKN2A/UGT1A8/NTN1/OXTR/EPHB3/INHBB/NEURL1/ASCL1/IGFBP5/PTN/HPN/ESR1/CPS1/SALL1/DRD2/MESP1/CEACAM1/SLC29A1/CYP19A1/NODAL/TNFSF11/WNT3/NKX2-3/TGFB2/FGFR2/UGT1A7/CAV3/UGT1A9/OTC/WNT1/ELF5",84
"GO:0061333","GO:0061333","renal tubule morphogenesis","26/1935","81/18860",0.320987654320988,3.12859284780043,6.49133994483793,6.80667554233393e-08,1.15212993370976e-05,9.24064156443786e-06,"KIF26B/TACSTD2/SIX4/LGR5/COL4A1/SOX9/SIX1/MYC/VEGFA/BMP2/AGT/BCL2/HES5/TCF21/WT1/SHH/WNT11/FGF1/CITED1/IRX3/SALL1/IRX2/ADAMTS16/FOXD1/TMEM59L/WNT1",26
"GO:0097529","GO:0097529","myeloid leukocyte migration","52/1935","237/18860",0.219409282700422,2.13853182001548,5.96389516273355,9.00953266963554e-08,1.48142458610721e-05,1.18817445883765e-05,"TREM1/CXCL8/MMP14/IL1B/TNFAIP6/STAP1/CNN2/IL6/IL6R/FPR2/CXCL5/CXCL3/CCL5/IL23A/THBS4/CXCL6/S100A9/CXCL12/PGF/VEGFA/CCL23/S100A8/CXCR2/SERPINE1/IL17A/MMP2/P2RY12/PDGFB/CXCR1/CXCL17/PDGFD/CSF3R/CCR2/KIT/DPEP1/PPBP/CCL24/EDN3/VEGFD/CD200R1/PLCB1/CXCL13/TRIM55/EDN2/PF4/TRPV4/CYP19A1/TNFSF11/MMP28/CCL7/TGFB2/MCOLN2",52
"GO:0072080","GO:0072080","nephron tubule development","29/1935","99/18860",0.292929292929293,2.85511445201368,6.2574269827499,1.16426117574819e-07,1.86120085178634e-05,1.49277346656602e-05,"KIF26B/ACAT1/TACSTD2/SIX4/SOX9/SIX1/WNT7B/MYC/VEGFA/BMP2/AGT/BCL2/HEYL/HES5/TCF21/WT1/CALB1/SHH/WNT11/FGF1/CITED1/IRX3/SALL1/IRX2/ADAMTS16/FOXD1/POU3F3/TMEM59L/WNT1",29
"GO:0050886","GO:0050886","endocrine process","30/1935","105/18860",0.285714285714286,2.78479143595423,6.20096192816714,1.30805276283294e-07,2.00325233921709e-05,1.60670565777437e-05,"INHBA/ANPEP/CORIN/F2R/IL1B/APLN/SPP1/CRHBP/HCAR2/AGT/NOS3/KCNK9/TRPV6/PCSK5/BMP6/OXTR/AVPR1B/EDN3/INHBB/KISS1/RASL10B/HSD11B2/EDN2/MME/CYP19A1/FOXD1/ECRG4/GAL/GALR1/LEP",30
"GO:0072009","GO:0072009","nephron epithelium development","33/1935","122/18860",0.270491803278689,2.63642140043208,6.13124858745956,1.32273829522588e-07,2.00325233921709e-05,1.60670565777437e-05,"KIF26B/EDNRA/PODXL/ACAT1/TACSTD2/SIX4/SOX9/SIX1/WNT7B/MYC/VEGFA/BMP2/AGT/BCL2/HEYL/HES5/TCF21/WT1/CALB1/SHH/WNT11/FGF1/ADIPOQ/CITED1/IRX3/SALL1/IRX2/ADAMTS16/FOXD1/POU3F3/FOXC2/TMEM59L/WNT1",33
"GO:0046942","GO:0046942","carboxylic acid transport","69/1935","356/18860",0.193820224719101,1.88912115669367,5.72649135988272,1.4509034613918e-07,2.14101267187432e-05,1.71719613446776e-05,"SLC6A6/SLC11A1/SLCO4A1/ABCG2/TTYH3/F2R/IL1B/SLC36A1/SLC7A1/ABCC2/NTSR1/SLC7A11/SLC27A6/SLC17A8/ABCB11/SLC26A2/SLC6A20/SLC47A1/SLC22A3/SLC7A5/SLC23A1/LRRC8E/SLC13A3/NMB/SLC38A5/SLC22A4/SLC2A1/SLC5A6/PTGS2/SLC51B/SLC1A1/PLA2G2D/SLC17A7/ABCD2/FOLR2/SLC26A3/FABP1/FABP6/SLC7A5P1/ERFE/AVPR1B/PIANP/CLDN2/ATP1A2/NR1H4/ABCC8/DRD2/FABP4/SLC6A14/CEACAM1/FABP2/SLC16A9/CRABP2/SLC5A8/FOLR1/SLC10A2/TNFSF11/AKR1C4/RGS4/SLC22A2/KCNK2/SLC1A7/SLCO1A2/CRABP1/SLC3A1/SLC51A/SLC10A1/RBP1/LEP",69
"GO:0015849","GO:0015849","organic acid transport","69/1935","357/18860",0.19327731092437,1.88382950079256,5.70055320473543,1.62180731268796e-07,2.3333752711298e-05,1.87148028056229e-05,"SLC6A6/SLC11A1/SLCO4A1/ABCG2/TTYH3/F2R/IL1B/SLC36A1/SLC7A1/ABCC2/NTSR1/SLC7A11/SLC27A6/SLC17A8/ABCB11/SLC26A2/SLC6A20/SLC47A1/SLC22A3/SLC7A5/SLC23A1/LRRC8E/SLC13A3/NMB/SLC38A5/SLC22A4/SLC2A1/SLC5A6/PTGS2/SLC51B/SLC1A1/PLA2G2D/SLC17A7/ABCD2/FOLR2/SLC26A3/FABP1/FABP6/SLC7A5P1/ERFE/AVPR1B/PIANP/CLDN2/ATP1A2/NR1H4/ABCC8/DRD2/FABP4/SLC6A14/CEACAM1/FABP2/SLC16A9/CRABP2/SLC5A8/FOLR1/SLC10A2/TNFSF11/AKR1C4/RGS4/SLC22A2/KCNK2/SLC1A7/SLCO1A2/CRABP1/SLC3A1/SLC51A/SLC10A1/RBP1/LEP",69
"GO:0001704","GO:0001704","formation of primary germ layer","35/1935","135/18860",0.259259259259259,2.52694037706958,6.02023614203236,1.74439481402035e-07,2.4485346718749e-05,1.96384371231816e-05,"COL11A1/INHBA/COL8A1/COL5A2/MMP14/COL12A1/DUSP4/COL7A1/WNT5A/APELA/COL5A1/SNAI1/ITGA2/LEF1/MMP8/KLF4/ITGA8/MMP2/BMP7/MMP9/TBX20/WNT11/COL4A2/MIXL1/HAND1/MESP1/TLX2/NODAL/WNT3/DKK1/FN1/FGFR2/ITGA5/FOXC2/ELF5",35
"GO:0019722","GO:0019722","calcium-mediated signaling","52/1935","242/18860",0.214876033057851,2.09434727827963,5.79337723426744,1.82345270400765e-07,2.49856435989619e-05,2.0039699516475e-05,"CXCL8/SPHK1/FPR2/SELE/PDGFRB/GRIN2D/ACKR2/GRIN2B/LMCD1/CACNA1C/PLCG2/PTGDR2/PLCE1/CXCR2/CD3E/TRAT1/CCR8/FCGR3A/TBC1D10C/P2RY12/ZAP70/CD22/TNNI3/P2RX1/PCP4/CXCR1/JPH1/HOMER2/GSTM2/RYR1/GRIN2A/CHP2/RCAN2/CCR2/CXCR5/GRIA3/P2RX2/ATP1A2/ANK2/CCR3/EDN2/BHLHA15/CCR9/TRPV1/RYR2/CCL20/TNFSF11/TMEM100/CALML3/DEFB1/JPH4/MCOLN2",52
"GO:0007204","GO:0007204","positive regulation of cytosolic calcium ion concentration","40/1935","166/18860",0.240963855421687,2.34861928333489,5.90102923555082,2.03332634583985e-07,2.72134723728101e-05,2.182652638068e-05,"EDNRA/F2R/FPR1/FPR2/ADCY5/ACKR2/CACNA1C/NMU/CXCR2/CCR8/BCL2/NMB/P2RY4/CD55/CXCR1/JPH1/SLC8A3/RIC3/PROK2/P2RY1/CCR2/CXCR5/AVPR1B/P2RX2/ESR1/ADRA1A/IL2/CXCL13/CCR3/GPER1/KNG1/CCR9/TRPV4/RYR2/PTGDR/CACNA1A/FFAR1/CAV3/JPH4/GALR1",40
"GO:0001890","GO:0001890","placenta development","39/1935","160/18860",0.24375,2.37577519379845,5.90911087452447,2.08379012016108e-07,2.72550275943796e-05,2.18598556863788e-05,"MDFI/WNT2/STC1/FOSL1/APELA/SNAI1/LEF1/CEBPB/HSP90AB1/ITGB8/WNT7B/SPP1/CYP27B1/ASCL2/STC2/DCAF13/BMP5/PLCD3/E2F7/PDGFB/BMP7/CSF2/PTGS2/PHLDA2/VASH2/CCNF/HSD17B2/STOX2/HAND1/PTN/CITED1/MME/NODAL/PLAC1/GJB5/FGFR2/GJB3/LEP/ELF5",39
"GO:0072028","GO:0072028","nephron morphogenesis","25/1935","80/18860",0.3125,3.04586563307494,6.20025830600871,2.17240180230615e-07,2.77826052717153e-05,2.22829986037719e-05,"KIF26B/TACSTD2/SIX4/SOX9/SIX1/MYC/VEGFA/BMP2/AGT/BCL2/HES5/TCF21/WT1/BMP7/SHH/WNT11/FGF1/CITED1/IRX3/SALL1/IRX2/ADAMTS16/FOXD1/TMEM59L/WNT1",25
"GO:0046883","GO:0046883","regulation of hormone secretion","56/1935","272/18860",0.205882352941176,2.00668794649643,5.65455542123156,2.81223101987915e-07,3.49837929188609e-05,2.80587008000741e-05,"INHBA/IL11/OSM/PDX1/SOX11/IL1B/F2RL2/SOX4/APLN/IL6/ADCY5/TFR2/CCL5/SPP1/CRHBP/NMU/BLK/HCAR2/NNAT/AGT/VSNL1/NMB/KCNK9/ADRA2A/FFAR2/PRKCB/P2RY1/BMP6/EDN3/INHBB/PLCB1/KISS1/ADIPOQ/RASL10B/ABCA12/NR1H4/UCN3/ABCC8/GCG/DRD2/GPER1/BRSK2/CYP19A1/TNFSF11/GPLD1/EPHA5/MLXIPL/FFAR3/ECRG4/FFAR1/ADRA2C/GAL/GALR1/GRP/LEP/SLC30A8",56
"GO:0007156","GO:0007156","homophilic cell adhesion via plasma membrane adhesion molecules","40/1935","168/18860",0.238095238095238,2.32065952996186,5.81370646716057,2.85706041213981e-07,3.49837929188609e-05,2.80587008000741e-05,"CELSR3/CDH11/ROBO2/DSG3/CDH3/DSG4/PCDH17/CDH23/PCDHGA1/PTK7/CDH6/PCDHB9/PCDHB14/CELSR1/DSC3/PCDH11X/PCDH11Y/PCDH19/DSG1/CNTN4/NECTIN4/PCDHGB4/CDH8/PCDHB10/MYPN/PCDHB16/PCDH9/PCDHA3/CDHR2/CEACAM1/CDH16/CDHR5/PCDHA1/CDH22/PCDHGB5/PCDHB8/CDH19/PCDHA13/CNTN2/DCHS2",40
"GO:0072078","GO:0072078","nephron tubule morphogenesis","24/1935","76/18860",0.31578947368421,3.07792737658099,6.13731759107355,3.03830336702398e-07,3.64279914108813e-05,2.92170181236846e-05,"KIF26B/TACSTD2/SIX4/SOX9/SIX1/MYC/VEGFA/BMP2/AGT/BCL2/HES5/TCF21/WT1/SHH/WNT11/FGF1/CITED1/IRX3/SALL1/IRX2/ADAMTS16/FOXD1/TMEM59L/WNT1",24
"GO:0009914","GO:0009914","hormone transport","66/1935","343/18860",0.192419825072886,1.87547178339774,5.5327287172512,3.5447208047355e-07,4.16323841454139e-05,3.33911938319338e-05,"INHBA/IL11/SLCO4A1/OSM/PDX1/ILDR2/SOX11/IL1B/F2RL2/SOX4/APLN/IL6/ADCY5/TFR2/CCL5/SPP1/SLC17A4/CRHBP/NMU/BLK/HCAR2/NNAT/SLC7A5/AGT/VSNL1/NMB/KCNK9/ADRA2A/TRPV6/FFAR2/PRKCB/P2RY1/BMP6/GPR119/EDN3/INHBB/IL1RN/PLCB1/KISS1/ADIPOQ/RASL10B/ABCA12/NR1H4/UCN3/ABCC8/GCG/DRD2/GPER1/TRPV4/BRSK2/CYP19A1/FOXD1/SERPINA7/TNFSF11/GPLD1/EPHA5/MLXIPL/FFAR3/ECRG4/FFAR1/ADRA2C/GAL/GALR1/GRP/LEP/SLC30A8",66
"GO:0015711","GO:0015711","organic anion transport","83/1935","466/18860",0.178111587982833,1.7360126870058,5.43970870634911,3.75352742575479e-07,4.32031006704376e-05,3.46509847619679e-05,"BEST4/SLC6A6/SLC11A1/SLCO4A1/ABCG2/TTYH3/F2R/IL1B/SLC39A10/SLC36A1/SLC7A1/ABCC2/NTSR1/SLC7A11/SLC27A6/G6PC1/SLC35D3/SLC17A8/ABCB11/SLC26A2/SLC17A4/SLC6A20/SLC4A11/SLC2A5/SLC47A1/SLC22A3/SLC7A5/SLC23A1/LRRC8E/SLC13A3/NMB/SLC38A5/SLC22A4/SLC2A1/SLC5A6/PTGS2/SLC51B/SLC1A1/SLCO5A1/PLA2G2D/SLC17A7/ABCD2/FOLR2/SLC26A3/SLC4A4/FABP1/FABP6/CA4/SLC7A5P1/ERFE/AVPR1B/PIANP/CLDN2/SLC39A12/ATP1A2/NR1H4/ABCC8/DRD2/FABP4/SLC6A14/CEACAM1/FABP2/SLC16A9/CRABP2/SLC5A8/FOLR1/SLC10A2/TNFSF11/AKR1C4/RGS4/SLC17A9/SLC22A2/KCNK2/SLC1A7/CALHM1/SLCO1A2/CRABP1/SLC3A1/SLC52A1/SLC51A/SLC10A1/RBP1/LEP",83
"GO:0060562","GO:0060562","epithelial tube morphogenesis","66/1935","344/18860",0.191860465116279,1.87001983053903,5.50643178158284,3.95548495893948e-07,4.46349332131308e-05,3.5799383993704e-05,"CTHRC1/KIF26B/ADAMTS12/WNT2/EDNRA/MMP14/PODXL/WNT5A/TNC/TACSTD2/SALL4/MSX2/MTHFD1L/SIX4/LGR5/MET/LEF1/COL4A1/PTK7/SOX9/SIX1/MYC/TWIST1/VEGFA/BMP2/CELSR1/BMP5/AGT/BCL2/NOTCH4/HES5/TCF21/WT1/BMP7/LAMA1/GDF7/GRHL3/TBX20/GBX2/SHH/RSPO2/AREG/WNT11/NTN1/FGF1/HAND1/SLC39A12/ESR1/CITED1/IRX3/SALL1/IRX2/LCN2/MESP1/ADAMTS16/FOLR1/RYR2/NODAL/FOXD1/HHIP/TGFB2/FGFR2/CAV3/FOXC2/TMEM59L/WNT1",66
"GO:0032963","GO:0032963","collagen metabolic process","31/1935","116/18860",0.267241379310345,2.60474026552615,5.86189564808033,4.20885565125835e-07,4.65807005249843e-05,3.73599838679512e-05,"MMP1/INHBA/FAP/MMP3/COL1A1/MMP11/COL1A2/MMP14/PRSS2/F2R/KLK6/MMP13/RUNX1/MMP10/COL5A1/ADAMTS2/IL6/IL6R/SERPINH1/MMP7/ITGA2/MMP8/SERPINB7/MMP12/CTSK/MMP2/MMP9/TMPRSS6/MMP20/MMP16/MMP28",31
"GO:0042060","GO:0042060","wound healing","81/1935","453/18860",0.178807947019868,1.7427999383952,5.41084296814841,4.39085784354699e-07,4.76780884709677e-05,3.8240142291864e-05,"FAP/PDPN/SLC11A1/PLAU/ANGPT2/TNFRSF12A/ODAM/IL1A/COMP/F2R/WNT5A/COL3A1/CCN4/MSX2/F2RL2/COL5A1/CNN2/CARMIL2/IL6/IL6R/KRT6A/AJUBA/ITGA2/CD44/SLC7A11/PTK7/PLCG2/GPR4/VEGFA/MMP12/FKBP10/F7/NOS3/SERPINE1/ADRA2A/TMEM97/TAFA5/P2RY12/SERPINE2/TFPI2/PDGFB/P2RX1/F5/TIMP1/TMEFF2/GRHL3/SCUBE1/P2RY1/SERPINA10/CLDN1/SHH/FERMT1/TYRO3/F13A1/REG3A/HBB/FGF1/VWF/GZMB/SELP/ANGPTL1/ANGPTL6/EREG/SMOC2/ADTRP/PF4/KNG1/CEACAM1/PRSS56/SERPIND1/DGKI/TRIM72/C4BPB/DUOX2/TGFB2/FN1/ADRA2C/CAV3/ITGA5/FOXC2/REG3G",81
"GO:0003018","GO:0003018","vascular process in circulatory system","57/1935","283/18860",0.201413427561837,1.96313035856137,5.51983347369048,4.72969845879862e-07,4.9990973407275e-05,4.00951883288492e-05,"SLC6A6/ABCG2/EDNRA/COMP/C2CD4A/F2R/HTR1D/APLN/SLC22A5/SLC7A1/ABCC2/FLVCR2/UTS2B/GPR4/PTP4A3/SLC6A20/SLC22A3/VEGFA/SLC7A5/ATP1B2/AGT/SLC13A3/NOS3/SLC38A5/HTR7/SLC2A1/PDE2A/MMP2/ADRA2A/SLC5A6/P2RX1/SLC1A1/C2CD4B/SLC4A4/P2RY1/BMP6/OXTR/HBB/AVPR1B/EDN3/ADRA1A/ATP1A2/CPS1/ABCC8/ADRB1/EDN2/GPER1/KNG1/CEACAM1/TRPV4/SLC29A1/SLC22A2/SCNN1B/ADRA2C/SH3GL2/FOXC2/LEP",57
"GO:0008217","GO:0008217","regulation of blood pressure","45/1935","203/18860",0.221674876847291,2.1606140451369,5.62147665307883,4.77759085560404e-07,4.9990973407275e-05,4.00951883288492e-05,"EDNRA/COL1A2/ANPEP/CORIN/F2R/APLN/SGK1/NTSR1/UTS2B/NMU/IER3/SLC2A5/AGT/NOS3/CYP4F12/POSTN/PDGFB/TNNI3/P2RX1/PTGS2/PCSK5/GUCA2B/NPY/OXTR/HBB/AVPR1B/EDN3/P2RX2/ADIPOQ/RASL10B/ADRA1A/ATP1A2/HSD11B2/DRD2/ADRB1/EDN2/MME/ADAMTS16/CORO2B/GCGR/SCNN1G/SCNN1B/FFAR3/KLK2/LEP",45
"GO:0009636","GO:0009636","response to toxic substance","55/1935","270/18860",0.203703703703704,1.98545315341181,5.514595308467,5.12477656632431e-07,5.25438502542982e-05,4.21427195326897e-05,"SLC11A1/AQP9/ABCG2/EDNRA/GPX8/EPHX2/SLC22A5/CCL5/SLC7A11/S100A9/SLC30A10/SLC47A1/SLC22A3/OPRD1/SLC23A1/HBA2/BCL2/NOS3/PXDN/DHRS2/LPO/NXN/CP/PTPN13/BMP7/PTGS2/TRPM6/AQP8/GSTM2/CDK1/AKR1B10/FABP1/MT2A/NHERF4/CLDN1/UGT1A10/MT1E/CCNB1/HBB/INHBB/MT1M/MT1X/CPS1/MIR186/PDZK1/DRD2/LCN2/SLC6A14/HBA1/MT1F/GPX3/SLC22A2/DUOX2/UGT1A7/MT1H",55
"GO:0072088","GO:0072088","nephron epithelium morphogenesis","24/1935","78/18860",0.307692307692308,2.99900616179686,5.98171878983371,5.2041693562033e-07,5.25438502542982e-05,4.21427195326897e-05,"KIF26B/TACSTD2/SIX4/SOX9/SIX1/MYC/VEGFA/BMP2/AGT/BCL2/HES5/TCF21/WT1/SHH/WNT11/FGF1/CITED1/IRX3/SALL1/IRX2/ADAMTS16/FOXD1/TMEM59L/WNT1",24
"GO:0007200","GO:0007200","phospholipase C-activating G protein-coupled receptor signaling pathway","36/1935","147/18860",0.244897959183673,2.38696408796077,5.70804845399098,5.33994383369182e-07,5.29851323498214e-05,4.24966492027924e-05,"EDNRA/PTH1R/F2R/WNT5A/FPR1/FPR2/SELE/BICD1/HOMER1/GPR4/PLCE1/VEGFA/OPRD1/CXCR2/AGT/P2RY4/ADRA2A/PLCB4/P2RY12/FFAR2/PRKCB/P2RY1/OXGR1/AVPR1B/GNG13/PLCB1/ESR1/ADRA1A/IL2/GPR143/DRD2/GRPR/GAP43/DGKI/FFAR1/GRP",36
"GO:0002768","GO:0002768","immune response-regulating cell surface receptor signaling pathway","71/1935","385/18860",0.184415584415584,1.79745629047955,5.34540364748723,6.93227889941493e-07,6.76190933324286e-05,5.42337965636654e-05,"SLC39A10/STAP1/RIPK2/PLCL2/FPR1/FPR2/THY1/APPL2/TRGC1/FCGR3B/PLCG2/PLPP4/IRAK2/KLHL6/CD79A/BLK/FCAR/LILRA4/CD3E/TRAT1/BCL2/FCGR3A/CD160/FCGR1A/CR2/CD79B/FOXP3/TRGC2/CD19/ZAP70/IGHA2/IGHG1/CD22/FCMR/CD8A/CD3G/BTLA/IGLC3/IGKC/FFAR2/HHLA2/CD8B/PRKCB/MS4A1/FCRL3/KIT/KLRC1/FCER2/IGHA1/THEMIS/IGLC7/CD200R1/LAX1/IGHG3/FCN3/CLEC4E/BTNL8/KLRC4/BANK1/KLRC3/CEACAM1/KLRC2/IGLC6/GPLD1/BMX/IGHG4/TNIP3/BTNL3/CLEC4D/IGHM/IGHD",71
"GO:0042886","GO:0042886","amide transport","64/1935","338/18860",0.189349112426035,1.84554225341345,5.30377633857596,9.51202343280746e-07,9.12361580930115e-05,7.31758293909837e-05,"AQP9/ABCG2/PDX1/ILDR2/IL1B/F2RL2/SOX4/APLN/IL6/MMP7/ADCY5/TFR2/CCL5/SLC7A11/CRHBP/NMU/SLC14A1/BLK/NNAT/S100A8/VSNL1/SLC13A3/SLC38A5/ADRA2A/SLC5A6/AQP8/CA2/ABCD2/FOLR2/FFAR2/PRKCB/CWH43/CLEC4M/GPR119/EDN3/INHBB/IL1RN/PLCB1/RASL10B/ABCA12/NR1H4/UCN3/ABCC8/GCG/DRD2/GPER1/ABCA13/TRPV4/TRPV1/BRSK2/FOLR1/TNFSF11/GPLD1/POU3F3/EPHA5/MLXIPL/FFAR3/ECRG4/FFAR1/ADRA2C/GAL/GRP/LEP/SLC30A8",64
"GO:0001503","GO:0001503","ossification","80/1935","455/18860",0.175824175824176,1.71371780674106,5.21074470539714,1.03463457925279e-06,9.62118844896729e-05,7.71666035917903e-05,"CTHRC1/ADAMTS12/COL1A1/STC1/COL1A2/PTH1R/CDH11/MMP14/COMP/VCAN/IBSP/ITGA11/WNT5A/SOX11/TNC/MMP13/CCN4/RUNX1/IARS1/CLEC3B/TNFAIP6/MSX2/CHRDL2/IL6/TP53INP2/SNAI1/CLEC5A/IL6R/IFITM1/LEF1/CEBPB/TFAP2A/SOX9/WNT7B/SPP1/CYP27B1/TMT1A/TWIST1/PDLIM7/FGF18/LOX/DDX21/VEGFA/BMP2/BMP5/BCL2/CYP24A1/FIGNL1/MMP2/GDPD2/BMP7/FZD9/RYR1/SHH/RSPO2/AREG/WNT11/FSTL3/BMP6/ERFE/AXIN2/IGFBP5/PTN/CITED1/IFITM5/BMP3/ADGRV1/MMP16/BGLAP/TNFSF11/WNT3/GPLD1/DKK1/FGFR2/GDF5/ZBTB16/FOXC2/IGSF10/LEP/SCUBE3",80
"GO:0050851","GO:0050851","antigen receptor-mediated signaling pathway","46/1935","215/18860",0.213953488372093,2.08535544738898,5.41184690842785,1.03651378598779e-06,9.62118844896729e-05,7.71666035917903e-05,"SLC39A10/STAP1/RIPK2/PLCL2/THY1/TRGC1/PLCG2/KLHL6/CD79A/BLK/CD3E/TRAT1/BCL2/CD160/CD79B/FOXP3/TRGC2/CD19/ZAP70/IGHA2/IGHG1/CD22/FCMR/CD8A/CD3G/IGLC3/IGKC/HHLA2/CD8B/PRKCB/MS4A1/FCRL3/IGHA1/THEMIS/IGLC7/LAX1/IGHG3/BTNL8/BANK1/CEACAM1/IGLC6/BMX/IGHG4/BTNL3/IGHM/IGHD",46
"GO:0072073","GO:0072073","kidney epithelium development","36/1935","151/18860",0.23841059602649,2.32373325119359,5.52203481666841,1.06664808313685e-06,9.74374558484537e-05,7.81495713375956e-05,"KIF26B/EDNRA/ROBO2/PODXL/ACAT1/TACSTD2/SIX4/SOX9/SIX1/WNT7B/MYC/VEGFA/BMP2/AGT/BCL2/HEYL/HES5/TCF21/WT1/BMP7/CALB1/SHH/WNT11/FGF1/ADIPOQ/CITED1/IRX3/SALL1/IRX2/ADAMTS16/FOXD1/POU3F3/FGFR2/FOXC2/TMEM59L/WNT1",36
"GO:0001656","GO:0001656","metanephros development","26/1935","92/18860",0.282608695652174,2.75452196382429,5.70399586227825,1.1115538006294e-06,9.99530019159718e-05,8.01671614434197e-05,"KIF26B/ROBO2/ACAT1/SIX4/PDGFRB/SOX9/SIX1/WNT7B/MYC/BCL2/ITGA8/HES5/TCF21/WT1/PDGFB/BMP7/CALB1/SHH/ADIPOQ/CITED1/IRX3/SALL1/IRX2/FOXD1/POU3F3/FOXC2",26
"GO:0043269","GO:0043269","regulation of monoatomic ion transport","79/1935","449/18860",0.175946547884187,1.71491053906758,5.18407954955131,1.17340304608135e-06,0.000103891300464588,8.33258681306355e-05,"CEMIP/CA7/EDNRA/DHRS7C/STC1/F2R/TESC/KCNJ15/IL16/ANK3/PDGFRB/THY1/GRIN2D/TRPV3/PRKG2/GRIN2B/CCL5/NTSR1/CACNA1C/PLPP4/CBARP/HOMER1/STC2/CXCL12/OPRD1/ATP1B2/AGT/BCL2/NOS3/CACNA1D/ADRA2A/P2RY12/SERPINE2/PDGFB/CD19/CXCL11/P2RX1/JPH1/MMP9/HOMER2/GSTM2/KCNH2/GRIN2A/FXYD5/CA2/P2RY1/PCSK9/MS4A1/FCRL3/CNTN1/LILRA5/NPSR1/EDN3/P2RX2/FXYD1/ATP1A2/LRRC55/PDZK1/ABCC8/ANK2/GCG/DRD2/GPER1/SLN/KCNE2/LCN2/RGS9/RYR2/CAMK2B/RGS4/FXYD4/FXYD3/CALHM1/CALML3/FFAR1/CAV3/JPH4/GAL/LEP",79
"GO:0031589","GO:0031589","cell-substrate adhesion","68/1935","369/18860",0.184281842818428,1.79615274188918,5.22233653734649,1.21660947260203e-06,0.000106084659315525,8.50850484427413e-05,"PDPN/COL8A1/ADAMTS12/COL1A1/PLAU/EGFL6/ANGPT2/TNFRSF12A/CDH11/MMP14/ITGA11/COL3A1/TACSTD2/TESK2/FUT1/ACTN1/AJUBA/ITGA2/THY1/LEF1/ADAMTS9/ITGBL1/GCNT2/CD44/NID2/ITGB8/ITGAL/VEGFA/HACD1/MMP12/HOXD3/CD96/ANTXR1/ITGB7/ATP1B2/CD3E/BCL2/ITGA8/SERPINE1/VWA2/POSTN/PDGFB/KIF14/VWC2/COL5A3/EDIL3/ITGAD/NPY/SPOCK1/CDKN2A/FERMT1/TYRO3/ABI3BP/EPHB3/VWF/EPHB1/MSLN/LYVE1/OLFM4/CORO2B/MELTF/VIT/NEXMIF/FAM107A/FN1/ITGA5/MSLNL/WNT1",68
"GO:0048568","GO:0048568","embryonic organ development","82/1935","472/18860",0.173728813559322,1.69329479262471,5.15771292870835,1.25028150328775e-06,0.00010739358285703,8.61348686868309e-05,"COL11A1/CTHRC1/MFAP2/MDFI/WNT2/CXCL8/EDNRA/MMP14/TEAD4/PRRX1/STRA6/WNT5A/SOX11/SPARC/TBX15/APELA/MTHFD1L/SIX4/CDH23/SNAI1/LEF1/CEBPB/TFAP2A/PTK7/SOX9/SIX1/WNT7B/MYC/TWIST1/ASCL2/ALDH1A3/USH1G/OTX1/VEGFA/HOXD3/BMP5/ITGA8/PLCD3/E2F7/MYO3A/TCF21/PDGFB/BMP7/CSF2/VASH2/PCSK5/GRHL3/TBX20/PDZD7/GBX2/HOXB8/SHH/KIT/WNT11/TBX18/NTN1/HOXD4/SLITRK6/HAND1/HPN/CITED1/PAX5/SALL1/EN2/HMX2/MESP1/RNF112/FOXF2/FOLR1/RYR2/NODAL/MMP16/TMIE/GJB5/HMX3/TGFB2/FGFR2/NKX3-2/FOXC2/WNT1/CIMAP3/ELF5",82
"GO:0030199","GO:0030199","collagen fibril organization","22/1935","71/18860",0.309859154929577,3.02012592349965,5.76622067851001,1.34515999325378e-06,0.000113844055311404,9.1308460842381e-05,"COL11A1/ADAMTS12/COL1A1/MMP11/COL5A2/COL1A2/COMP/COL12A1/COL3A1/LOXL2/P4HA3/COL5A1/ADAMTS2/SERPINH1/LOX/FKBP10/PXDN/COL5A3/LUM/AEBP1/TGFB2/FOXC2",22
"GO:0051781","GO:0051781","positive regulation of cell division","27/1935","99/18860",0.272727272727273,2.65821000704722,5.59325492284324,1.49646148189822e-06,0.000124813562729337,0.00010010653849159,"OSM/IL1A/CDC14A/IL1B/MACC1/CDC6/CDC25B/THBS4/PGF/ECT2/VEGFA/PDGFB/KIF14/PDGFD/BIRC5/SHH/CXCR5/PPBP/FGF1/VEGFD/PTN/EREG/DRD2/FGF5/TGFB2/FGFR2/MRGPRX2",27
"GO:0090596","GO:0090596","sensory organ morphogenesis","58/1935","300/18860",0.193333333333333,1.88437553832903,5.22088153887979,1.52277235951804e-06,0.000125193641843233,0.000100411380398295,"COL11A1/CTHRC1/COL8A1/COL5A2/MFAP2/WNT2/EDNRA/PRRX1/STRA6/WNT5A/SOX11/SPARC/SIX4/SOX4/COL5A1/CDH23/FJX1/THY1/ADAMTS9/TFAP2A/PTK7/SOX9/SIX1/MYC/TWIST1/ALDH1A3/USH1G/OTX1/VEGFA/BCL2/NKD1/ITGA8/MYO3A/RAB37/BMP7/HCN1/SLC1A1/CALB1/THRB/GRHL3/PDZD7/GBX2/TBX18/NTN1/SLITRK6/EPHB1/FASLG/HPN/VSX1/HMX2/FOXF2/OLFM3/TMIE/HMX3/FGFR2/NKX3-2/GNGT1/WNT1",58
"GO:0042573","GO:0042573","retinoic acid metabolic process","14/1935","33/18860",0.424242424242424,4.13499334429567,6.09450598727608,1.69580244657082e-06,0.00013745553633824,0.000110246015244078,"UGT1A1/CYP3A4/ALDH1A3/UGT1A8/ADH6/ADH1B/CYP3A7/CRABP2/ADH1A/UGT1A7/ADH1C/UGT1A9/RBP1/CYP2W1",14
"GO:0061138","GO:0061138","morphogenesis of a branching epithelium","43/1935","199/18860",0.21608040201005,2.10608598548297,5.30375492080476,1.74948562965908e-06,0.000139837358315111,0.000112156352135308,"SULF1/WNT2/EDNRA/MMP14/WNT5A/TNC/TACSTD2/MSX2/SIX4/MET/LEF1/COL4A1/SOX9/SIX1/MYC/VEGFA/BMP2/CELSR1/AGT/BCL2/NOTCH4/TCF21/WT1/BMP7/LAMA1/GDF7/TBX20/GBX2/SHH/RSPO2/AREG/FGF1/ESR1/CITED1/SALL1/ADAMTS16/FOXD1/HHIP/FGFR2/CAV3/FOXC2/TMEM59L/WNT1",43
"GO:0060675","GO:0060675","ureteric bud morphogenesis","21/1935","67/18860",0.313432835820896,3.05495776929307,5.69741325988089,1.88995049664905e-06,0.000148152873066969,0.000118825798783421,"KIF26B/TACSTD2/SIX4/SOX9/SIX1/MYC/VEGFA/BMP2/AGT/BCL2/TCF21/WT1/SHH/WNT11/FGF1/CITED1/SALL1/ADAMTS16/FOXD1/TMEM59L/WNT1",21
"GO:0002685","GO:0002685","regulation of leukocyte migration","48/1935","233/18860",0.206008583690987,2.00791828858502,5.23440479336505,1.90956475784154e-06,0.000148152873066969,0.000118825798783421,"CXCL8/MMP14/WNT5A/TNFAIP6/STAP1/CNN2/IL6/GDF15/SPNS2/IL6R/FPR2/SELE/ITGA2/THY1/CCL5/IL23A/GPR18/THBS4/ASCL2/CXCL12/PGF/VEGFA/BMP5/F7/SERPINE1/P2RY12/ZP3/CXCL17/PDGFD/CCR2/JAM2/CCL24/EDN3/VEGFD/SELP/CD200R1/PTN/PLCB1/LYVE1/PADI2/CXCL13/EDN2/ADTRP/TRPV4/CCL20/CYP19A1/MMP28/CCL7",48
"GO:0002526","GO:0002526","acute inflammatory response","29/1935","112/18860",0.258928571428571,2.52371723883352,5.46854003863246,1.98407075414463e-06,0.000148152873066969,0.000118825798783421,"OSM/IL1A/C2CD4A/IL1B/CREB3L3/IL6/IL6R/TNFSF4/CEBPB/FCGR3B/DNASE1L3/FCGR3A/FCGR1A/IGHG1/PTGS2/ZP3/PLA2G2D/C2CD4B/FFAR2/NPY/REG3A/IL1RN/LCN2/TRPV1/TNFSF11/FFAR3/FN1/SAA2/REG3G",29
"GO:0003073","GO:0003073","regulation of systemic arterial blood pressure","29/1935","112/18860",0.258928571428571,2.52371723883352,5.46854003863246,1.98407075414463e-06,0.000148152873066969,0.000118825798783421,"ANPEP/CORIN/F2R/APLN/NTSR1/NMU/IER3/SLC2A5/AGT/NOS3/CYP4F12/POSTN/PDGFB/TNNI3/PCSK5/OXTR/AVPR1B/EDN3/P2RX2/RASL10B/ADRA1A/HSD11B2/DRD2/ADRB1/EDN2/MME/ADAMTS16/CORO2B/KLK2",29
"GO:0001706","GO:0001706","endoderm formation","20/1935","62/18860",0.32258064516129,3.14411936317413,5.7177407140848,1.99694808443701e-06,0.000148152873066969,0.000118825798783421,"COL11A1/INHBA/COL8A1/COL5A2/MMP14/COL12A1/DUSP4/COL7A1/COL5A1/MMP8/MMP2/MMP9/TBX20/COL4A2/MIXL1/MESP1/NODAL/DKK1/FN1/ITGA5",20
"GO:0015698","GO:0015698","inorganic anion transport","39/1935","174/18860",0.224137931034483,2.18462086786064,5.30800479959982,2.02863014188815e-06,0.000148152873066969,0.000118825798783421,"BEST4/SFRP4/SLC11A1/CA7/TTYH3/TG/CEBPB/PRKG2/PACC1/SLC17A8/SLC26A2/SLC17A4/CLCA4/GABRD/GLRB/SLC4A11/OCA2/P2RY4/SLC5A6/SLC13A1/SLC1A1/CA2/SLC17A7/SLC26A3/SLC4A4/GABRP/CLIC5/CLCN4/FXYD1/SLC6A14/AQP6/SLC5A8/GABRG1/FXYD3/KCNK2/SLC1A7/CLCN1/GABRB3/GABRG2",39
"GO:0046879","GO:0046879","hormone secretion","62/1935","331/18860",0.187311178247734,1.82567897764975,5.12430191596661,2.03372319240496e-06,0.000148152873066969,0.000118825798783421,"INHBA/IL11/OSM/PDX1/ILDR2/SOX11/IL1B/F2RL2/SOX4/APLN/IL6/ADCY5/TFR2/CCL5/SPP1/CRHBP/NMU/BLK/HCAR2/NNAT/AGT/VSNL1/NMB/KCNK9/ADRA2A/TRPV6/FFAR2/PRKCB/P2RY1/BMP6/GPR119/EDN3/INHBB/IL1RN/PLCB1/KISS1/ADIPOQ/RASL10B/ABCA12/NR1H4/UCN3/ABCC8/GCG/DRD2/GPER1/TRPV4/BRSK2/CYP19A1/FOXD1/TNFSF11/GPLD1/EPHA5/MLXIPL/FFAR3/ECRG4/FFAR1/ADRA2C/GAL/GALR1/GRP/LEP/SLC30A8",62
"GO:0043270","GO:0043270","positive regulation of monoatomic ion transport","42/1935","194/18860",0.216494845360825,2.11012546951171,5.25512169023597,2.18029256381167e-06,0.000156844796309202,0.000125797143319923,"CEMIP/EDNRA/STC1/F2R/TESC/ANK3/PDGFRB/THY1/TRPV3/CCL5/NTSR1/HOMER1/CXCL12/ATP1B2/CACNA1D/ADRA2A/P2RY12/PDGFB/CD19/CXCL11/P2RX1/KCNH2/FXYD5/P2RY1/MS4A1/CNTN1/LILRA5/NPSR1/EDN3/P2RX2/FXYD1/LRRC55/ABCC8/ANK2/GCG/GPER1/LCN2/FXYD4/FXYD3/FFAR1/GAL/LEP",42
"GO:0001763","GO:0001763","morphogenesis of a branching structure","45/1935","214/18860",0.210280373831776,2.04955444468594,5.22100964042955,2.21929769053451e-06,0.000157679730975631,0.000126466801468406,"SULF1/WNT2/EDNRA/MMP14/WNT5A/TNC/TACSTD2/MSX2/SIX4/MET/LEF1/COL4A1/SOX9/CRIPTO/SIX1/MYC/VEGFA/BMP2/CELSR1/AGT/BCL2/NOTCH4/TCF21/WT1/BMP7/LAMA1/GDF7/TBX20/GBX2/SHH/RSPO2/AREG/FGF1/ESR1/CITED1/SALL1/DRD2/ADAMTS16/FOXD1/HHIP/FGFR2/CAV3/FOXC2/TMEM59L/WNT1",45
"GO:0006814","GO:0006814","sodium ion transport","51/1935","255/18860",0.2,1.94935400516796,5.16082242786414,2.31054090788266e-06,0.00016216052347396,0.000130060614647824,"SLC6A6/EDNRA/TESC/SLC5A11/ANK3/SLC22A5/TRPV3/SGK1/SLC17A8/SLC17A4/SLC6A20/SLC4A11/CNGB1/SLC23A1/ATP1B2/AGT/CNNM4/SLC13A3/NOS3/SLC38A5/SLC22A4/KCNK9/SLC5A6/SERPINE2/SLC13A1/HCN1/GRIN2A/FXYD5/SLC17A7/SLC8A3/SLC4A4/GUCA2B/PCSK9/ATP12A/CNTN1/SLC9A2/SLC28A3/FXYD1/ATP1A2/DRD2/SLC6A14/SLC5A8/SLC10A2/SCNN1G/ASIC1/FXYD4/FXYD3/SCNN1B/SLC9A3/CAV3/SLC10A1",51
"GO:0006820","GO:0006820","monoatomic anion transport","39/1935","175/18860",0.222857142857143,2.1721373200443,5.26728046027516,2.35577362774821e-06,0.000163343099128807,0.000131009097751121,"BEST4/CA7/STC1/TTYH3/TG/ABCC2/PRKG2/PACC1/SLC17A8/SLC26A2/CLCA4/GABRD/GLRB/SLC4A11/LRRC8E/OCA2/P2RY4/SLC5A6/SLC13A1/SLC1A1/CA2/SLC17A7/SLC26A3/SLC4A4/GABRP/CLIC5/CLCN4/FXYD1/PDZK1/SLC6A14/AQP6/SLC5A8/GABRG1/FXYD3/KCNK2/SLC1A7/CLCN1/GABRB3/GABRG2",39
"GO:0060485","GO:0060485","mesenchyme development","64/1935","347/18860",0.184438040345821,1.79767516326728,5.07093312299672,2.40835868542857e-06,0.000165001240888588,0.000132339007964966,"PDPN/COL1A1/WNT2/EDNRA/ROBO2/WNT5A/IL1B/LOXL2/MSX2/SIX4/SOX4/SLC39A10/IL6/SNAI1/LEF1/GCNT2/APLF/PTK7/SOX9/SIX1/MYC/PDCD4/TWIST1/VEGFA/NRP2/BMP2/BMP5/AGT/BCL2/NOTCH4/NOS3/HEYL/TCF21/WT1/BMP7/SEMA6D/SPRED3/TBX20/GBX2/FGF19/ZNF750/SHH/WNT11/AXIN2/EDN3/HAND1/HPN/MESP1/FOXF2/FOLR1/NODAL/FOXD1/FAM83D/TMEM100/DKK1/ACTC1/TGFB2/FN1/FGFR2/DAND5/FOXC2/RBM24/AMH/SEMA3D",64
"GO:0072171","GO:0072171","mesonephric tubule morphogenesis","21/1935","68/18860",0.308823529411765,3.01003191974464,5.61443922281046,2.47195338380138e-06,0.000167365784985611,0.000134235487157511,"KIF26B/TACSTD2/SIX4/SOX9/SIX1/MYC/VEGFA/BMP2/AGT/BCL2/TCF21/WT1/SHH/WNT11/FGF1/CITED1/SALL1/ADAMTS16/FOXD1/TMEM59L/WNT1",21
"GO:0070542","GO:0070542","response to fatty acid","20/1935","63/18860",0.317460317460317,3.09421270661581,5.62966134718511,2.64547057339413e-06,0.000177031199417247,0.000141987618902488,"PDX1/SOX9/SCD/PDK4/E2F1/AKR1C2/FFAR2/HMGCS2/CLDN1/CCNB1/DGAT2/PLCB1/ADIPOQ/CPS1/NR1H4/AKR1C4/KCNK2/FFAR3/FFAR1/CAV3",20
"GO:0016339","GO:0016339","calcium-dependent cell-cell adhesion via plasma membrane cell adhesion molecules","17/1935","48/18860",0.354166666666667,3.45198105081826,5.75116356813058,2.72713793852319e-06,0.000180398607312655,0.000144688443562301,"CDH11/CDH3/CDH23/AJUBA/CDH6/PCDHB9/PCDHB14/FXYD5/DSG1/PCDHGB4/SELP/CDH8/PCDHB10/PCDHB16/CDH16/CDH22/CDH19",17
"GO:0035987","GO:0035987","endodermal cell differentiation","18/1935","53/18860",0.339622641509434,3.31022378236068,5.69465868226093,2.79966447934325e-06,0.000183091694075232,0.000146848429927274,"COL11A1/INHBA/COL8A1/COL5A2/MMP14/COL12A1/COL7A1/COL5A1/MMP8/MMP2/MMP9/COL4A2/MIXL1/MESP1/NODAL/DKK1/FN1/ITGA5",18
"GO:0072012","GO:0072012","glomerulus vasculature development","13/1935","30/18860",0.433333333333333,4.22360034453058,5.97464543389441,2.99303967981212e-06,0.000193538689408076,0.000155227427510067,"ANGPT2/EDNRA/IL6R/NOTCH3/PDGFRB/GPR4/SERPINB7/TCF21/WT1/PDGFB/BMP7/PDGFD/FOXC2",13
"GO:0042476","GO:0042476","odontogenesis","32/1935","133/18860",0.240601503759398,2.34508752501409,5.26353768108787,3.36509271621927e-06,0.000215178984242688,0.00017258399486107,"INHBA/COL1A1/ODAM/COL1A2/TNC/JAG2/MSX2/FPR2/LEF1/TFAP2A/PAX9/TMT1A/HACD1/BMP2/ENAM/CNNM4/TSPEAR/SERPINE1/DMRT3/BMP7/APCDD1/CSF3R/SHH/RSPO2/AXIN2/HAND1/MMP20/AQP6/TNFSF11/NKX2-3/TGFB2/FGFR2",32
"GO:0001823","GO:0001823","mesonephros development","27/1935","103/18860",0.262135922330097,2.55497855046286,5.35052998331818,3.43290805199836e-06,0.000216647157426336,0.000173761541051622,"KIF26B/ROBO2/TACSTD2/SIX4/SOX9/SIX1/MYC/VEGFA/BMP2/AGT/BCL2/TCF21/WT1/BMP7/CALB1/SHH/WNT11/FGF1/CITED1/SALL1/ADAMTS16/FOXD1/FGFR2/ZBTB16/FOXC2/TMEM59L/WNT1",27
"GO:0019216","GO:0019216","regulation of lipid metabolic process","65/1935","358/18860",0.181564245810056,1.76966494882566,4.97129299586129,3.48965250005712e-06,0.000216647157426336,0.000173761541051622,"IL1B/SPHK1/FUT1/GDF15/PAQR4/UGT1A1/SNAI1/EPHX2/NME1/TM6SF2/APPL2/SOX9/ABCB11/PLCG2/TWIST1/HPGD/HCAR2/TRIB3/BMP2/BMP5/AGT/RUBCNL/IGFBP7/PDK4/ADRA2A/ADGRF5/PDGFB/PPARGC1A/PTGS2/AVIL/GPIHBP1/AQP8/ABCD2/PCK1/FMO5/FGF19/ZNF750/CIDEC/THRSP/KIT/UGT1A10/HCAR1/UGT1A8/BMP6/ERFE/FMO2/FGF1/DGAT2/ADIPOQ/NR1H4/EDN2/GPER1/CEACAM1/FMO1/BGLAP/GPLD1/ACADL/APOBEC1/ENPP7/CHRM5/MLXIPL/UGT1A7/UGT1A9/GAL/LEP",65
"GO:0002687","GO:0002687","positive regulation of leukocyte migration","35/1935","152/18860",0.230263157894737,2.24432204542364,5.20806487106134,3.50098794798422e-06,0.000216647157426336,0.000173761541051622,"CXCL8/MMP14/WNT5A/IL6/IL6R/FPR2/SELE/ITGA2/THY1/CCL5/IL23A/THBS4/ASCL2/CXCL12/PGF/VEGFA/F7/SERPINE1/P2RY12/ZP3/CXCL17/PDGFD/CCR2/JAM2/CCL24/EDN3/VEGFD/SELP/PTN/LYVE1/CXCL13/EDN2/TRPV4/CCL20/CCL7",35
"GO:0043583","GO:0043583","ear development","48/1935","238/18860",0.201680672268908,1.96573513126181,5.06954315020427,3.55756517843809e-06,0.000217806251084162,0.000174691190452979,"COL11A1/CTHRC1/EDNRA/PRRX1/STRA6/WNT5A/SPARC/JAG2/SIX4/LGR5/CDH23/TFAP2A/PTK7/SOX9/SIX1/MYC/SLC17A8/TWIST1/ALDH1A3/USH1G/OTX1/DIAPH3/BMP2/BMP5/BCL2/ITGA8/MYO3A/FREM2/HES5/CALB1/GRHL3/PDZD7/GBX2/SHH/TBX18/NTN1/SLITRK6/HPN/HMX2/ADGRV1/TMIE/KCNK2/HMX3/TGFB2/FGFR2/NKX3-2/GABRB3/WNT1",48
"GO:0072132","GO:0072132","mesenchyme morphogenesis","19/1935","59/18860",0.322033898305085,3.13879034730434,5.56338637743709,3.68639939571313e-06,0.000223318194971885,0.000179112037121353,"ROBO2/WNT5A/MSX2/SNAI1/LEF1/SOX9/MYC/TWIST1/BMP2/BMP5/NOS3/HEYL/BMP7/TBX20/WNT11/TMEM100/ACTC1/TGFB2/FOXC2",19
"GO:0001657","GO:0001657","ureteric bud development","26/1935","98/18860",0.26530612244898,2.5858777619575,5.32204641129048,4.06998696962852e-06,0.00024398723968971,0.00019568961471295,"KIF26B/ROBO2/TACSTD2/SIX4/SOX9/SIX1/MYC/VEGFA/BMP2/AGT/BCL2/TCF21/WT1/BMP7/CALB1/SHH/WNT11/FGF1/CITED1/SALL1/ADAMTS16/FOXD1/FGFR2/FOXC2/TMEM59L/WNT1",26
"GO:0050729","GO:0050729","positive regulation of inflammatory response","39/1935","179/18860",0.217877094972067,2.12359793859079,5.1070824030387,4.21624648487609e-06,0.000248116181295851,0.000199001226390289,"OSM/C2CD4A/WNT5A/CCN4/IL1B/STAP1/CREB3L3/IL6/IL16/TNFSF4/CEBPB/CCL5/IL23A/PDCD4/PLCG2/MMP8/S100A9/GPR4/S100A8/AGT/SERPINE1/FCGR1A/PDE2A/TSLP/PTGS2/ZP3/C2CD4B/FFAR2/CCR2/LILRA5/CCL24/IL2/FABP4/TRPV4/LGALS2/IDO1/TNFSF11/CCL7/FFAR3",39
"GO:0051047","GO:0051047","positive regulation of secretion","61/1935","331/18860",0.18429003021148,1.79623254252637,4.94155241161245,4.2250887518668e-06,0.000248116181295851,0.000199001226390289,"INHBA/IL1A/TMEM132A/PDX1/SOX11/IL1B/CADPS/F2RL2/SOX4/APLN/MYOM1/TFR2/NTSR1/SPP1/ABCB11/NMU/CXCL12/BLK/HCAR2/NNAT/SCIN/S100A8/BMP2/VSNL1/NMB/CD160/GPR158/ZP3/FFAR2/PRKCB/P2RY1/BMP6/AVPR1B/EDN3/INHBB/PLCB1/KISS1/RASL10B/NR1H4/UCN3/ABCC8/GCG/DRD2/GPER1/RPH3A/DOC2A/CYP19A1/BGLAP/TNFSF11/KLRC2/GPLD1/MLXIPL/ECRG4/FFAR1/TGFB2/GAL/GALR1/GRP/SYT10/LEP/SLC30A8",61
"GO:0003401","GO:0003401","axis elongation","13/1935","31/18860",0.419354838709677,4.08735517212637,5.8168690823505,4.67107237271774e-06,0.000271535570757481,0.00021778471402836,"WNT5A/TNC/SIX4/PTK7/SOX9/SIX1/NKD1/SHH/AREG/WNT11/FGF1/ESR1/FGFR2",13
"GO:0009410","GO:0009410","response to xenobiotic stimulus","76/1935","443/18860",0.171557562076749,1.67213210375581,4.84041429528072,4.88376193939757e-06,0.00028106049961233,0.000225424169518509,"COL1A1/CA9/SULT1A1/PDX1/IL1B/FUT1/LRP8/C1orf115/UGT1A1/MMP7/SPINK4/ITGA2/RAD54B/CYP3A4/ABCC2/MYC/AHRR/ABCB11/SULT1A2/CRHBP/LOX/CTPS1/SMOX/BCL2/SST/PDE2A/LPO/E2F1/MMP2/CYP4F12/CMBL/GSTM2/KCNH2/SLC1A1/CES3/GRIN2A/HMGCS2/FMO5/UGT1A10/UGT1A8/CCNB1/EMX1/COL18A1/SLC28A3/FMO2/SULT1B1/RAD54L/EMX2/ADIPOQ/ADRA1A/CPS1/MIR186/HSD11B2/ABCC8/CYP3A7/DRD2/UGT2A3/KCNE2/LCN2/SLC29A1/TP73/FMO1/BGLAP/GPLD1/BCHE/ACTC1/SLCO1A2/SCNN1B/UGT1A7/SLC10A1/UGT1A9/GAL/GABRB3/CYP2W1/OTC/AMH",76
"GO:0072163","GO:0072163","mesonephric epithelium development","26/1935","99/18860",0.262626262626263,2.55975778456399,5.26116889288992,4.98658508854619e-06,0.000281350952790032,0.000225657127071982,"KIF26B/ROBO2/TACSTD2/SIX4/SOX9/SIX1/MYC/VEGFA/BMP2/AGT/BCL2/TCF21/WT1/BMP7/CALB1/SHH/WNT11/FGF1/CITED1/SALL1/ADAMTS16/FOXD1/FGFR2/FOXC2/TMEM59L/WNT1",26
"GO:0072164","GO:0072164","mesonephric tubule development","26/1935","99/18860",0.262626262626263,2.55975778456399,5.26116889288992,4.98658508854619e-06,0.000281350952790032,0.000225657127071982,"KIF26B/ROBO2/TACSTD2/SIX4/SOX9/SIX1/MYC/VEGFA/BMP2/AGT/BCL2/TCF21/WT1/BMP7/CALB1/SHH/WNT11/FGF1/CITED1/SALL1/ADAMTS16/FOXD1/FGFR2/FOXC2/TMEM59L/WNT1",26
"GO:0042471","GO:0042471","ear morphogenesis","32/1935","136/18860",0.235294117647059,2.29335765313877,5.11828248445321,5.57752296985553e-06,0.000311637327102122,0.000249948270033894,"COL11A1/CTHRC1/EDNRA/PRRX1/WNT5A/SPARC/SIX4/CDH23/TFAP2A/PTK7/SOX9/SIX1/MYC/TWIST1/ALDH1A3/USH1G/OTX1/ITGA8/MYO3A/GRHL3/PDZD7/GBX2/TBX18/NTN1/SLITRK6/HPN/HMX2/TMIE/HMX3/FGFR2/NKX3-2/WNT1",32
"GO:0001658","GO:0001658","branching involved in ureteric bud morphogenesis","19/1935","61/18860",0.311475409836066,3.03587918837633,5.38499150686162,6.40978570935196e-06,0.000354695353435774,0.000284482898132676,"TACSTD2/SIX4/SOX9/SIX1/MYC/VEGFA/BMP2/AGT/BCL2/TCF21/WT1/SHH/FGF1/CITED1/SALL1/ADAMTS16/FOXD1/TMEM59L/WNT1",19
"GO:0061437","GO:0061437","renal system vasculature development","13/1935","32/18860",0.40625,3.95962532299742,5.66558950798324,7.12944554542062e-06,0.000387075085980148,0.000310453016054314,"ANGPT2/EDNRA/IL6R/NOTCH3/PDGFRB/GPR4/SERPINB7/TCF21/WT1/PDGFB/BMP7/PDGFD/FOXC2",13
"GO:0061440","GO:0061440","kidney vasculature development","13/1935","32/18860",0.40625,3.95962532299742,5.66558950798324,7.12944554542062e-06,0.000387075085980148,0.000310453016054314,"ANGPT2/EDNRA/IL6R/NOTCH3/PDGFRB/GPR4/SERPINB7/TCF21/WT1/PDGFB/BMP7/PDGFD/FOXC2",13
"GO:0060541","GO:0060541","respiratory system development","46/1935","231/18860",0.199134199134199,1.94091524324082,4.86516080393423,7.99430023835734e-06,0.000429973811885481,0.000344859877473654,"PDPN/WNT2/MMP14/SIM2/STRA6/WNT5A/COL3A1/SOX11/TNC/SIX4/ADAMTS2/FGFRL1/LEF1/SLC7A11/PTK7/SOX9/SIX1/WNT7B/FGF18/ALDH1A3/LOX/VEGFA/MMP12/SLC23A1/BMP2/CELSR1/NOS3/TCF21/WT1/LAMA1/HMGCS2/THRB/SHH/RSPO2/WNT11/CLDN18/FGF1/ASCL1/IGFBP5/ABCA12/EDN2/MME/TP73/NODAL/HHIP/FGFR2",46
"GO:2000027","GO:2000027","regulation of animal organ morphogenesis","23/1935","84/18860",0.273809523809524,2.66875845945613,5.18283116153448,8.14912441180467e-06,0.000434242694351258,0.000348283728516213,"SULF1/WNT2/ROBO2/WNT5A/TACSTD2/SIX4/PAX9/SOX9/SIX1/SAPCD2/VEGFA/BMP2/AGT/DMRT3/WT1/BMP7/APCDD1/SHH/RSPO2/FGF1/MESP1/DKK1/CAV3",23
"GO:0002675","GO:0002675","positive regulation of acute inflammatory response","12/1935","28/18860",0.428571428571429,4.17718715393134,5.68864807359471,8.30834492650889e-06,0.00043866536745008,0.000351830927114838,"OSM/C2CD4A/IL1B/CREB3L3/IL6/FCGR1A/PTGS2/ZP3/C2CD4B/FFAR2/TNFSF11/FFAR3",12
"GO:0042472","GO:0042472","inner ear morphogenesis","28/1935","114/18860",0.245614035087719,2.39394351511855,5.04752840212717,8.87896445655239e-06,0.0004624138940589,0.000370878398728479,"COL11A1/CTHRC1/PRRX1/WNT5A/SPARC/SIX4/CDH23/TFAP2A/PTK7/SOX9/SIX1/ALDH1A3/USH1G/OTX1/ITGA8/MYO3A/GRHL3/PDZD7/GBX2/TBX18/NTN1/SLITRK6/HPN/HMX2/TMIE/HMX3/FGFR2/WNT1",28
"GO:0098659","GO:0098659","inorganic cation import across plasma membrane","32/1935","139/18860",0.23021582733813,2.24386072537319,4.97679910265439,9.06109174560257e-06,0.0004624138940589,0.000370878398728479,"SLC39A10/KCNJ15/TRPV3/CACNA1C/ATP1B2/CACNA1D/KCNK9/SLC5A6/P2RX1/TRPV6/HCN1/AQP8/KCNH2/SLC8A3/PCSK9/MS4A1/ATP12A/SLC9A2/SLC39A12/ATP1A2/ABCC8/ANK2/NALF2/KCNE2/LCN2/TRPV4/TRPV1/SCNN1G/CACNA1A/SCNN1B/SLC9A3/SLC30A8",32
"GO:0099587","GO:0099587","inorganic ion import across plasma membrane","32/1935","139/18860",0.23021582733813,2.24386072537319,4.97679910265439,9.06109174560257e-06,0.0004624138940589,0.000370878398728479,"SLC39A10/KCNJ15/TRPV3/CACNA1C/ATP1B2/CACNA1D/KCNK9/SLC5A6/P2RX1/TRPV6/HCN1/AQP8/KCNH2/SLC8A3/PCSK9/MS4A1/ATP12A/SLC9A2/SLC39A12/ATP1A2/ABCC8/ANK2/NALF2/KCNE2/LCN2/TRPV4/TRPV1/SCNN1G/CACNA1A/SCNN1B/SLC9A3/SLC30A8",32
"GO:0070588","GO:0070588","calcium ion transmembrane transport","61/1935","339/18860",0.179941002949853,1.75384357397117,4.73570178783103,9.21483567345363e-06,0.0004624138940589,0.000370878398728479,"CEMIP/EDNRA/DHRS7C/F2R/CACNG8/SLC35G1/PLCL2/THY1/GRIN2D/TRPV3/GRIN2B/NTSR1/CACNA1C/PLCG2/NCS1/CBARP/TMEM37/PLCE1/CNGB1/BCL2/CACNA1D/GRIN3A/PLCB4/CD19/CXCL11/P2RX1/TRPM6/JPH1/TRPV6/GSTM2/RYR1/GRIN2A/P2RX6/SLC8A3/PKD1L2/MS4A1/NPSR1/FASLG/P2RX2/PLCB1/ATP1A2/ANK2/DRD2/ATP2B2/BHLHA15/GPER1/NALF2/SLN/RGS9/TRPV4/CATSPER1/TRPV1/RYR2/ASIC1/CALHM1/CACNG4/CALML3/CACNA1A/CACNG7/JPH4/MCOLN2",61
"GO:0042742","GO:0042742","defense response to bacterium","64/1935","361/18860",0.177285318559557,1.72795922895775,4.72195677639171,9.2172203256108e-06,0.0004624138940589,0.000370878398728479,"SLC11A1/TREM1/ANXA3/IL1B/IL6/RIPK2/IL6R/KRT6A/MMP7/FPR2/ADGRB1/KLK7/CEBPB/IL23A/ADAMTS4/DAO/CXCL6/S100A9/STAB2/S100A8/SPON2/CD160/SERPINE1/IL17A/FCGR1A/LPO/TSLP/IGHA2/IGHG1/JCHAIN/NPY/GSDMC/LGALS4/COLEC12/DEFA6/PPBP/FCER2/IGHA1/SELP/IGHG3/LYPD8/CXCL13/NR1H4/GBP7/CLEC4E/IGKV3-20/DMBT1/LCN2/H2BC6/PLAC8/RNASE13/CCL20/H2BC7/WFDC3/AICDA/IGHG4/SCNN1B/DEFB1/CLEC4D/IGHM/IGHD/IL17F/PGC/REG3G",64
"GO:1903532","GO:1903532","positive regulation of secretion by cell","57/1935","310/18860",0.183870967741935,1.79214803700925,4.75500213786674,9.24180912307459e-06,0.0004624138940589,0.000370878398728479,"INHBA/IL1A/TMEM132A/PDX1/SOX11/IL1B/CADPS/F2RL2/SOX4/APLN/MYOM1/TFR2/NTSR1/SPP1/NMU/CXCL12/BLK/HCAR2/NNAT/BMP2/VSNL1/NMB/CD160/GPR158/ZP3/FFAR2/PRKCB/P2RY1/BMP6/EDN3/INHBB/PLCB1/KISS1/RASL10B/NR1H4/UCN3/ABCC8/GCG/DRD2/GPER1/RPH3A/DOC2A/CYP19A1/BGLAP/TNFSF11/KLRC2/GPLD1/MLXIPL/ECRG4/FFAR1/TGFB2/GAL/GALR1/GRP/SYT10/LEP/SLC30A8",57
"GO:0071398","GO:0071398","cellular response to fatty acid","15/1935","42/18860",0.357142857142857,3.48098929494278,5.44249802009788,9.32059282551388e-06,0.0004624138940589,0.000370878398728479,"PDK4/E2F1/AKR1C2/FFAR2/HMGCS2/CLDN1/CCNB1/DGAT2/PLCB1/CPS1/NR1H4/AKR1C4/KCNK2/FFAR3/CAV3",15
"GO:0098754","GO:0098754","detoxification","36/1935","166/18860",0.216867469879518,2.1137573550014,4.87336551863687,1.08348248285943e-05,0.000532943734090258,0.00042744675549605,"SLC11A1/AQP9/ABCG2/GPX8/SLC22A5/S100A9/SLC30A10/SLC47A1/SLC22A3/HBA2/NOS3/PXDN/LPO/NXN/CP/BMP7/PTGS2/AQP8/GSTM2/AKR1B10/FABP1/MT2A/UGT1A10/MT1E/HBB/MT1M/MT1X/MIR186/PDZK1/HBA1/MT1F/GPX3/SLC22A2/DUOX2/UGT1A7/MT1H",36
"GO:0015718","GO:0015718","monocarboxylic acid transport","38/1935","180/18860",0.211111111111111,2.05765144989951,4.82087490123903,1.20525545447649e-05,0.00058781738478917,0.000471458088124836,"SLCO4A1/ABCG2/IL1B/ABCC2/NTSR1/SLC27A6/ABCB11/SLC22A3/NMB/SLC2A1/SLC5A6/PTGS2/SLC51B/PLA2G2D/ABCD2/FABP1/FABP6/ERFE/AVPR1B/CLDN2/NR1H4/DRD2/FABP4/CEACAM1/FABP2/SLC16A9/CRABP2/SLC5A8/SLC10A2/TNFSF11/AKR1C4/SLC22A2/SLCO1A2/CRABP1/SLC51A/SLC10A1/RBP1/LEP",38
"GO:0048565","GO:0048565","digestive tract development","32/1935","141/18860",0.226950354609929,2.21203291366577,4.88447761948595,1.23894189152315e-05,0.000599168956782833,0.000480562600117558,"CXCL8/PDX1/STRA6/WNT5A/COL3A1/SOX11/SOX9/BCL2/TCF21/PCSK5/HMGCS2/NPY/SHH/KIT/WNT11/CLDN18/CCNB1/TMIGD1/MIXL1/EPHB3/ASCL1/CPS1/SALL1/FOXF2/TP73/NODAL/NKX2-3/PYY/TGFB2/FGFR2/NKX3-2/OTC",32
"GO:0035725","GO:0035725","sodium ion transmembrane transport","39/1935","187/18860",0.20855614973262,2.03274882891846,4.79892477333136,1.2561455298415e-05,0.000602426460353153,0.00048317527617149,"SLC6A6/TESC/SLC5A11/TRPV3/SLC17A8/SLC17A4/SLC6A20/SLC4A11/CNGB1/SLC23A1/ATP1B2/AGT/CNNM4/SLC13A3/SLC38A5/KCNK9/SLC5A6/SLC13A1/HCN1/GRIN2A/FXYD5/SLC17A7/SLC8A3/SLC4A4/PCSK9/ATP12A/SLC9A2/SLC28A3/FXYD1/ATP1A2/SLC6A14/SLC5A8/SCNN1G/ASIC1/FXYD4/FXYD3/SCNN1B/SLC9A3/CAV3",39
"GO:0003156","GO:0003156","regulation of animal organ formation","12/1935","29/18860",0.413793103448276,4.03314621758888,5.52702119713589,1.2851808980097e-05,0.00061125752628478,0.000490258219901918,"SULF1/WNT2/ROBO2/WNT5A/SIX1/BMP2/WT1/BMP7/SHH/FGF1/MESP1/DKK1",12
"GO:0006821","GO:0006821","chloride transport","30/1935","129/18860",0.232558139534884,2.26669070368367,4.88113065490366,1.38133746592864e-05,0.00064789798796465,0.000519645649499289,"BEST4/CA7/TTYH3/PRKG2/PACC1/SLC17A8/SLC26A2/CLCA4/GABRD/GLRB/OCA2/P2RY4/SLC1A1/CA2/SLC17A7/SLC26A3/GABRP/CLIC5/CLCN4/FXYD1/SLC6A14/AQP6/SLC5A8/GABRG1/FXYD3/KCNK2/SLC1A7/CLCN1/GABRB3/GABRG2",30
"GO:0030728","GO:0030728","ovulation","9/1935","17/18860",0.529411764705882,5.16005471956224,5.80208325229498,1.39599218953287e-05,0.00064789798796465,0.000519645649499289,"INHBA/HPGD/NOS3/MMP2/AFP/GAS2/INHBB/EREG/LEP",9
"GO:0072109","GO:0072109","glomerular mesangium development","9/1935","17/18860",0.529411764705882,5.16005471956224,5.80208325229498,1.39599218953287e-05,0.00064789798796465,0.000519645649499289,"IL6R/PDGFRB/GPR4/SERPINB7/WT1/PDGFB/BMP7/PDGFD/FOXC2",9
"GO:0097553","GO:0097553","calcium ion transmembrane import into cytosol","40/1935","195/18860",0.205128205128205,1.99933744119791,4.74297618270015,1.47636339102807e-05,0.000679717705229322,0.000545166607971206,"CEMIP/DHRS7C/F2R/PLCL2/THY1/GRIN2D/TRPV3/GRIN2B/NTSR1/CACNA1C/PLCG2/PLCE1/BCL2/CACNA1D/PLCB4/CD19/CXCL11/P2RX1/JPH1/TRPV6/GSTM2/RYR1/GRIN2A/SLC8A3/MS4A1/NPSR1/FASLG/P2RX2/PLCB1/ATP1A2/ANK2/DRD2/GPER1/NALF2/TRPV4/TRPV1/RYR2/CALML3/CACNA1A/JPH4",40
"GO:0060602","GO:0060602","branch elongation of an epithelium","10/1935","21/18860",0.476190476190476,4.64131905992371,5.64514283374441,1.53578000022135e-05,0.000701275931049591,0.00056245735198728,"WNT5A/TNC/SIX4/SOX9/SIX1/SHH/AREG/FGF1/ESR1/FGFR2",10
"GO:0048562","GO:0048562","embryonic organ morphogenesis","56/1935","308/18860",0.181818181818182,1.77214000469814,4.61967603320971,1.54755939606078e-05,0.000701275931049591,0.00056245735198728,"COL11A1/CTHRC1/MFAP2/MDFI/EDNRA/MMP14/PRRX1/STRA6/WNT5A/SOX11/SPARC/TBX15/MTHFD1L/SIX4/CDH23/TFAP2A/PTK7/SOX9/SIX1/MYC/TWIST1/ALDH1A3/USH1G/OTX1/HOXD3/ITGA8/MYO3A/TCF21/BMP7/GRHL3/TBX20/PDZD7/GBX2/HOXB8/SHH/WNT11/TBX18/NTN1/HOXD4/SLITRK6/HAND1/HPN/PAX5/HMX2/MESP1/FOXF2/FOLR1/RYR2/NODAL/MMP16/TMIE/HMX3/FGFR2/NKX3-2/FOXC2/WNT1",56
"GO:0010565","GO:0010565","regulation of ketone metabolic process","33/1935","149/18860",0.221476510067114,2.15868060974975,4.80113425376879,1.56856754092125e-05,0.000705242671718889,0.000565638870636486,"IL1B/GDF15/UGT1A1/NME1/APPL2/SOX9/ABCB11/TWIST1/TRIB3/BMP2/BMP5/PDK4/PPARGC1A/PTGS2/GPIHBP1/ABCD2/FGF19/UGT1A10/UGT1A8/BMP6/ERFE/FMO2/DGAT2/ADIPOQ/NR1H4/EDN2/CEACAM1/FMO1/BGLAP/ACADL/MLXIPL/UGT1A7/UGT1A9",33
"GO:0042180","GO:0042180","ketone metabolic process","46/1935","237/18860",0.194092827004219,1.89177814847523,4.67134189174494,1.59942434547251e-05,0.000713541636294132,0.000572295043239247,"INHBA/IL1B/GDF15/UGT1A1/NME1/APPL2/SOX9/ABCB11/TWIST1/TRIB3/BMP2/BMP5/PDK4/CYP4F12/PPARGC1A/PTGS2/GPIHBP1/TDO2/AKR1C2/ABCD2/AKR1B10/FGF19/UGT1A10/AFP/UGT1A8/BMP6/ERFE/FMO2/DGAT2/ADIPOQ/NR1H4/HSD11B2/EDN2/IDO2/CEACAM1/IDO1/FMO1/CYP19A1/HSD17B3/BGLAP/AKR1C4/ACADL/MLXIPL/SCNN1B/UGT1A7/UGT1A9",46
"GO:0007369","GO:0007369","gastrulation","41/1935","203/18860",0.201970443349754,1.96855946334695,4.69125324920673,1.71281105419155e-05,0.000758248278220951,0.000608151941103639,"COL11A1/INHBA/COL8A1/COL5A2/MMP14/COL12A1/DUSP4/COL7A1/WNT5A/APELA/APLN/COL5A1/SNAI1/ITGA2/LEF1/MMP8/UGDH/KLF4/ITGA8/MMP2/TGIF2/BMP7/MMP9/TENM4/TBX20/WNT11/COL4A2/MIXL1/HAND1/IL1RN/ADIPOQ/MESP1/TLX2/NODAL/WNT3/DKK1/FN1/FGFR2/ITGA5/FOXC2/ELF5",41
"GO:0007565","GO:0007565","female pregnancy","40/1935","197/18860",0.203045685279188,1.97903959915529,4.67065855145534,1.89611780647691e-05,0.000832989158494244,0.00066809775664132,"ANGPT2/STC1/TEAD4/CORIN/IL1B/APELA/ITGA2/APLF/SPP1/CYP27B1/CRHBP/HPGD/STC2/DCAF13/PNOC/VEGFA/BCL2/IGFBP7/SLC2A1/MMP2/ADRA2A/EPYC/PTGS2/MMP9/TIMP1/DSG1/PCSK5/CLIC5/OXTR/STOX2/IGFBP5/PTN/ESR1/HSD11B2/ABCC8/IDO1/NODAL/HMX3/ITGA5/LEP",40
"GO:0010959","GO:0010959","regulation of metal ion transport","65/1935","377/18860",0.172413793103448,1.68047759066203,4.51267178148108,1.97181557341088e-05,0.000859681714013606,0.000689506482408828,"CEMIP/DHRS7C/STC1/F2R/TESC/IL16/ANK3/PDGFRB/THY1/TRPV3/CCL5/NTSR1/CACNA1C/PLPP4/CBARP/HOMER1/STC2/CXCL12/OPRD1/ATP1B2/AGT/BCL2/NOS3/CACNA1D/ADRA2A/SERPINE2/PDGFB/CD19/CXCL11/P2RX1/JPH1/HOMER2/GSTM2/KCNH2/FXYD5/PCSK9/MS4A1/FCRL3/CNTN1/LILRA5/NPSR1/EDN3/P2RX2/FXYD1/ATP1A2/LRRC55/ABCC8/ANK2/GCG/DRD2/GPER1/SLN/KCNE2/LCN2/RGS9/RYR2/CAMK2B/RGS4/FXYD4/FXYD3/CALML3/FFAR1/CAV3/JPH4/GAL",65
"GO:0048705","GO:0048705","skeletal system morphogenesis","45/1935","232/18860",0.193965517241379,1.89053728949479,4.61475302832814,2.00162765720453e-05,0.000866117832121209,0.000694668561681193,"COL11A1/SFRP4/COL1A1/MDFI/STC1/MMP14/COMP/PRRX1/COL3A1/SOX11/MMP13/TBX15/ATG9B/MSX2/MTHFD1L/SIX4/SERPINH1/TFAP2A/SOX9/SIX1/MYC/TWIST1/FGF18/VEGFA/HOXD3/MMP2/SP5/BMP7/HOXB8/BMP6/HOXD4/AXIN2/CHAD/PAX5/IFITM5/GHR/COL27A1/TRPV4/NODAL/MMP16/HHIP/TGFB2/FGFR2/NKX3-2/FOXC2",45
"GO:0007218","GO:0007218","neuropeptide signaling pathway","27/1935","113/18860",0.238938053097345,2.32887425396172,4.79063072622782,2.17970991198099e-05,0.000936136607720193,0.000750827019955745,"NPFFR1/NTSR1/NMU/PTGDR2/GPR84/ECEL1/GLRB/PNOC/OPRD1/NMB/SSTR3/PROK2/NPY/NPSR1/TYRO3/NPW/GPR143/GRPR/SSTR1/NXPH4/NPY4R/PYY/ECRG4/GAL/GALR1/GRP/SORCS3",27
"GO:0051924","GO:0051924","regulation of calcium ion transport","46/1935","240/18860",0.191666666666667,1.86813092161929,4.57653179842693,2.23164226633799e-05,0.000951340832798157,0.000763021546814197,"CEMIP/DHRS7C/STC1/F2R/IL16/PDGFRB/THY1/TRPV3/CCL5/NTSR1/CACNA1C/PLPP4/CBARP/HOMER1/STC2/CXCL12/OPRD1/BCL2/NOS3/CACNA1D/ADRA2A/PDGFB/CD19/CXCL11/P2RX1/JPH1/HOMER2/GSTM2/MS4A1/FCRL3/LILRA5/NPSR1/P2RX2/ATP1A2/ANK2/GCG/GPER1/SLN/RGS9/RYR2/CAMK2B/RGS4/CALML3/FFAR1/CAV3/JPH4",46
"GO:0044060","GO:0044060","regulation of endocrine process","15/1935","45/18860",0.333333333333333,3.2489233419466,5.10698137380914,2.41979736652763e-05,0.00102396572385048,0.000821270236240223,"INHBA/F2R/APLN/SPP1/CRHBP/AGT/KCNK9/BMP6/INHBB/KISS1/CYP19A1/ECRG4/GAL/GALR1/LEP",15
"GO:0060986","GO:0060986","endocrine hormone secretion","18/1935","61/18860",0.295081967213115,2.87609607319863,4.96235802100236,2.55310114096923e-05,0.00106621783394086,0.000855158480375086,"INHBA/IL1B/APLN/SPP1/CRHBP/HCAR2/AGT/KCNK9/TRPV6/BMP6/INHBB/KISS1/CYP19A1/FOXD1/ECRG4/GAL/GALR1/LEP",18
"GO:0072111","GO:0072111","cell proliferation involved in kidney development","10/1935","22/18860",0.454545454545455,4.43035001174536,5.44336999966153,2.55669958442814e-05,0.00106621783394086,0.000855158480375086,"IL6R/PDGFRB/MYC/SERPINB7/BMP2/WT1/PDGFB/BMP7/PDGFD/SHH",10
"GO:0019731","GO:0019731","antibacterial humoral response","21/1935","78/18860",0.269230769230769,2.62413039157225,4.85996064748247,2.6307293553502e-05,0.00108919765755686,0.000873589414858812,"MMP7/KLK7/SPON2/IGHA2/IGHG1/JCHAIN/NPY/LGALS4/DEFA6/IGHA1/IGHG3/IGKV3-20/DMBT1/H2BC6/H2BC7/WFDC3/IGHG4/DEFB1/IGHM/IGHD/PGC",21
"GO:0015833","GO:0015833","peptide transport","53/1935","292/18860",0.181506849315068,1.76910551838873,4.47847614982083,2.71327385006476e-05,0.00111534935765162,0.000894564348310827,"PDX1/ILDR2/IL1B/F2RL2/SOX4/APLN/IL6/MMP7/ADCY5/TFR2/CCL5/SLC7A11/CRHBP/NMU/BLK/NNAT/S100A8/VSNL1/SLC13A3/ADRA2A/CA2/FFAR2/PRKCB/CWH43/CLEC4M/GPR119/EDN3/INHBB/IL1RN/PLCB1/RASL10B/ABCA12/NR1H4/UCN3/ABCC8/GCG/DRD2/GPER1/TRPV4/TRPV1/BRSK2/TNFSF11/GPLD1/EPHA5/MLXIPL/FFAR3/ECRG4/FFAR1/ADRA2C/GAL/GRP/LEP/SLC30A8",53
"GO:0030323","GO:0030323","respiratory tube development","41/1935","207/18860",0.198067632850242,1.93051966695378,4.55168145153395,2.76832083977046e-05,0.00112990683921128,0.000906240155460505,"PDPN/WNT2/MMP14/SIM2/STRA6/WNT5A/COL3A1/SOX11/TNC/ADAMTS2/SLC7A11/PTK7/SOX9/WNT7B/FGF18/LOX/VEGFA/MMP12/SLC23A1/BMP2/CELSR1/NOS3/TCF21/LAMA1/PCSK5/HMGCS2/THRB/SHH/RSPO2/WNT11/CLDN18/FGF1/ASCL1/IGFBP5/ABCA12/EDN2/MME/TP73/NODAL/HHIP/FGFR2",41
"GO:0071674","GO:0071674","mononuclear cell migration","45/1935","235/18860",0.191489361702128,1.86640277090549,4.51898707567475,2.79165727512794e-05,0.00113140757875784,0.000907443821455598,"MMP14/WNT5A/STAP1/CNN2/IL6/SPNS2/IL6R/FPR2/CCL5/ASCL2/ITGAL/CXCL12/CCL23/CXCR2/ITGB7/BMP5/SERPINE1/MMP2/GPR15/P2RY12/PDGFB/ZAP70/CXCL11/CXCR1/CXCL17/PDGFD/CRTAM/CCR2/JAM2/TBX21/CD200R1/PLCB1/PADI2/CXCL13/TRIM55/EDN2/ADTRP/PF4/TRPV4/CCL20/CYP19A1/TNFSF11/MMP28/CCL7/MCOLN2",45
"GO:0050878","GO:0050878","regulation of body fluid levels","66/1935","389/18860",0.169665809768638,1.65369362906279,4.40493318261908,2.87606210353852e-05,0.00115746415425624,0.000928342460361901,"FAP/PDPN/PLAU/ANGPT2/COMP/F2R/COL3A1/F2RL2/APLN/IL6/IL6R/NME1/ITGA2/SLC7A11/PLCG2/TSPAN18/VEGFA/F7/CEL/NOS3/SERPINE1/SLC22A4/ADRA2A/CYP4F12/P2RY12/SERPINE2/TFPI2/PDGFB/P2RX1/F5/SCUBE1/GUCA2B/P2RY1/SERPINA10/SHH/NFE2/TYRO3/OXTR/F13A1/HBB/VWF/NEURL1/SELP/ANGPTL1/ANGPTL6/HSD11B2/DRD2/ADTRP/PF4/KNG1/CEACAM1/PRSS56/TRPV4/SLC29A1/CORO2B/AQP6/TP73/SERPIND1/DGKI/SCNN1G/NKX2-3/C4BPB/SLC22A2/SCNN1B/FN1/ADRA2C",66
"GO:0019217","GO:0019217","regulation of fatty acid metabolic process","27/1935","115/18860",0.234782608695652,2.28837209302326,4.68579174786259,3.04711404052874e-05,0.00121778759050298,0.000976724785651937,"IL1B/GDF15/UGT1A1/NME1/APPL2/SOX9/ABCB11/TWIST1/TRIB3/PDK4/PPARGC1A/PTGS2/GPIHBP1/ABCD2/UGT1A10/UGT1A8/ERFE/FMO2/DGAT2/ADIPOQ/EDN2/CEACAM1/FMO1/ACADL/MLXIPL/UGT1A7/UGT1A9",27
"GO:0002429","GO:0002429","immune response-activating cell surface receptor signaling pathway","61/1935","353/18860",0.172804532577904,1.68428603845957,4.38826145939989,3.27233154107768e-05,0.00129877710475187,0.00104168230908353,"SLC39A10/STAP1/RIPK2/PLCL2/FPR1/FPR2/THY1/APPL2/TRGC1/PLCG2/PLPP4/IRAK2/KLHL6/CD79A/BLK/CD3E/TRAT1/BCL2/CD160/CR2/CD79B/FOXP3/TRGC2/CD19/ZAP70/IGHA2/IGHG1/CD22/FCMR/CD8A/CD3G/IGLC3/IGKC/FFAR2/HHLA2/CD8B/PRKCB/MS4A1/FCRL3/KLRC1/FCER2/IGHA1/THEMIS/IGLC7/LAX1/IGHG3/FCN3/BTNL8/KLRC4/BANK1/KLRC3/CEACAM1/KLRC2/IGLC6/GPLD1/BMX/IGHG4/TNIP3/BTNL3/IGHM/IGHD",61
"GO:0045666","GO:0045666","positive regulation of neuron differentiation","24/1935","97/18860",0.247422680412371,2.41157196515624,4.71273726442956,3.33286321239557e-05,0.00131374162926963,0.00105368458445239,"GDPD5/SOX11/CXCL12/NEUROG3/ECT2/HOXD3/BMP2/HEYL/TGIF2/BMP7/VWC2/PCP4/GDF7/FEZF1/BMP6/ASCL1/IRX3/NAP1L2/RNF112/BRINP3/BRINP2/DKK1/ADRA2C/GDF5",24
"GO:0002790","GO:0002790","peptide secretion","49/1935","266/18860",0.184210526315789,1.79545763633891,4.41780901058521,3.62458667393478e-05,0.00141901335431936,0.00113811762013634,"PDX1/ILDR2/IL1B/F2RL2/SOX4/APLN/IL6/MMP7/ADCY5/TFR2/CCL5/CRHBP/NMU/BLK/NNAT/S100A8/VSNL1/ADRA2A/FFAR2/PRKCB/CWH43/GPR119/EDN3/INHBB/IL1RN/PLCB1/RASL10B/ABCA12/NR1H4/UCN3/ABCC8/GCG/DRD2/GPER1/TRPV4/TRPV1/BRSK2/TNFSF11/GPLD1/EPHA5/MLXIPL/FFAR3/ECRG4/FFAR1/ADRA2C/GAL/GRP/LEP/SLC30A8",49
"GO:0016331","GO:0016331","morphogenesis of embryonic epithelium","33/1935","155/18860",0.212903225806452,2.07511877969492,4.54442475644985,3.67443549884632e-05,0.00142880920917977,0.00114597437143962,"CTHRC1/SULF1/WNT2/PDX1/WNT5A/SOX11/SALL4/JAG2/MTHFD1L/SIX4/TFAP2A/PTK7/SOX9/SIX1/WNT7B/TWIST1/ALDH1A3/CELSR1/BMP5/HES5/BMP7/GDF7/GRHL3/SHH/TBX18/HAND1/SLC39A12/IRX3/IRX2/FOLR1/NODAL/TGFB2/FGFR2",33
"GO:0007188","GO:0007188","adenylate cyclase-modulating G protein-coupled receptor signaling pathway","51/1935","281/18860",0.181494661921708,1.76898673066843,4.39133242642773,3.82020748035867e-05,0.00146726005298021,0.00117681381541327,"EDNRA/PTH1R/SCTR/HTR1D/APELA/APLN/FPR1/FPR2/ADCY5/RAMP1/GLP2R/TCP11/GPR3/GPR18/CNR2/UCN2/ADGRG3/GPR4/CXCL12/PTGDR2/OPRD1/PDE10A/HTR7/CACNA1D/PDE2A/ADRA2A/GPR15/P2RY12/ADGRF5/CXCL11/P2RY1/GPR174/GPR119/ADRA1A/UCN3/VIPR1/GPR12/GCG/CCR3/DRD2/ADRB1/GPER1/TSHR/PF4/GCGR/ADGRL3/GPR78/CHRM5/FFAR3/GALR1/CNR1",51
"GO:0032835","GO:0032835","glomerulus development","20/1935","74/18860",0.27027027027027,2.63426216914589,4.76272937119675,3.82430943435328e-05,0.00146726005298021,0.00117681381541327,"SULF1/ANGPT2/EDNRA/PODXL/IL6R/NOTCH3/PDGFRB/GPR4/PLCE1/SERPINB7/BCL2/HEYL/TCF21/WT1/PDGFB/BMP7/PDGFD/COL4A3/ADIPOQ/FOXC2",20
"GO:0030324","GO:0030324","lung development","40/1935","203/18860",0.197044334975369,1.92054581789947,4.45869739823871,3.89772466693202e-05,0.00147638614370164,0.00118413338335209,"PDPN/WNT2/MMP14/SIM2/STRA6/WNT5A/COL3A1/SOX11/TNC/ADAMTS2/SLC7A11/PTK7/SOX9/WNT7B/FGF18/LOX/VEGFA/MMP12/SLC23A1/BMP2/CELSR1/NOS3/TCF21/LAMA1/HMGCS2/THRB/SHH/RSPO2/WNT11/CLDN18/FGF1/ASCL1/IGFBP5/ABCA12/EDN2/MME/TP73/NODAL/HHIP/FGFR2",40
"GO:0048839","GO:0048839","inner ear development","41/1935","210/18860",0.195238095238095,1.90294081456872,4.44902647283121,3.91942115383641e-05,0.00147638614370164,0.00118413338335209,"COL11A1/CTHRC1/PRRX1/WNT5A/SPARC/JAG2/SIX4/LGR5/CDH23/TFAP2A/PTK7/SOX9/SIX1/SLC17A8/ALDH1A3/USH1G/OTX1/DIAPH3/BMP2/ITGA8/MYO3A/FREM2/HES5/CALB1/GRHL3/PDZD7/GBX2/SHH/TBX18/NTN1/SLITRK6/HPN/HMX2/ADGRV1/TMIE/KCNK2/HMX3/TGFB2/FGFR2/GABRB3/WNT1",41
"GO:0044703","GO:0044703","multi-organism reproductive process","42/1935","217/18860",0.193548387096774,1.88647161790448,4.44091313901883,3.9250578624909e-05,0.00147638614370164,0.00118413338335209,"ANGPT2/STC1/TEAD4/CORIN/IL1B/APELA/ITGA2/APLF/SPP1/CYP27B1/CRHBP/HPGD/STC2/DCAF13/PNOC/VEGFA/BCL2/IGFBP7/SLC2A1/MMP2/ADRA2A/EPYC/SERPINE2/P2RX1/PTGS2/MMP9/TIMP1/DSG1/PCSK5/CLIC5/OXTR/STOX2/IGFBP5/PTN/ESR1/HSD11B2/ABCC8/IDO1/NODAL/HMX3/ITGA5/LEP",42
"GO:0089718","GO:0089718","amino acid import across plasma membrane","16/1935","52/18860",0.307692307692308,2.99900616179686,4.88067593835821,4.02616280526488e-05,0.00150458226911035,0.00120674804518705,"SLC6A6/SLC36A1/SLC7A1/NTSR1/SLC7A11/SLC17A8/SLC6A20/SLC47A1/SLC7A5/SLC38A5/SLC22A4/SLC1A1/ATP1A2/SLC6A14/RGS4/SLC22A2",16
"GO:0060004","GO:0060004","reflex","10/1935","23/18860",0.434782608695652,4.23772609819121,5.25331728062119,4.10786002285933e-05,0.00151823422763514,0.00121769757888885,"ALDH1A3/GLRB/NMB/SLC1A1/NPSR1/SLITRK6/ASCL1/HPN/ADRA1A/SHANK1",10
"GO:0003205","GO:0003205","cardiac chamber development","36/1935","176/18860",0.204545454545455,1.99365750528541,4.4780980461739,4.11545681166084e-05,0.00151823422763514,0.00121769757888885,"COL11A1/WNT2/ADAMTS6/EDNRA/ROBO2/STRA6/WNT5A/SOX11/SALL4/MSX2/SOX4/FGFRL1/PTK7/NRP2/BMP2/BMP5/NOS3/PDE2A/HEYL/BMP7/TNNI3/TBX20/WNT11/POU4F1/HAND1/SALL1/ANK2/MESP1/RYR2/MYL3/KCNK2/TGFB2/FGFR2/CAV3/DAND5/FOXC2",36
"GO:0018958","GO:0018958","phenol-containing compound metabolic process","27/1935","117/18860",0.230769230769231,2.24925462134764,4.58310512754147,4.21533354835038e-05,0.0015404352197856,0.00123550385271569,"EDNRA/SULT1A1/TG/WNT5A/CDH3/SLC7A11/DAO/SULT1A2/DIO2/BCL2/CTSK/MAOA/OCA2/INSM1/MAOB/SLC1A1/GRIN2A/SNCAIP/NPY/SULT1B1/HPN/CITED1/DRD2/DUOXA2/GCNT4/DUOX2/TGFB2",27
"GO:0006874","GO:0006874","intracellular calcium ion homeostasis","54/1935","304/18860",0.177631578947368,1.73133414932681,4.34656260428069,4.22917054259122e-05,0.0015404352197856,0.00123550385271569,"CEMIP/EDNRA/DHRS7C/STC1/PTH1R/F2R/WNT5A/SLC35G1/PLCL2/CDH23/THY1/CCL5/NTSR1/CACNA1C/PLCG2/STC2/CXCL12/PLCE1/CNGB1/CCL23/BCL2/PLCB4/CD19/CXCL11/TNNI3/P2RX1/FZD9/JPH1/GSTM2/RYR1/CALB1/SLC8A3/PRKCB/P2RY1/NPY/CCR2/NPSR1/EDN3/FASLG/PLCB1/ATP1A2/GPR12/ANK2/DRD2/EDN2/ATP2B2/GPER1/TRPV4/RYR2/CCL7/CALML3/CAV3/JPH4/CNR1",54
"GO:0034308","GO:0034308","primary alcohol metabolic process","25/1935","105/18860",0.238095238095238,2.32065952996186,4.58841257325184,4.61278413068946e-05,0.001669595765542,0.0013390968826927,"SULT1A1/CYP3A4/NAAA/SULT1A2/ALDH1A3/BMP2/BMP5/CEL/GDPD3/AKR1C2/AKR1B10/ALDH3B2/RETSAT/RDH5/BMP6/ADH6/SULT1B1/DGAT2/HSD11B2/ADH1B/CYP3A7/AKR1C4/ADH1A/SCNN1B/ADH1C",25
"GO:2000241","GO:2000241","regulation of reproductive process","40/1935","206/18860",0.194174757281553,1.89257670404656,4.35540602875168,5.4983667235378e-05,0.0019776937808725,0.00158620645281008,"INHBA/SULF1/MAPK15/UNC5C/WNT5A/APELA/MSX2/SNAI1/TCP11/SOX9/TRIP13/GPR3/CDC25B/PTGDR2/VEGFA/PKMYT1/PAEP/CDC25A/WT1/BMP7/ZP3/TIMP1/AURKA/P2RY1/TEX11/SHH/KIT/HPGDS/INHBB/PLCB1/ESR1/TTK/TPPP2/PSMA8/NODAL/UMODL1/CLXN/DAZL/DEFB1/ELF5",40
"GO:0050921","GO:0050921","positive regulation of chemotaxis","31/1935","145/18860",0.213793103448276,2.08379221242092,4.42966198514244,5.7401114236267e-05,0.00205182243745166,0.00164566123521432,"CXCL8/WNT5A/IL6/IL16/IL6R/MET/FPR2/PDGFRB/ITGA2/CCL5/IL23A/THBS4/FGF18/CXCL12/PGF/VEGFA/F7/SERPINE1/P2RY12/PDGFB/CXCL17/PDGFD/CCR2/EDN3/VEGFD/PTN/CXCL13/EDN2/SMOC2/TRPV4/CCL7",31
"GO:0072110","GO:0072110","glomerular mesangial cell proliferation","7/1935","12/18860",0.583333333333333,5.68561584840655,5.48984575730569,5.88254828256175e-05,0.00208975712136684,0.0016760866938943,"IL6R/PDGFRB/SERPINB7/WT1/PDGFB/BMP7/PDGFD",7
"GO:0050920","GO:0050920","regulation of chemotaxis","41/1935","214/18860",0.191588785046729,1.86737182738052,4.31474202745699,6.13308478027852e-05,0.0021572633610848,0.00173022997637877,"ANGPT2/CXCL8/ROBO2/WNT5A/TNFAIP6/STAP1/IL6/IL16/IL6R/MET/FPR2/PDGFRB/ITGA2/CCL5/IL23A/GPR18/THBS4/FGF18/CXCL12/PGF/VEGFA/F7/SERPINE1/P2RY12/PDGFB/CXCL17/PDGFD/CCR2/FGF1/EDN3/VEGFD/PTN/PADI2/CXCL13/EDN2/SMOC2/TRPV4/CYP19A1/WNT3/MMP28/CCL7",41
"GO:0050954","GO:0050954","sensory perception of mechanical stimulus","39/1935","200/18860",0.195,1.90062015503876,4.32948576665461,6.14754459110177e-05,0.0021572633610848,0.00173022997637877,"COL11A1/CEMIP/COL1A1/CDC14A/CDH23/SPNS2/ITGA2/TFAP2A/SIX1/MYC/SLC17A8/USH1G/CXCL12/DIAPH3/TMPRSS3/TSPEAR/CACNA1D/MYO3A/EPYC/SERPINE2/HOMER2/THRB/PDZD7/BIRC5/KIT/CLIC5/SLITRK6/COL4A3/LHFPL4/P2RX2/HPN/ATP2B2/LOXHD1/TRPV1/ADGRV1/TMIE/CNTN5/KCNK2/CEACAM16",39
"GO:0002688","GO:0002688","regulation of leukocyte chemotaxis","28/1935","126/18860",0.222222222222222,2.16594889463107,4.44002081283849,6.29118219001316e-05,0.0021810694881642,0.00174932364636701,"CXCL8/WNT5A/TNFAIP6/STAP1/IL6/IL6R/FPR2/CCL5/IL23A/GPR18/THBS4/CXCL12/PGF/VEGFA/F7/SERPINE1/CXCL17/CCR2/EDN3/VEGFD/PTN/PADI2/CXCL13/EDN2/TRPV4/CYP19A1/MMP28/CCL7",28
"GO:0046660","GO:0046660","female sex differentiation","28/1935","126/18860",0.222222222222222,2.16594889463107,4.44002081283849,6.29118219001316e-05,0.0021810694881642,0.00174932364636701,"INHBA/MMP14/ROBO2/STRA6/WNT5A/TNFAIP6/DACH1/CEBPB/BRCA2/VEGFA/BCL2/NOTCH4/NOS3/MMP2/WT1/ZP3/DMRTA1/KIT/AFP/GAS2/TYRO3/INHBB/ESR1/EREG/CYP19A1/UMODL1/LEP/AMH",28
"GO:0007599","GO:0007599","hemostasis","46/1935","250/18860",0.184,1.79340568475452,4.26999731458762,6.36706855202472e-05,0.00219416045011391,0.00175982323357254,"FAP/PDPN/PLAU/ANGPT2/COMP/F2R/COL3A1/F2RL2/IL6/IL6R/ITGA2/SLC7A11/PLCG2/TSPAN18/F7/NOS3/SERPINE1/ADRA2A/P2RY12/SERPINE2/TFPI2/PDGFB/P2RX1/F5/SCUBE1/P2RY1/SERPINA10/SHH/NFE2/TYRO3/F13A1/HBB/VWF/SELP/ANGPTL1/ANGPTL6/ADTRP/PF4/KNG1/CEACAM1/PRSS56/SERPIND1/DGKI/C4BPB/FN1/ADRA2C",46
"GO:0055074","GO:0055074","calcium ion homeostasis","57/1935","331/18860",0.172205438066465,1.67844680203283,4.21055439419583,6.45162427532853e-05,0.00221006533955451,0.00177257972727541,"CEMIP/EDNRA/DHRS7C/STC1/PTH1R/F2R/WNT5A/SLC35G1/PLCL2/CDH23/THY1/CCL5/NTSR1/CACNA1C/CYP27B1/PLCG2/STC2/CXCL12/PLCE1/CNGB1/CCL23/BCL2/PLCB4/CD19/CXCL11/TNNI3/P2RX1/FZD9/JPH1/TRPV6/GSTM2/RYR1/CALB1/SLC8A3/PRKCB/P2RY1/NPY/CCR2/NPSR1/EDN3/FASLG/PLCB1/ATP1A2/GPR12/ANK2/DRD2/EDN2/ATP2B2/GPER1/TRPV4/RYR2/TNFSF11/CCL7/CALML3/CAV3/JPH4/CNR1",57
"GO:0003044","GO:0003044","regulation of systemic arterial blood pressure mediated by a chemical signal","16/1935","54/18860",0.296296296296296,2.88793185950809,4.69753966287823,6.72056841315189e-05,0.00228857226140172,0.00183554609104148,"ANPEP/CORIN/F2R/SLC2A5/AGT/NOS3/PCSK5/OXTR/AVPR1B/EDN3/RASL10B/ADRA1A/HSD11B2/ADRB1/EDN2/MME",16
"GO:0030593","GO:0030593","neutrophil chemotaxis","21/1935","83/18860",0.253012048192771,2.46605024750163,4.52595545127815,7.14260654610183e-05,0.00241798239251859,0.00193933930059793,"TREM1/CXCL8/IL1B/TNFAIP6/CXCL5/CXCL3/IL23A/THBS4/CXCL6/S100A9/S100A8/CXCR2/CXCR1/CSF3R/DPEP1/PPBP/EDN3/CXCL13/EDN2/PF4/TGFB2",21
"GO:0061548","GO:0061548","ganglion development","8/1935","16/18860",0.5,4.8733850129199,5.2408241493743,7.30469173138392e-05,0.00245839186632248,0.00197174966094912,"UNC5C/SIX4/SIX1/TUBB3/NRP2/INSM1/ASCL1/RGS4",8
"GO:0002673","GO:0002673","regulation of acute inflammatory response","15/1935","49/18860",0.306122448979592,2.98370510995096,4.70115625811547,7.44298553162798e-05,0.00249037103107669,0.00199739850405071,"OSM/C2CD4A/IL1B/CREB3L3/IL6/DNASE1L3/FCGR1A/PTGS2/ZP3/PLA2G2D/C2CD4B/FFAR2/NPY/TNFSF11/FFAR3",15
"GO:0071466","GO:0071466","cellular response to xenobiotic stimulus","39/1935","202/18860",0.193069306930693,1.88180213370174,4.26039397623149,7.70387315446669e-05,0.00256276242797432,0.00205545991982576,"SULT1A1/IL1B/FUT1/UGT1A1/CYP3A4/ABCC2/MYC/AHRR/ABCB11/SULT1A2/CRHBP/SMOX/PDE2A/LPO/E2F1/CYP4F12/CMBL/GSTM2/KCNH2/CES3/FMO5/UGT1A10/UGT1A8/SLC28A3/FMO2/SULT1B1/ADIPOQ/CYP3A7/UGT2A3/KCNE2/SLC29A1/FMO1/GPLD1/BCHE/SLCO1A2/UGT1A7/SLC10A1/UGT1A9/CYP2W1",39
"GO:0071621","GO:0071621","granulocyte chemotaxis","27/1935","121/18860",0.223140495867769,2.174899096675,4.38384838505552,7.83038444046413e-05,0.0025898771525788,0.00207720724570086,"TREM1/CXCL8/IL1B/TNFAIP6/CXCL5/CXCL3/CCL5/IL23A/THBS4/CXCL6/S100A9/VEGFA/S100A8/CXCR2/CXCR1/CXCL17/CSF3R/DPEP1/PPBP/CCL24/EDN3/CXCL13/EDN2/PF4/TRPV4/CCL7/TGFB2",27
"GO:0046320","GO:0046320","regulation of fatty acid oxidation","12/1935","34/18860",0.352941176470588,3.44003647970816,4.81495493660522,8.33465025920744e-05,0.0027409092709565,0.00219834233904509,"GDF15/APPL2/SOX9/ABCB11/TWIST1/PDK4/PPARGC1A/ABCD2/FMO2/DGAT2/FMO1/ACADL",12
"GO:0050673","GO:0050673","epithelial cell proliferation","78/1935","496/18860",0.157258064516129,1.53275818954739,4.06558276711755,8.44719518558175e-05,0.00274318691538707,0.00220016912048512,"FAP/SULF1/COL8A1/WNT2/ODAM/MMP14/PDX1/WNT5A/SOX11/TACSTD2/SPARC/CDH3/LOXL2/FUT1/APELA/JCAD/SIX4/APLN/LGR5/IL6/NME1/DACH1/CEBPB/CCL5/SOX9/UHRF1/SIX1/MYC/THBS4/CXCL12/SERPINB5/BRCA2/VEGFA/IQGAP3/NRP2/MMP12/BMP5/KLK8/IL17A/HES5/CDKN2B/PDGFB/VASH2/PROK2/CLDN1/SHH/AREG/KIT/CDKN2A/BMP6/FERMT1/CLDN18/CCL24/REG3A/TMIGD1/COL4A3/FGF1/IGFBP5/PTN/HPN/ESR1/EREG/CCR3/DRD2/CNMD/HMX2/CEACAM1/NODAL/BGLAP/TNFSF11/NKX2-3/MIR135B/TGFB2/FGFR2/GDF5/MIR10B/LEP/REG3G",78
"GO:0090087","GO:0090087","regulation of peptide transport","41/1935","217/18860",0.188940092165899,1.84155562700199,4.21589971487512,8.48284202676392e-05,0.00274318691538707,0.00220016912048512,"PDX1/IL1B/F2RL2/SOX4/APLN/IL6/ADCY5/TFR2/CCL5/CRHBP/NMU/BLK/NNAT/S100A8/VSNL1/ADRA2A/CA2/FFAR2/PRKCB/INHBB/PLCB1/RASL10B/ABCA12/NR1H4/UCN3/ABCC8/GCG/DRD2/GPER1/BRSK2/TNFSF11/GPLD1/EPHA5/MLXIPL/FFAR3/ECRG4/FFAR1/ADRA2C/GRP/LEP/SLC30A8",41
"GO:0007492","GO:0007492","endoderm development","22/1935","90/18860",0.244444444444444,2.38254378409417,4.44532469977573,8.48457464707034e-05,0.00274318691538707,0.00220016912048512,"COL11A1/INHBA/COL8A1/COL5A2/MMP14/COL12A1/DUSP4/COL7A1/APELA/COL5A1/PAX9/MMP8/MMP2/MMP9/TBX20/COL4A2/MIXL1/MESP1/NODAL/DKK1/FN1/ITGA5",22
"GO:0055123","GO:0055123","digestive system development","32/1935","155/18860",0.206451612903226,2.01223639243144,4.27862689037041,8.92441817727577e-05,0.00286927522962134,0.00230129807158802,"CXCL8/PDX1/STRA6/WNT5A/COL3A1/SOX11/SOX9/BCL2/TCF21/PCSK5/HMGCS2/NPY/SHH/KIT/WNT11/CLDN18/CCNB1/TMIGD1/MIXL1/EPHB3/ASCL1/CPS1/SALL1/FOXF2/TP73/NODAL/NKX2-3/PYY/TGFB2/FGFR2/NKX3-2/OTC",32
"GO:0045833","GO:0045833","negative regulation of lipid metabolic process","27/1935","122/18860",0.221311475409836,2.15707205489897,4.33525032141177,9.08754064991213e-05,0.00290548869112468,0.00233034302630788,"IL1B/SPHK1/UGT1A1/SNAI1/APPL2/SOX9/HCAR2/TRIB3/BMP2/BMP5/ADRA2A/PDGFB/FGF19/CIDEC/UGT1A10/HCAR1/UGT1A8/FMO2/DGAT2/GPER1/CEACAM1/FMO1/GPLD1/ACADL/APOBEC1/UGT1A7/UGT1A9",27
"GO:0042391","GO:0042391","regulation of membrane potential","75/1935","474/18860",0.158227848101266,1.54221044712655,4.04248949837687,9.3938804458648e-05,0.00294965849658301,0.00236576935525474,"PMAIP1/GJC1/ANK3/MET/GRIN2D/GRIN2B/NTSR1/PYCR1/CNIH3/CACNA1C/CNR2/KCNH8/GABRD/GLRB/SLC4A11/CNGB1/OPRD1/ATP1B2/AGT/KCNA3/BCL2/CACNA1D/KCNK9/GRIN3A/CTNNA3/P2RX1/FZD9/HCN1/KCNH2/GRIN2A/SLC17A7/P2RX6/SLC8A3/KCNH4/SLC26A3/SLC4A4/KCNE4/TBX18/CDKN2A/IFI6/KCNH1/HTR3E/GRIA3/P2RX2/KCNQ5/FXYD1/ADRA1A/ATP1A2/UCN3/HTR3C/ABCC8/ANK2/DRD2/ADRB1/GPER1/CCN6/SHANK1/KCTD16/KCNE2/KCNB2/SLC29A1/TRPV1/RYR2/ASIC1/RGS4/CLDN19/KCNK2/SLC1A7/CAV3/GRIA4/CLCN1/RIMS4/GABRB3/CUX2/GABRG2",75
"GO:0043410","GO:0043410","positive regulation of MAPK cascade","75/1935","474/18860",0.158227848101266,1.54221044712655,4.04248949837687,9.3938804458648e-05,0.00294965849658301,0.00236576935525474,"INHBA/IL11/OSM/NOX4/F2R/WNT5A/IL1B/SPHK1/APELA/JCAD/IL6/GDF15/RIPK2/IL6R/FPR2/PDGFRB/GCNT2/CD44/CRIPTO/WNT7B/PLCG2/CD27/FGF18/MAP4K1/ALKAL1/SLC30A10/VEGFA/IQGAP3/RELL1/BMP2/CD3E/UNC5CL/NKD1/KLB/ADRA2A/PDGFB/ZAP70/TPD52L1/CXCL17/PDGFD/FLT3/P2RY1/NPY/FGF19/FCRL3/KIT/LILRA5/FZD10/NPSR1/CSPG4/DOK5/AVPR1B/FGF1/EDN3/PLCB1/TNFAIP8L3/ADRA1A/NECAB2/ALKAL2/GHR/GCG/DRD2/ADRB1/GPER1/BANK1/FGF5/TRPV4/TP73/NODAL/TNFSF11/DKK1/TGFB2/FGFR2/ADRA2C/LEP",75
"GO:0007498","GO:0007498","mesoderm development","30/1935","142/18860",0.211267605633803,2.05917676602249,4.28369333446513,9.43070657465289e-05,0.00294965849658301,0.00236576935525474,"INHBA/WNT5A/APELA/SNAI1/ITGA2/LEF1/VEGFA/KLF4/ITGA8/BMP7/IKZF3/PUS7/TBX20/SHH/WNT11/POU4F1/MIXL1/HAND1/IRX3/SECTM1/MESP1/TLX2/NODAL/WNT3/BMX/DKK1/FGFR2/DAND5/FOXC2/AMH",30
"GO:0030879","GO:0030879","mammary gland development","30/1935","142/18860",0.211267605633803,2.05917676602249,4.28369333446513,9.43070657465289e-05,0.00294965849658301,0.00236576935525474,"WNT2/WNT5A/MSX2/APLN/NME1/ITGA2/LEF1/CEBPB/SOX9/CRIPTO/WNT7B/BRCA2/VEGFA/IQGAP3/NOTCH4/SLC22A4/AREG/CDKN2A/NTN1/OXTR/NEURL1/IGFBP5/ESR1/SLC29A1/CYP19A1/TNFSF11/WNT3/FGFR2/CAV3/ELF5",30
"GO:0048880","GO:0048880","sensory system development","71/1935","443/18860",0.160270880361174,1.56212341271924,4.04817771303294,9.55711095020631e-05,0.00297303640640202,0.0023845195742051,"INHBA/COL8A1/RCN1/COL5A2/MFAP2/WNT2/SH3PXD2B/STRA6/WNT5A/SOX11/SOX4/COL5A1/FJX1/PDGFRB/MYOM1/THY1/ADAMTS9/TFAP2A/PDE6A/COL4A1/SOX9/BFSP1/WNT7B/SLC17A8/CACNA1C/TWIST1/ALDH1A3/VEGFA/KLF4/BCL2/NKD1/PXDN/LAMC3/TGIF2/FREM2/HES5/RAB37/P2RY12/WT1/BMP7/LAMA1/HCN1/SLC1A1/SPRED3/CALB1/SLC17A7/THRB/GRHL3/PLAAT3/SHH/POU4F1/BMP6/SLITRK6/KRT12/MYH15/EPHB1/FASLG/VSX1/DRD2/PRSS56/FOXF2/RP1L1/MAB21L1/OLFM3/PAX4/BFSP2/CLDN19/OPN4/TGFB2/FOXC2/GNGT1",71
"GO:0150063","GO:0150063","visual system development","70/1935","436/18860",0.160550458715596,1.564848398644,4.03476885953104,0.000101043249691209,0.00312636506437046,0.00250749660382541,"INHBA/COL8A1/RCN1/COL5A2/MFAP2/WNT2/SH3PXD2B/STRA6/WNT5A/SOX11/SOX4/COL5A1/FJX1/PDGFRB/MYOM1/THY1/ADAMTS9/TFAP2A/PDE6A/COL4A1/SOX9/BFSP1/WNT7B/SLC17A8/CACNA1C/TWIST1/ALDH1A3/VEGFA/KLF4/BCL2/NKD1/PXDN/LAMC3/TGIF2/FREM2/HES5/RAB37/P2RY12/WT1/BMP7/LAMA1/HCN1/SLC1A1/SPRED3/CALB1/SLC17A7/THRB/GRHL3/PLAAT3/SHH/BMP6/SLITRK6/KRT12/MYH15/EPHB1/FASLG/VSX1/DRD2/PRSS56/FOXF2/RP1L1/MAB21L1/OLFM3/PAX4/BFSP2/CLDN19/OPN4/TGFB2/FOXC2/GNGT1",70
"GO:0006939","GO:0006939","smooth muscle contraction","25/1935","110/18860",0.227272727272727,2.21517500587268,4.32185319878525,0.000103857845391415,0.00319626684613687,0.00256356122736479,"SULF1/EDNRA/COMP/F2R/SPHK1/HTR1D/ITGA2/NMU/HTR7/ADRA2A/TNNI3/P2RX1/PROK2/KIT/EDN3/P2RX2/ADRA1A/ATP1A2/DRD2/EDN2/GPER1/KCNB2/TRPV1/SCNN1B/ADRA2C",25
"GO:0016042","GO:0016042","lipid catabolic process","59/1935","352/18860",0.167613636363636,1.6336915668311,4.0579341023214,0.000105452748486694,0.00322808812521769,0.00258908343848911,"PLIN1/LIPC/ACAT1/IL1B/SPHK1/FUT1/FUCA1/CYP3A4/ACAA2/ETFDH/NAAA/SPP1/LIPG/ABCB11/CYP27B1/PLCG2/TWIST1/HPGD/ACADS/PLCE1/HCAR2/ABHD3/LIPN/PLCD1/CYP24A1/CEL/PLCD3/ADRA2A/ENPP6/PLCB4/CYP4F12/PLAAT2/GPIHBP1/GDPD3/PLA2G2D/PNPLA3/ABCD2/AKR1B10/PCK1/PLA2G4E/GBA3/ALDH3B2/PLAAT3/CIDEC/PNPLA7/HCAR1/DPEP1/DPEP3/PLCB1/ADIPOQ/CPS1/ADTRP/NEU4/CYP19A1/GPLD1/ACADL/ENPP7/CYP2W1/LEP",59
"GO:0044706","GO:0044706","multi-multicellular organism process","42/1935","227/18860",0.185022026431718,1.80336714134481,4.11738120263918,0.000114203623195804,0.00346655954734709,0.00278034909966016,"ANGPT2/STC1/TEAD4/CORIN/IL1B/APELA/ITGA2/APLF/SPP1/CYP27B1/CRHBP/HPGD/STC2/DCAF13/PNOC/VEGFA/BCL2/IGFBP7/SLC2A1/MMP2/ADRA2A/EPYC/SERPINE2/P2RX1/PTGS2/MMP9/TIMP1/DSG1/PCSK5/CLIC5/OXTR/STOX2/IGFBP5/PTN/ESR1/HSD11B2/ABCC8/IDO1/NODAL/HMX3/ITGA5/LEP",42
"GO:0001909","GO:0001909","leukocyte mediated cytotoxicity","32/1935","157/18860",0.203821656050955,1.98660280781448,4.19731934212214,0.000115056985523719,0.00346655954734709,0.00278034909966016,"TREM1/ULBP1/STAP1/RAET1L/IL23A/FCGR3B/DAO/CXCL6/DNASE1L3/KLRB1/ULBP2/AZGP1/SLAMF7/FCGR3A/CD160/ULBP3/FCGR1A/IGHG1/KIR2DL4/CRTAM/GZMM/NECTIN4/KLRC1/GZMB/KLRC4/RAET1G/KLRC3/CEACAM1/KLRC2/SCNN1B/RAET1E/LEP",32
"GO:0070486","GO:0070486","leukocyte aggregation","7/1935","13/18860",0.538461538461538,5.2482607831445,5.1808045150881,0.000116139638068314,0.00346655954734709,0.00278034909966016,"IL1B/CD44/S100A9/S100A8/ZAP70/BMP7/JAM2",7
"GO:0060348","GO:0060348","bone development","41/1935","220/18860",0.186363636363636,1.8164435048156,4.11860365938622,0.000116220722229831,0.00346655954734709,0.00278034909966016,"SFRP4/SULF1/ADAMTS12/COL1A1/STC1/MMP14/COMP/SH3PXD2B/COL3A1/MMP13/CCN4/ATG9B/MSX2/SPNS2/SERPINH1/BGN/TFAP2A/SOX9/TWIST1/FGF18/LOX/BMP2/SP5/EPYC/PLS3/RYR1/BMP6/CLDN18/AXIN2/CHAD/IFITM5/GHR/COL27A1/TRPV4/MMP16/BGLAP/TNFSF11/FGFR2/ZBTB16/LEP/WNT1",41
"GO:0003012","GO:0003012","muscle system process","76/1935","485/18860",0.156701030927835,1.52732891126562,3.97808679303135,0.000116254733733795,0.00346655954734709,0.00278034909966016,"SULF1/EDNRA/STC1/COMP/CKMT2/F2R/IL1B/SPHK1/HTR1D/APLN/GTF2IRD1/GJC1/PDGFRB/ITGA2/LMCD1/CCDC78/CACNA1C/HOMER1/NMU/KLF4/AGT/NOS3/HTR7/CACNA1D/PDE9A/ADRA2A/CTNNA3/SMPX/PDGFB/TNNI3/P2RX1/JPH1/GSTM2/KCNH2/SNTB1/RYR1/P2RX6/SLC8A3/TBX20/PROK2/P2RY1/KCNE4/KIT/OXTR/EDN3/TNNT3/TPM2/P2RX2/IGFBP5/FXYD1/ADRA1A/ATP1A2/MYH4/ABCC8/MYLK2/ANK2/DRD2/EDN2/GPER1/SLN/KCNE2/TRPV4/KCNB2/TRPV1/RYR2/CAMK2B/MYL3/TRIM72/RGS4/ACTC1/SCNN1B/ADRA2C/CAV3/JPH4/CLCN1/LEP",76
"GO:0042908","GO:0042908","xenobiotic transport","17/1935","62/18860",0.274193548387097,2.67250145869801,4.4600733751161,0.000117738762862558,0.00348389161952444,0.00279425026322459,"ABCG2/SLC22A5/ABCC2/ABCB11/SLC47A1/SLC22A3/SLC7A5/ABCA8/SLC22A4/SLC2A1/SVOP/CLDN1/SLC28A3/MIR186/PDZK1/SLC29A1/SLC22A2",17
"GO:0098773","GO:0098773","skin epidermis development","29/1935","137/18860",0.211678832116788,2.06318489598069,4.22295875157106,0.000118046718645919,0.00348389161952444,0.00279425026322459,"FOXQ1/INHBA/WNT5A/KRT17/CDH3/DSG4/MSX2/LGR5/SNAI1/MET/SOX9/DKK4/GRHL1/KRT16/KLF4/BCL2/APCDD1/GRHL3/ZNF750/CLDN1/SHH/FERMT1/CYSRT1/IGFBP5/ABCA12/DKK1/TGFB2/FGFR2/GAL",29
"GO:0046545","GO:0046545","development of primary female sexual characteristics","25/1935","111/18860",0.225225225225225,2.19521847428824,4.27026875174222,0.000121178596617125,0.00355138763882376,0.002848385348437,"INHBA/MMP14/ROBO2/TNFAIP6/DACH1/CEBPB/BRCA2/VEGFA/BCL2/NOTCH4/NOS3/MMP2/WT1/ZP3/DMRTA1/KIT/AFP/GAS2/INHBB/ESR1/EREG/CYP19A1/UMODL1/LEP/AMH",25
"GO:0002793","GO:0002793","positive regulation of peptide secretion","27/1935","124/18860",0.217741935483871,2.12228057014254,4.23944811127716,0.000121567917436713,0.00355138763882376,0.002848385348437,"PDX1/F2RL2/SOX4/APLN/TFR2/NMU/BLK/NNAT/S100A8/VSNL1/FFAR2/PRKCB/PLCB1/RASL10B/NR1H4/UCN3/ABCC8/GCG/DRD2/GPER1/TNFSF11/GPLD1/MLXIPL/ECRG4/FFAR1/GRP/SLC30A8",27
"GO:1903522","GO:1903522","regulation of blood circulation","49/1935","279/18860",0.175627240143369,1.71179831995036,4.05004636297097,0.000124859685514847,0.00361323908407694,0.00289799321115321,"EDNRA/STC1/CORIN/F2R/APELA/APLN/GJC1/TMIGD3/CACNA1C/NMU/ATP1B2/AGT/NOS3/CACNA1D/MMP2/ADRA2A/CTNNA3/TNNI3/P2RX1/JPH1/HCN1/GSTM2/KCNH2/SLC1A1/SLC8A3/THRB/KCNE4/TBX18/OXTR/AVPR1B/EDN3/FXYD1/ADRA1A/IRX3/ATP1A2/ANK2/DRD2/ADRB1/EDN2/ATP2B2/KCNE2/RYR2/MYL3/RGS4/TGFB2/ADRA2C/CAV3/JPH4/LEP",49
"GO:0015697","GO:0015697","quaternary ammonium group transport","8/1935","17/18860",0.470588235294118,4.58671530627755,5.00243920144706,0.000125568691019181,0.00361323908407694,0.00289799321115321,"SLC22A5/SLC6A20/SLC22A3/SLC22A4/PDZK1/SLC6A14/SLC16A9/SLC22A2",8
"GO:0072074","GO:0072074","kidney mesenchyme development","8/1935","17/18860",0.470588235294118,4.58671530627755,5.00243920144706,0.000125568691019181,0.00361323908407694,0.00289799321115321,"SIX4/SIX1/MYC/TCF21/WT1/BMP7/SHH/FOXD1",8
"GO:0007613","GO:0007613","memory","28/1935","131/18860",0.213740458015267,2.08327908949247,4.20682251212788,0.000128845482028894,0.00368908332873773,0.00295882397851112,"CEBPB/SGK1/CAMK4/MUSK/ITGA8/KLK8/SLC1A1/GRIN2A/CALB1/SLC17A7/SLC8A3/RCAN2/MAP1A/LRRN4/PTN/PLCB1/ABCC8/DRD2/SHANK1/KCTD16/LCN2/ASIC1/KCNK2/ITGA5/PAK5/GABRB3/CUX2/SORCS3",28
"GO:0001654","GO:0001654","eye development","69/1935","432/18860",0.159722222222222,1.55677576801608,3.95838993372633,0.000132269871640465,0.00376838173906374,0.00302242515447336,"INHBA/COL8A1/RCN1/COL5A2/MFAP2/WNT2/SH3PXD2B/STRA6/WNT5A/SOX11/SOX4/COL5A1/FJX1/PDGFRB/MYOM1/THY1/ADAMTS9/TFAP2A/PDE6A/COL4A1/SOX9/BFSP1/WNT7B/SLC17A8/CACNA1C/TWIST1/ALDH1A3/VEGFA/KLF4/BCL2/NKD1/PXDN/LAMC3/TGIF2/FREM2/HES5/RAB37/WT1/BMP7/LAMA1/HCN1/SLC1A1/SPRED3/CALB1/SLC17A7/THRB/GRHL3/PLAAT3/SHH/BMP6/SLITRK6/KRT12/MYH15/EPHB1/FASLG/VSX1/DRD2/PRSS56/FOXF2/RP1L1/MAB21L1/OLFM3/PAX4/BFSP2/CLDN19/OPN4/TGFB2/FOXC2/GNGT1",69
"GO:0007596","GO:0007596","blood coagulation","44/1935","243/18860",0.181069958847737,1.76484724747716,4.0574994700157,0.000133079381053325,0.0037727676746891,0.00302594288783423,"FAP/PDPN/PLAU/ANGPT2/COMP/F2R/COL3A1/F2RL2/IL6/IL6R/ITGA2/SLC7A11/PLCG2/F7/NOS3/SERPINE1/ADRA2A/P2RY12/SERPINE2/TFPI2/PDGFB/P2RX1/F5/SCUBE1/P2RY1/SERPINA10/SHH/TYRO3/F13A1/HBB/VWF/SELP/ANGPTL1/ANGPTL6/ADTRP/PF4/KNG1/CEACAM1/PRSS56/SERPIND1/DGKI/C4BPB/FN1/ADRA2C",44
"GO:0001649","GO:0001649","osteoblast differentiation","47/1935","265/18860",0.177358490566038,1.72867241967725,4.03917485064934,0.000133754380476814,0.00377331597864738,0.00302638265423545,"CTHRC1/COL1A1/PTH1R/VCAN/IBSP/ITGA11/SOX11/TNC/CCN4/IARS1/TNFAIP6/MSX2/IL6/TP53INP2/SNAI1/CLEC5A/IL6R/IFITM1/LEF1/CEBPB/SOX9/WNT7B/SPP1/TMT1A/TWIST1/LOX/DDX21/VEGFA/BMP2/CYP24A1/FIGNL1/GDPD2/BMP7/SHH/RSPO2/AREG/WNT11/BMP6/ERFE/AXIN2/IGFBP5/CITED1/BMP3/BGLAP/WNT3/FGFR2/SCUBE3",47
"GO:0051480","GO:0051480","regulation of cytosolic calcium ion concentration","16/1935","57/18860",0.280701754385965,2.73593544584977,4.43805726922406,0.000137038994105775,0.00384711907843284,0.0030855763242815,"WNT5A/SLC35G1/CDH23/CNGB1/P2RX1/FZD9/RYR1/CALB1/SLC8A3/P2RY1/NPY/ATP2B2/GPER1/RYR2/CAV3/CNR1",16
"GO:0030098","GO:0030098","lymphocyte differentiation","70/1935","441/18860",0.158730158730159,1.5471063533079,3.93091366180763,0.000143764823478727,0.00401634252000036,0.00322130174222902,"INHBA/SPIB/IL11/IL1A/MMP14/IL1B/RUNX1/JAG2/SOX4/LY9/IL6/RIPK2/PLCL2/PRR7/IL6R/CFB/TNFSF4/TNFSF9/LEF1/IL23A/CAMK4/GPR18/PLCG2/CD27/ADGRG3/ASCL2/CD79A/FGL2/CD3E/BCL2/IRF4/CR2/CD79B/FOXP3/CD19/ZAP70/IKZF3/CD8A/FZD9/ITM2A/AQP8/POU2AF1/CD3G/CRTAM/PLA2G2D/FLT3/PCK1/TCF7/MS4A1/FCRL3/SHH/CCR2/KIT/TBX21/CDKN2A/KLRC1/TYRO3/THEMIS/PAX5/IL2/CLEC4E/CCR9/NKX2-3/AICDA/LY6D/ZBTB16/CLEC4D/IGHM/LEP/WNT1",70
"GO:0002791","GO:0002791","regulation of peptide secretion","40/1935","215/18860",0.186046511627907,1.81335256294694,4.05557420275122,0.000145251516702627,0.00403827284359237,0.00323889092672779,"PDX1/IL1B/F2RL2/SOX4/APLN/IL6/ADCY5/TFR2/CCL5/CRHBP/NMU/BLK/NNAT/S100A8/VSNL1/ADRA2A/FFAR2/PRKCB/INHBB/PLCB1/RASL10B/ABCA12/NR1H4/UCN3/ABCC8/GCG/DRD2/GPER1/BRSK2/TNFSF11/GPLD1/EPHA5/MLXIPL/FFAR3/ECRG4/FFAR1/ADRA2C/GRP/LEP/SLC30A8",40
"GO:0002705","GO:0002705","positive regulation of leukocyte mediated immunity","32/1935","159/18860",0.20125786163522,1.96161409325078,4.11720453961735,0.00014739071708674,0.00406681567840907,0.00326178366634483,"IL1B/ULBP1/STAP1/IL6/RAET1L/TNFSF4/IL23A/PLCG2/DDX21/ULBP2/AZGP1/CD160/ULBP3/FCGR1A/FOXP3/CD55/ZP3/KIR2DL4/CRTAM/CD7/KIT/TBX21/KLRC1/FCER2/IL2/SECTM1/KLRC4/RAET1G/KLRC3/KLRC2/SH2D1B/RAET1E",32
"GO:0001523","GO:0001523","retinoid metabolic process","21/1935","87/18860",0.241379310344828,2.35266862692685,4.27582261389068,0.000147691481631189,0.00406681567840907,0.00326178366634483,"LRP8/UGT1A1/CYP3A4/ALDH1A3/CEL/AKR1B10/RETSAT/RDH5/UGT1A8/ADH6/DGAT2/ADH1B/CYP3A7/CRABP2/AKR1C4/ADH1A/UGT1A7/ADH1C/UGT1A9/RBP1/CYP2W1",21
"GO:0001906","GO:0001906","cell killing","49/1935","281/18860",0.174377224199288,1.69961470201477,3.99518041656261,0.000149288461912257,0.00407880713767363,0.00327140139900295,"TREM1/CXCL8/ULBP1/STAP1/RAET1L/KRT6A/CFB/CXCL1/CXCL3/IL23A/FCGR3B/DAO/CXCL6/CXCL12/DNASE1L3/KLRB1/ULBP2/AZGP1/SLAMF7/FCGR3A/CD160/ULBP3/FCGR1A/CD55/IGHG1/CXCL11/KIR2DL4/CRTAM/CXCL2/GZMM/NECTIN4/KLRC1/DEFA6/PPBP/GZMB/FCN3/CXCL13/GBP7/KLRC4/RAET1G/PF4/KLRC3/KNG1/CEACAM1/CCL20/KLRC2/SCNN1B/RAET1E/LEP",49
"GO:0003203","GO:0003203","endocardial cushion morphogenesis","13/1935","41/18860",0.317073170731707,3.09043927648579,4.53071443552587,0.000149544449356931,0.00407880713767363,0.00327140139900295,"ROBO2/MSX2/SNAI1/SOX9/TWIST1/BMP2/BMP5/NOS3/HEYL/BMP7/TBX20/TMEM100/TGFB2",13
"GO:0071300","GO:0071300","cellular response to retinoic acid","18/1935","69/18860",0.260869565217391,2.54263565891473,4.34058676101661,0.000150964969903942,0.00409812925376031,0.00328689867442297,"COL1A1/WNT2/WNT5A/TNC/TESC/PTK7/SOX9/WNT7B/KLF4/WNT11/FZD10/LTK/DRD2/BRINP3/BRINP2/WNT3/FGFR2/LEP",18
"GO:0003094","GO:0003094","glomerular filtration","11/1935","31/18860",0.354838709677419,3.45853129949154,4.63210544517746,0.00015564835965836,0.00420542868466603,0.00337295802867265,"SULF1/EDNRA/F2R/KIRREL1/ADGRF5/PDGFB/IGHA2/JCHAIN/IGHA1/IGKV3-20/CORO2B",11
"GO:0060349","GO:0060349","bone morphogenesis","23/1935","100/18860",0.23,2.24175710594315,4.20974425712892,0.000159850900582929,0.00427879968769655,0.0034318051361378,"SFRP4/COL1A1/STC1/MMP14/COMP/COL3A1/MMP13/ATG9B/MSX2/SERPINH1/TFAP2A/SOX9/TWIST1/FGF18/SP5/BMP6/AXIN2/IFITM5/GHR/COL27A1/TRPV4/MMP16/FGFR2",23
"GO:0140115","GO:0140115","export across plasma membrane","23/1935","100/18860",0.23,2.24175710594315,4.20974425712892,0.000159850900582929,0.00427879968769655,0.0034318051361378,"ABCG2/SLC35G1/SLC22A5/SLC30A10/SLC47A1/ATP1B2/SLC38A5/KCNH2/FXYD5/SLC8A3/SLC4A4/SLC30A2/KCNE4/ATP12A/FXYD1/ATP1A2/MIR186/PDZK1/KCNE2/RGS9/FXYD4/FXYD3/SLC22A2",23
"GO:0002065","GO:0002065","columnar/cuboidal epithelial cell differentiation","25/1935","113/18860",0.221238938053097,2.15636504996456,4.1687299777092,0.00016371335527788,0.00436189981307501,0.00349845547219057,"SOX11/PKP1/SOX4/MCIDAS/LEF1/CEBPB/SOX9/CCDC78/CCNO/BMP2/ENAM/SERPINE1/INSM1/BMP7/NPY/WNT11/TMIGD1/EMX1/ASCL1/BHLHA15/TP73/NODAL/PYY/FGFR2/NKX3-2",25
"GO:0098661","GO:0098661","inorganic anion transmembrane transport","28/1935","133/18860",0.210526315789474,2.05195158438732,4.11645093730595,0.000169166753479687,0.00447319708995467,0.00358772129305432,"BEST4/TTYH3/PACC1/SLC17A8/SLC26A2/CLCA4/GABRD/GLRB/SLC4A11/OCA2/SLC5A6/SLC13A1/SLC1A1/SLC17A7/SLC26A3/GABRP/CLIC5/CLCN4/FXYD1/AQP6/SLC5A8/GABRG1/FXYD3/KCNK2/SLC1A7/CLCN1/GABRB3/GABRG2",28
"GO:0007605","GO:0007605","sensory perception of sound","34/1935","174/18860",0.195402298850575,1.90454126941697,4.05303462885327,0.000169445172130342,0.00447319708995467,0.00358772129305432,"COL11A1/CEMIP/COL1A1/CDC14A/CDH23/SPNS2/TFAP2A/SIX1/MYC/SLC17A8/USH1G/DIAPH3/TMPRSS3/TSPEAR/CACNA1D/MYO3A/EPYC/HOMER2/THRB/PDZD7/BIRC5/KIT/CLIC5/SLITRK6/COL4A3/LHFPL4/P2RX2/HPN/ATP2B2/LOXHD1/ADGRV1/TMIE/CNTN5/CEACAM16",34
"GO:0070509","GO:0070509","calcium ion import","21/1935","88/18860",0.238636363636364,2.32593375616631,4.21544441213909,0.000175487114595277,0.00459359602901265,0.00368428708897901,"STC1/PDGFRB/TRPV3/CACNA1C/PLPP4/HOMER1/CXCL12/CACNA1D/PDGFB/P2RX1/TRPV6/SLC8A3/MS4A1/FCRL3/GCG/NALF2/SLN/TRPV4/TRPV1/CACNA1A/CAV3",21
"GO:0008585","GO:0008585","female gonad development","24/1935","107/18860",0.224299065420561,2.186191407665,4.1605118386632,0.000175602280865818,0.00459359602901265,0.00368428708897901,"INHBA/MMP14/ROBO2/TNFAIP6/CEBPB/BRCA2/VEGFA/BCL2/NOTCH4/NOS3/MMP2/WT1/ZP3/DMRTA1/KIT/AFP/GAS2/INHBB/ESR1/EREG/CYP19A1/UMODL1/LEP/AMH",24
"GO:0006953","GO:0006953","acute-phase response","14/1935","47/18860",0.297872340425532,2.90329319918632,4.41734249539326,0.000177846870156879,0.00463126125680017,0.0037144964307593,"IL1A/IL1B/IL6/IL6R/CEBPB/PTGS2/REG3A/IL1RN/LCN2/TRPV1/TNFSF11/FN1/SAA2/REG3G",14
"GO:0042113","GO:0042113","B cell activation","50/1935","291/18860",0.171821305841924,1.67470275358072,3.92193322634095,0.000186271965698346,0.00482880703871163,0.00387293774104906,"INHBA/SPIB/IL11/MMP14/SLC39A10/IL6/PLCL2/CFB/TNFSF4/LEF1/TNFRSF13B/APLF/PLCG2/CD27/ADGRG3/CD79A/CTPS1/BCL2/TBC1D10C/CR2/CD79B/FOXP3/CD19/ZAP70/CD22/IKZF3/FZD9/TNFRSF13C/ITM2A/AQP8/POU2AF1/FLT3/FCRL1/EXO1/PRKCB/MS4A1/FCRL3/KIT/TBX21/CXCR5/CDKN2A/FCRL5/LAX1/MZB1/PAX5/IL2/BANK1/NKX2-3/AICDA/IGHM",50
"GO:0043588","GO:0043588","skin development","55/1935","329/18860",0.167173252279635,1.6293992444413,3.89412792604947,0.000190451324047483,0.00491501062732405,0.00394207720532552,"FOXQ1/INHBA/COL1A1/KRT6B/COL5A2/COL1A2/COMP/WNT5A/KRT17/COL3A1/CDH3/DSG4/ETV4/PKP1/MSX2/COL5A1/ADAMTS2/LGR5/SNAI1/MET/KRT6A/ITGA2/SOX9/CYP27B1/DKK4/KRT9/LIPN/KRT80/GRHL1/KRT16/KLF4/BCL2/IL17A/COL5A3/ALOX15B/RYR1/APCDD1/GRHL3/ZNF750/CLDN1/SHH/CDKN2A/FERMT1/REG3A/CYSRT1/IGFBP5/ABCA12/EREG/KRT7/KRT75/DKK1/TGFB2/FGFR2/GAL/REG3G",55
"GO:0008016","GO:0008016","regulation of heart contraction","41/1935","225/18860",0.182222222222222,1.77607809359747,3.95974721035653,0.000192475108401702,0.00494506361094552,0.00396618115761967,"EDNRA/STC1/CORIN/APELA/APLN/GJC1/TMIGD3/CACNA1C/NMU/ATP1B2/AGT/NOS3/CACNA1D/CTNNA3/TNNI3/JPH1/HCN1/GSTM2/KCNH2/SLC1A1/SLC8A3/THRB/KCNE4/TBX18/EDN3/FXYD1/ADRA1A/IRX3/ATP1A2/ANK2/DRD2/ADRB1/EDN2/ATP2B2/KCNE2/RYR2/MYL3/RGS4/TGFB2/CAV3/JPH4",41
"GO:0003197","GO:0003197","endocardial cushion development","15/1935","53/18860",0.283018867924528,2.7585198186339,4.33471866646554,0.00019897530621167,0.00506682693472638,0.0040638412563492,"ROBO2/MSX2/SNAI1/SOX9/TWIST1/BMP2/BMP5/NOS3/HEYL/BMP7/TBX20/TMEM100/DKK1/TGFB2/RBM24",15
"GO:0010043","GO:0010043","response to zinc ion","15/1935","53/18860",0.283018867924528,2.7585198186339,4.33471866646554,0.00019897530621167,0.00506682693472638,0.0040638412563492,"SLC30A10/S100A8/SLC30A2/MT2A/MT1E/MT1M/MT1X/CPS1/ABCC8/BGLAP/MT1F/MT1H/GABRB3/OTC/SLC30A8",15
"GO:0090276","GO:0090276","regulation of peptide hormone secretion","39/1935","211/18860",0.184834123222749,1.80153569197987,3.95887505632945,0.000201084973987853,0.0050913572224427,0.00408351573833485,"PDX1/IL1B/F2RL2/SOX4/APLN/IL6/ADCY5/TFR2/CCL5/CRHBP/NMU/BLK/NNAT/VSNL1/ADRA2A/FFAR2/PRKCB/INHBB/PLCB1/RASL10B/ABCA12/NR1H4/UCN3/ABCC8/GCG/DRD2/GPER1/BRSK2/TNFSF11/GPLD1/EPHA5/MLXIPL/FFAR3/ECRG4/FFAR1/ADRA2C/GRP/LEP/SLC30A8",39
"GO:0090277","GO:0090277","positive regulation of peptide hormone secretion","26/1935","121/18860",0.214876033057851,2.09434727827963,4.08328899235091,0.000201707983790953,0.0050913572224427,0.00408351573833485,"PDX1/F2RL2/SOX4/APLN/TFR2/NMU/BLK/NNAT/VSNL1/FFAR2/PRKCB/PLCB1/RASL10B/NR1H4/UCN3/ABCC8/GCG/DRD2/GPER1/TNFSF11/GPLD1/MLXIPL/ECRG4/FFAR1/GRP/SLC30A8",26
"GO:0032526","GO:0032526","response to retinoic acid","24/1935","108/18860",0.222222222222222,2.16594889463107,4.10868713165753,0.000204148924552074,0.00510881337134216,0.00409751641745583,"COL1A1/WNT2/WNT5A/TNC/TESC/PTK7/SOX9/WNT7B/KLF4/IGFBP7/MMP2/HSD17B2/WNT11/FZD10/BMP6/LTK/ASCL1/DRD2/BRINP3/BRINP2/WNT3/DKK1/FGFR2/LEP",24
"GO:0002706","GO:0002706","regulation of lymphocyte mediated immunity","38/1935","204/18860",0.186274509803922,1.81557480873486,3.96009036676831,0.000204712921916587,0.00510881337134216,0.00409751641745583,"IL1B/ULBP1/IL6/RAET1L/TNFSF4/APLF/IL23A/KLRB1/ULBP2/AZGP1/CD96/CD160/ULBP3/FCGR1A/CR2/FOXP3/CD55/ZP3/KIR2DL4/CRTAM/CD7/CCR2/TBX21/NECTIN4/KLRC1/FCER2/IL2/SECTM1/KLRC4/RAET1G/KLRC3/CEACAM1/KLRC2/C4BPB/SH2D1B/CLC/RAET1E/LEP",38
"GO:0007586","GO:0007586","digestion","30/1935","148/18860",0.202702702702703,1.97569662685942,4.02922048344933,0.000205062708736758,0.00510881337134216,0.00409751641745583,"PRSS2/SLC22A5/SGK1/SOX9/FOLH1/DAO/UCN2/NMU/SLC2A5/SST/CEL/IL17A/ADRA2A/PPARGC1A/AKR1C2/CRACD/PBLD/NPSR1/CLDN2/UCN3/TFF2/FABP2/MOGAT2/NKX2-3/GCNT3/ENPP7/CHRM5/NPC1L1/LEP/PGC",30
"GO:0015721","GO:0015721","bile acid and bile salt transport","10/1935","27/18860",0.37037037037037,3.60991482438511,4.58863950028714,0.000206232241609314,0.00511580409681725,0.0041031233187697,"ABCC2/ABCB11/SLC51B/NR1H4/CEACAM1/SLC10A2/AKR1C4/SLCO1A2/SLC51A/SLC10A1",10
"GO:0070098","GO:0070098","chemokine-mediated signaling pathway","21/1935","89/18860",0.235955056179775,2.29979966901838,4.15588189327591,0.000207790335823353,0.00513233211443519,0.00411637959153108,"ACKR2/CCL5/CXCL6/CXCL12/CCL23/CXCR2/CCR8/CXCL11/CXCR1/XCL2/CCR2/CXCR5/CCL24/PADI2/CXCL13/CCR3/TFF2/CCR9/CCL7/CCL3L1/CCL3L3",21
"GO:0002486","GO:0002486","antigen processing and presentation of endogenous peptide antigen via MHC class I via ER pathway, TAP-independent","7/1935","14/18860",0.5,4.8733850129199,4.90208196452261,0.000211691613018214,0.00514423530063349,0.00412592652490335,"ULBP1/RAET1L/ULBP2/AZGP1/ULBP3/RAET1G/RAET1E",7
"GO:0009812","GO:0009812","flavonoid metabolic process","7/1935","14/18860",0.5,4.8733850129199,4.90208196452261,0.000211691613018214,0.00514423530063349,0.00412592652490335,"SULT1A1/UGT1A1/UGT1A10/UGT1A8/SULT1B1/UGT1A7/UGT1A9",7
"GO:0072075","GO:0072075","metanephric mesenchyme development","7/1935","14/18860",0.5,4.8733850129199,4.90208196452261,0.000211691613018214,0.00514423530063349,0.00412592652490335,"SIX4/SIX1/MYC/TCF21/WT1/BMP7/SHH",7
"GO:0031214","GO:0031214","biomineral tissue development","35/1935","183/18860",0.191256830601093,1.86413634373985,3.97182159489538,0.000211847743918356,0.00514423530063349,0.00412592652490335,"COL1A1/ODAM/COL1A2/PTH1R/COMP/IBSP/MMP13/CLEC3B/MSX2/CEBPB/TFAP2A/SOX9/SPP1/CYP27B1/TWIST1/LOX/HACD1/BMP2/ENAM/CNNM4/TSPEAR/NOS3/BMP7/FZD9/RSPO2/WNT11/BMP6/AXIN2/PTN/MMP20/IFITM5/ADGRV1/BGLAP/FGFR2/LEP",35
"GO:0050817","GO:0050817","coagulation","44/1935","248/18860",0.17741935483871,1.72926564974577,3.90886392804033,0.000213628410377534,0.00516567857866685,0.00414312507521224,"FAP/PDPN/PLAU/ANGPT2/COMP/F2R/COL3A1/F2RL2/IL6/IL6R/ITGA2/SLC7A11/PLCG2/F7/NOS3/SERPINE1/ADRA2A/P2RY12/SERPINE2/TFPI2/PDGFB/P2RX1/F5/SCUBE1/P2RY1/SERPINA10/SHH/TYRO3/F13A1/HBB/VWF/SELP/ANGPTL1/ANGPTL6/ADTRP/PF4/KNG1/CEACAM1/PRSS56/SERPIND1/DGKI/C4BPB/FN1/ADRA2C",44
"GO:0051928","GO:0051928","positive regulation of calcium ion transport","23/1935","102/18860",0.225490196078431,2.19780108425799,4.10135156448172,0.00021857268832471,0.00523651417834154,0.00419993866606203,"CEMIP/STC1/F2R/PDGFRB/THY1/TRPV3/CCL5/NTSR1/HOMER1/CXCL12/CACNA1D/PDGFB/CD19/CXCL11/P2RX1/MS4A1/LILRA5/NPSR1/P2RX2/ANK2/GCG/GPER1/FFAR1",23
"GO:0006805","GO:0006805","xenobiotic metabolic process","28/1935","135/18860",0.207407407407407,2.02155230165566,4.02765306344606,0.000220370126618396,0.00523651417834154,0.00419993866606203,"SULT1A1/UGT1A1/CYP3A4/ABCC2/AHRR/ABCB11/SULT1A2/SMOX/LPO/CYP4F12/CMBL/GSTM2/CES3/FMO5/UGT1A10/UGT1A8/SLC28A3/FMO2/SULT1B1/CYP3A7/UGT2A3/SLC29A1/FMO1/BCHE/SLCO1A2/UGT1A7/UGT1A9/CYP2W1",28
"GO:0048762","GO:0048762","mesenchymal cell differentiation","48/1935","278/18860",0.172661870503597,1.68289554402989,3.87851901744793,0.000220409112631628,0.00523651417834154,0.00419993866606203,"PDPN/COL1A1/WNT2/EDNRA/WNT5A/IL1B/LOXL2/MSX2/SLC39A10/IL6/SNAI1/LEF1/GCNT2/APLF/SOX9/SIX1/PDCD4/TWIST1/VEGFA/NRP2/BMP2/BMP5/AGT/BCL2/NOTCH4/HEYL/TCF21/BMP7/SEMA6D/SPRED3/TBX20/GBX2/FGF19/ZNF750/SHH/WNT11/AXIN2/EDN3/HPN/FOXF2/FOLR1/FAM83D/TMEM100/TGFB2/FN1/FGFR2/FOXC2/SEMA3D",48
"GO:0002011","GO:0002011","morphogenesis of an epithelial sheet","17/1935","65/18860",0.261538461538462,2.54915523752733,4.23024897794367,0.000220771134661838,0.00523651417834154,0.00419993866606203,"PDPN/WNT5A/SOX11/MSX2/COL5A1/CARMIL2/AJUBA/CD44/MMP12/BMP5/BMP7/LAMA1/TMEFF2/TBX20/FERMT1/CEACAM1/ITGA5",17
"GO:0001707","GO:0001707","mesoderm formation","19/1935","77/18860",0.246753246753247,2.4050471492332,4.17723836187039,0.00022110737538436,0.00523651417834154,0.00419993866606203,"INHBA/WNT5A/APELA/SNAI1/ITGA2/LEF1/KLF4/ITGA8/BMP7/TBX20/WNT11/HAND1/MESP1/TLX2/NODAL/WNT3/DKK1/FGFR2/FOXC2",19
"GO:0097009","GO:0097009","energy homeostasis","21/1935","90/18860",0.233333333333333,2.27424633936262,4.09711344489443,0.000245208254321986,0.00577806045863191,0.00463428508136649,"SCTR/GDF15/APPL2/SLC35D3/TWIST1/NMU/SGIP1/ENHO/PPARGC1A/GUCA2B/PM20D1/FMO2/IRX3/ADRB1/EDN2/TRPV4/TRPV1/FMO1/MLXIPL/CNTN2/LEP",21
"GO:0001666","GO:0001666","response to hypoxia","53/1935","317/18860",0.167192429022082,1.62958615573978,3.82234847128098,0.000245981722391802,0.00577806045863191,0.00463428508136649,"INHBA/PLAU/CA9/ANGPT2/PMAIP1/EDNRA/STC1/MMP14/HILPDA/LOXL2/PLEKHN1/AJUBA/HIGD1A/ITGA2/ACAA2/MYC/TWIST1/ASCL2/STC2/CXCL12/PGF/VEGFA/OPRD1/BMP2/DDIT4/BCL2/F7/SLC2A1/E2F1/MMP2/POSTN/BMP7/PTGS2/RYR1/SLC8A3/FABP1/CCNB1/VEGFD/P2RX2/ADIPOQ/UCN3/HSD11B2/DRD2/LCN2/TRPV4/SLC29A1/RYR2/KCNK2/TGFB2/FGFR2/CAV3/LEP/GNGT1",53
"GO:0048706","GO:0048706","embryonic skeletal system development","28/1935","136/18860",0.205882352941176,2.00668794649643,3.98382711182673,0.000250801304572464,0.00586732320249808,0.00470587813671482,"COL11A1/SULF1/COL1A1/MDFI/EDNRA/MMP14/PRRX1/WNT5A/SOX11/TBX15/MTHFD1L/SIX4/TFAP2A/SIX1/TWIST1/HOXD3/BMP7/PCSK5/HOXB8/SHH/WNT11/HOXD4/PAX5/NODAL/MMP16/FGFR2/NKX3-2/FOXC2",28
"GO:0048701","GO:0048701","embryonic cranial skeleton morphogenesis","13/1935","43/18860",0.302325581395349,2.94669791478877,4.32108764538794,0.000255321829213998,0.00592145461409938,0.00474929415754278,"MMP14/PRRX1/TBX15/MTHFD1L/SIX4/TFAP2A/SIX1/TWIST1/PAX5/NODAL/MMP16/FGFR2/FOXC2",13
"GO:0045664","GO:0045664","regulation of neuron differentiation","37/1935","199/18860",0.185929648241206,1.81221352239232,3.8946171659986,0.000255981010619682,0.00592145461409938,0.00474929415754278,"GDPD5/SOX11/NOTCH3/SOX9/SIX1/CXCL12/NEUROG3/ECT2/HOXD3/BMP2/BCL2/HEYL/TGIF2/HES5/RAB37/BMP7/VWC2/PCP4/WDR62/GDF7/FEZF1/SHH/CNTN4/BMP6/ZNF536/LTK/ASCL1/IRX3/NAP1L2/RNF112/BRINP3/TP73/BRINP2/DKK1/ADRA2C/CNTN2/GDF5",37
"GO:0014823","GO:0014823","response to activity","20/1935","84/18860",0.238095238095238,2.32065952996186,4.10170526889467,0.000256201945944526,0.00592145461409938,0.00474929415754278,"ANGPT2/FUT1/IL6/ITGA2/SLC7A5/AGT/MMP2/POSTN/PPARGC1A/CDK1/BMP6/PERM1/COL4A2/ADIPOQ/GCG/RYR2/BGLAP/FN1/ITGA5/LEP",20
"GO:0003014","GO:0003014","renal system process","29/1935","143/18860",0.202797202797203,1.97661769754793,3.96378385866522,0.000257339180925053,0.00592394794489473,0.00475129392992151,"SULF1/ABCG2/EDNRA/STC1/CORIN/F2R/SGK1/KIRREL1/AGT/BCL2/CYP4F12/ADGRF5/PDGFB/IGHA2/JCHAIN/CLDN16/PCSK5/GUCA2B/IGHA1/HBB/ADIPOQ/HSD11B2/DRD2/IGKV3-20/CORO2B/AQP6/TRPV1/CLDN19/SCNN1B",29
"GO:0071772","GO:0071772","response to BMP","36/1935","192/18860",0.1875,1.82751937984496,3.89686506468716,0.000260004950179252,0.0059378114614349,0.00476241314342531,"SFRP4/SULF1/ADAMTS12/COMP/WNT5A/SOX11/DSG4/TNFAIP6/MSX2/CHRDL2/HTRA3/LEF1/SOX9/PDCD4/BMP2/BMP5/KCP/HEYL/HES5/GREM2/BMP7/VWC2/GDF7/TBX20/FSTL3/BMP6/TMPRSS6/ERFE/VSTM2A/FOXD1/TMEM100/DKK1/GDF5/DAND5/SCUBE3/WNT1",36
"GO:0071773","GO:0071773","cellular response to BMP stimulus","36/1935","192/18860",0.1875,1.82751937984496,3.89686506468716,0.000260004950179252,0.0059378114614349,0.00476241314342531,"SFRP4/SULF1/ADAMTS12/COMP/WNT5A/SOX11/DSG4/TNFAIP6/MSX2/CHRDL2/HTRA3/LEF1/SOX9/PDCD4/BMP2/BMP5/KCP/HEYL/HES5/GREM2/BMP7/VWC2/GDF7/TBX20/FSTL3/BMP6/TMPRSS6/ERFE/VSTM2A/FOXD1/TMEM100/DKK1/GDF5/DAND5/SCUBE3/WNT1",36
"GO:0019748","GO:0019748","secondary metabolic process","16/1935","60/18860",0.266666666666667,2.59913867355728,4.1948680363894,0.000263174600401727,0.00598644199728039,0.00480141719476419,"WNT5A/CDH3/CYP3A4/SLC7A11/BCL2/OCA2/AKR1C2/AKR1B10/UGT1A10/UGT1A8/FMO2/CITED1/FMO1/AKR1C4/UGT1A7/CYP2W1",16
"GO:0016338","GO:0016338","calcium-independent cell-cell adhesion via plasma membrane cell-adhesion molecules","9/1935","23/18860",0.391304347826087,3.81395348837209,4.56573225745928,0.000264845171471441,0.0059945385176369,0.00480791099727245,"CLDN23/BMP2/CLDN16/CLDN1/CLDN18/CLDN2/CLDN14/CLDN19/CLDN6",9
"GO:0007411","GO:0007411","axon guidance","43/1935","243/18860",0.176954732510288,1.72473708276177,3.8447158421583,0.000265613783144641,0.0059945385176369,0.00480791099727245,"EDNRA/CELSR3/ANOS1/UNC5C/ROBO2/WNT5A/NOTCH3/UNC5D/PTK7/WNT7B/TUBB3/CXCL12/VEGFA/NRP2/BMP7/SEMA6D/GDF7/PTPRH/FEZF1/GBX2/SHH/CNTN4/CNTN1/EFNA3/LGI1/BDNF/NTN1/KIF5C/EPHB3/EDN3/EPHB1/UNC5A/MYPN/GAP43/FOXD1/EPHA10/WNT3/CNTN5/EPHA5/TGFB2/CNTN2/EVX1/SEMA3D",43
"GO:0030072","GO:0030072","peptide hormone secretion","45/1935","258/18860",0.174418604651163,1.70001802776275,3.82802472223485,0.000270639274038901,0.0060840977425542,0.00487974184482147,"PDX1/ILDR2/IL1B/F2RL2/SOX4/APLN/IL6/ADCY5/TFR2/CCL5/CRHBP/NMU/BLK/NNAT/VSNL1/ADRA2A/FFAR2/PRKCB/GPR119/EDN3/INHBB/IL1RN/PLCB1/RASL10B/ABCA12/NR1H4/UCN3/ABCC8/GCG/DRD2/GPER1/TRPV4/BRSK2/TNFSF11/GPLD1/EPHA5/MLXIPL/FFAR3/ECRG4/FFAR1/ADRA2C/GAL/GRP/LEP/SLC30A8",45
"GO:0002690","GO:0002690","positive regulation of leukocyte chemotaxis","22/1935","97/18860",0.22680412371134,2.21060763472655,4.04178876714037,0.000271934367791275,0.00608942523983965,0.00488401475635774,"CXCL8/WNT5A/IL6/IL6R/FPR2/CCL5/IL23A/THBS4/CXCL12/PGF/VEGFA/F7/SERPINE1/CXCL17/CCR2/EDN3/VEGFD/PTN/CXCL13/EDN2/TRPV4/CCL7",22
"GO:0002708","GO:0002708","positive regulation of lymphocyte mediated immunity","28/1935","137/18860",0.204379562043796,1.99204058922273,3.94037434505461,0.000284903400039832,0.0063551126636792,0.00509710897256084,"IL1B/ULBP1/IL6/RAET1L/TNFSF4/IL23A/ULBP2/AZGP1/CD160/ULBP3/FCGR1A/FOXP3/CD55/ZP3/KIR2DL4/CRTAM/CD7/TBX21/KLRC1/FCER2/IL2/SECTM1/KLRC4/RAET1G/KLRC3/KLRC2/SH2D1B/RAET1E",28
"GO:0002228","GO:0002228","natural killer cell mediated immunity","21/1935","91/18860",0.230769230769231,2.24925462134764,4.03911826962902,0.000288411297992864,0.00637828534181944,0.00511569458573839,"ULBP1/KLRB1/ULBP2/CD96/SLAMF7/FCGR3A/CD160/ULBP3/KIR2DL4/CRTAM/NECTIN4/KLRC1/GZMB/KLRC4/RAET1G/KLRC3/CEACAM1/KLRC2/SH2D1B/RAET1E/LEP",21
"GO:0016101","GO:0016101","diterpenoid metabolic process","21/1935","91/18860",0.230769230769231,2.24925462134764,4.03911826962902,0.000288411297992864,0.00637828534181944,0.00511569458573839,"LRP8/UGT1A1/CYP3A4/ALDH1A3/CEL/AKR1B10/RETSAT/RDH5/UGT1A8/ADH6/DGAT2/ADH1B/CYP3A7/CRABP2/AKR1C4/ADH1A/UGT1A7/ADH1C/UGT1A9/RBP1/CYP2W1",21
"GO:0097485","GO:0097485","neuron projection guidance","43/1935","244/18860",0.176229508196721,1.71766848816029,3.81514529057668,0.000291085454872488,0.00637828534181944,0.00511569458573839,"EDNRA/CELSR3/ANOS1/UNC5C/ROBO2/WNT5A/NOTCH3/UNC5D/PTK7/WNT7B/TUBB3/CXCL12/VEGFA/NRP2/BMP7/SEMA6D/GDF7/PTPRH/FEZF1/GBX2/SHH/CNTN4/CNTN1/EFNA3/LGI1/BDNF/NTN1/KIF5C/EPHB3/EDN3/EPHB1/UNC5A/MYPN/GAP43/FOXD1/EPHA10/WNT3/CNTN5/EPHA5/TGFB2/CNTN2/EVX1/SEMA3D",43
"GO:0003272","GO:0003272","endocardial cushion formation","10/1935","28/18860",0.357142857142857,3.48098929494278,4.44212893024631,0.000291483761059689,0.00637828534181944,0.00511569458573839,"ROBO2/MSX2/SNAI1/BMP2/BMP5/HEYL/BMP7/TBX20/TMEM100/TGFB2",10
"GO:0046629","GO:0046629","gamma-delta T cell activation","10/1935","28/18860",0.357142857142857,3.48098929494278,4.44212893024631,0.000291483761059689,0.00637828534181944,0.00511569458573839,"JAG2/SOX4/LEF1/TRGC1/GPR18/CD3E/CD3G/TCF7/KLRC1/CCR9",10
"GO:0032496","GO:0032496","response to lipopolysaccharide","57/1935","350/18860",0.162857142857143,1.58733111849391,3.75015571224422,0.000295378721402935,0.00643903235482533,0.00516441664015896,"MMP3/SLC11A1/CXCL8/IL1A/F2R/WNT5A/CSF3/IL1B/NUGGC/STAP1/IL6/RIPK2/SELE/TNFSF4/CEBPB/CXCL5/PDCD4/CYP27B1/PLCG2/CNR2/HPGD/MMP8/IRAK2/CXCL6/DIO2/FCAR/SLC7A5/CD96/S100A8/SPON2/NOS3/SERPINE1/SLC22A4/E2F1/FOXP3/CD55/CSF2/MMP9/HMGCS2/CLDN1/BMP6/PPBP/SELP/FASLG/CITED1/CPS1/CXCL13/NR1H4/ABCC8/PALM3/PF4/LCN2/IDO1/FMO1/AICDA/FGFR2/TNIP3",57
"GO:0007548","GO:0007548","sex differentiation","50/1935","297/18860",0.168350168350168,1.6408703747205,3.76408840285076,0.000307339454830709,0.00667448514170087,0.00535326120926578,"INHBA/MMP14/ROBO2/STRA6/WNT5A/TESC/TNFAIP6/SIX4/MCIDAS/DACH1/CEBPB/SOX9/CCNO/BRCA2/VEGFA/CBX2/BMP5/BCL2/NOTCH4/CNTFR/DNAAF11/NOS3/DMRT3/MMP2/GFRA1/TCF21/WT1/DMRTA2/ZP3/DMRTA1/CENPI/TEX11/SHH/KIT/AFP/KIF18A/GAS2/BMP6/TYRO3/INHBB/ESR1/SALL1/EREG/FOXF2/CYP19A1/UMODL1/HSD17B3/TGFB2/LEP/AMH",50
"GO:0002697","GO:0002697","regulation of immune effector process","66/1935","421/18860",0.156769596199525,1.52799720120054,3.70458413446776,0.000313356902032038,0.00675719008680458,0.0054195945915475,"WNT5A/IL1B/ULBP1/STAP1/IL6/RAET1L/RIPK2/TNFSF4/KLK7/APPL2/APLF/IL23A/PLCG2/TWIST1/CXCL6/S100A9/ASCL2/DNASE1L3/KLRB1/DDX21/ULBP2/AZGP1/SLC7A5/FGL2/CD96/SPON2/CD160/IRF4/IL17A/ULBP3/FCGR1A/CR2/FOXP3/CD55/CD22/ZP3/KIR2DL4/CRTAM/PCK1/CD7/FFAR2/FCRL3/CCR2/KIT/TBX21/NECTIN4/KLRC1/FCER2/MZB1/IL2/FCN3/SECTM1/KLRC4/RAET1G/KLRC3/CEACAM1/KLRC2/C4BPB/SH2D1B/CLC/FFAR3/TGFB2/RAET1E/LEP/IL17F/PGC",66
"GO:0048332","GO:0048332","mesoderm morphogenesis","19/1935","79/18860",0.240506329113924,2.34415987963236,4.04800084073552,0.000315329848029474,0.00675719008680458,0.0054195945915475,"INHBA/WNT5A/APELA/SNAI1/ITGA2/LEF1/KLF4/ITGA8/BMP7/TBX20/WNT11/HAND1/MESP1/TLX2/NODAL/WNT3/DKK1/FGFR2/FOXC2",19
"GO:0090100","GO:0090100","positive regulation of transmembrane receptor protein serine/threonine kinase signaling pathway","24/1935","111/18860",0.216216216216216,2.10740973531671,3.95654626315426,0.000315905545965193,0.00675719008680458,0.0054195945915475,"INHBA/SULF1/SOX11/MSX2/HSP90AB1/BMP2/BMP5/ITGA8/KCP/HES5/CDKN2B/BMP7/GDF7/TBX20/BMP6/FERMT1/CITED1/TTK/NODAL/FOXD1/TGFB2/GDF5/SCUBE3/AMH",24
"GO:1990868","GO:1990868","response to chemokine","22/1935","98/18860",0.224489795918367,2.18805041396404,3.98697780733426,0.000317204038074921,0.00675719008680458,0.0054195945915475,"ACKR2/CCL5/CXCL6/LOX/CXCL12/CCL23/CXCR2/CCR8/CXCL11/CXCR1/XCL2/CCR2/CXCR5/CCL24/PADI2/CXCL13/CCR3/TFF2/CCR9/CCL7/CCL3L1/CCL3L3",22
"GO:1990869","GO:1990869","cellular response to chemokine","22/1935","98/18860",0.224489795918367,2.18805041396404,3.98697780733426,0.000317204038074921,0.00675719008680458,0.0054195945915475,"ACKR2/CCL5/CXCL6/LOX/CXCL12/CCL23/CXCR2/CCR8/CXCL11/CXCR1/XCL2/CCR2/CXCR5/CCL24/PADI2/CXCL13/CCR3/TFF2/CCR9/CCL7/CCL3L1/CCL3L3",22
"GO:0010038","GO:0010038","response to metal ion","57/1935","351/18860",0.162393162393162,1.58280880761501,3.72669339051826,0.000318192617467253,0.00675719008680458,0.0054195945915475,"SLC11A1/IL1A/PDX1/WNT5A/LOXL2/CPNE7/ANK3/CPNE5/TFAP2A/TFR2/PLCG2/CRHBP/HOMER1/SLC30A10/ECT2/S100A8/BCL2/CPNE8/TRPV6/HCN1/SLC1A1/RYR1/ITPKA/CDK1/CHP2/HMGCS2/SLC30A2/MT2A/CLDN1/SHH/KIT/DPEP1/BMP6/KCNH1/MT1E/TAT/CCNB1/INHBB/MT1M/MT1X/ATP1A2/CPS1/ABCC8/DRD2/SLFN14/FABP4/LCN2/GUCA1A/RYR2/ADGRV1/BGLAP/MT1F/CALML3/MT1H/GABRB3/OTC/SLC30A8",57
"GO:0060537","GO:0060537","muscle tissue development","70/1935","453/18860",0.154525386313466,1.5061234035514,3.68679925450458,0.000321186116316365,0.00679568418897308,0.00545046873083304,"COL11A1/WNT2/EDNRA/NOX4/STRA6/COL3A1/SOX11/RUNX1/MSX2/SIX4/GJC1/PDGFRB/MYOM1/LEF1/ADAMTS9/SOX9/SIX1/MYC/TWIST1/HOMER1/LOX/VEGFA/NEBL/BMP2/BMP5/BCL2/ITGA8/HEYL/TCF21/WT1/BMP7/TNNI3/DMRTA2/SMYD1/RYR1/CDK1/TENM4/TBX20/COL19A1/SHH/TBX18/POU4F1/CCNB1/MYH15/EPHB1/NEURL1/HAND1/P2RX2/IGFBP5/ADRA1A/IRX3/PAX5/ALPK2/MYLK2/MESP1/MEGF10/SGCG/TP73/RYR2/MYL3/RGS4/KCNK2/DKK1/ACTC1/TGFB2/FGFR2/CAV3/NRAP/FOXC2/RBM24",70
"GO:0031649","GO:0031649","heat generation","8/1935","19/18860",0.421052631578947,4.10390316877465,4.57686883228321,0.000323474628872046,0.00681903475882279,0.00546919702180035,"IL1A/IL1B/APLN/NMU/PTGS2/ADRB1/TRPV1/TNFSF11",8
"GO:0033273","GO:0033273","response to vitamin","21/1935","92/18860",0.228260869565217,2.22480620155039,3.98187634568467,0.00033813746797919,0.00698912655209612,0.00560561889998472,"COL1A1/STC1/PDX1/TNC/ITGA2/SPP1/CYP27B1/STC2/CYP24A1/F7/SLC22A4/POSTN/BMP7/F5/FOLR2/ASCL1/FOLR1/BGLAP/BCHE/LEP/OTC",21
"GO:0002775","GO:0002775","antimicrobial peptide production","6/1935","11/18860",0.545454545454545,5.31642001409443,4.84185031526614,0.000338829940579464,0.00698912655209612,0.00560561889998472,"MMP7/KLK7/IL17A/LGALS4/IL17F/PGC",6
"GO:0060900","GO:0060900","embryonic camera-type eye formation","6/1935","11/18860",0.545454545454545,5.31642001409443,4.84185031526614,0.000338829940579464,0.00698912655209612,0.00560561889998472,"STRA6/WNT5A/SOX11/TFAP2A/TWIST1/ALDH1A3",6
"GO:0071492","GO:0071492","cellular response to UV-A","6/1935","11/18860",0.545454545454545,5.31642001409443,4.84185031526614,0.000338829940579464,0.00698912655209612,0.00560561889998472,"MMP1/MMP3/MMP2/MMP9/TIMP1/MME",6
"GO:0072124","GO:0072124","regulation of glomerular mesangial cell proliferation","6/1935","11/18860",0.545454545454545,5.31642001409443,4.84185031526614,0.000338829940579464,0.00698912655209612,0.00560561889998472,"IL6R/SERPINB7/WT1/PDGFB/BMP7/PDGFD",6
"GO:0090091","GO:0090091","positive regulation of extracellular matrix disassembly","6/1935","11/18860",0.545454545454545,5.31642001409443,4.84185031526614,0.000338829940579464,0.00698912655209612,0.00560561889998472,"PDPN/CARMIL2/IL6/FSCN1/MELTF/TGFB2",6
"GO:0002699","GO:0002699","positive regulation of immune effector process","47/1935","276/18860",0.170289855072464,1.65977605512489,3.73350699016549,0.000352116175618953,0.00723724496673955,0.00580462191762823,"WNT5A/IL1B/ULBP1/STAP1/IL6/RAET1L/RIPK2/TNFSF4/KLK7/APPL2/IL23A/PLCG2/DDX21/ULBP2/AZGP1/SLC7A5/SPON2/CD160/IL17A/ULBP3/FCGR1A/FOXP3/CD55/ZP3/KIR2DL4/CRTAM/PCK1/CD7/FFAR2/CCR2/KIT/TBX21/KLRC1/FCER2/MZB1/IL2/FCN3/SECTM1/KLRC4/RAET1G/KLRC3/KLRC2/SH2D1B/FFAR3/RAET1E/IL17F/PGC",47
"GO:0002476","GO:0002476","antigen processing and presentation of endogenous peptide antigen via MHC class Ib","7/1935","15/18860",0.466666666666667,4.54849267872524,4.64865106319095,0.000361800895961767,0.00733156393049286,0.00588027030686564,"ULBP1/RAET1L/ULBP2/AZGP1/ULBP3/RAET1G/RAET1E",7
"GO:0002484","GO:0002484","antigen processing and presentation of endogenous peptide antigen via MHC class I via ER pathway","7/1935","15/18860",0.466666666666667,4.54849267872524,4.64865106319095,0.000361800895961767,0.00733156393049286,0.00588027030686564,"ULBP1/RAET1L/ULBP2/AZGP1/ULBP3/RAET1G/RAET1E",7
"GO:0042492","GO:0042492","gamma-delta T cell differentiation","7/1935","15/18860",0.466666666666667,4.54849267872524,4.64865106319095,0.000361800895961767,0.00733156393049286,0.00588027030686564,"JAG2/SOX4/LEF1/GPR18/TCF7/KLRC1/CCR9",7
"GO:1901722","GO:1901722","regulation of cell proliferation involved in kidney development","7/1935","15/18860",0.466666666666667,4.54849267872524,4.64865106319095,0.000361800895961767,0.00733156393049286,0.00588027030686564,"IL6R/MYC/SERPINB7/WT1/PDGFB/BMP7/PDGFD",7
"GO:0022602","GO:0022602","ovulation cycle process","14/1935","50/18860",0.28,2.72909560723514,4.13947332308233,0.000363750994136686,0.00734521744300571,0.00589122108694134,"INHBA/ROBO2/TNFAIP6/NOTCH4/NOS3/MMP2/ZP3/AFP/GAS2/ESR1/EREG/TGFB2/LEP/AMH",14
"GO:0045823","GO:0045823","positive regulation of heart contraction","12/1935","39/18860",0.307692307692308,2.99900616179686,4.22532933874744,0.000365553718106108,0.00735580995699528,0.00589971679755348,"APELA/APLN/NMU/SLC1A1/EDN3/ADRA1A/ATP1A2/ADRB1/EDN2/RYR2/RGS4/TGFB2",12
"GO:0036293","GO:0036293","response to decreased oxygen levels","54/1935","330/18860",0.163636363636364,1.59492600422833,3.68652929094123,0.000373040652733839,0.0074803099529033,0.00599957184022698,"INHBA/PLAU/CA9/ANGPT2/PMAIP1/EDNRA/STC1/MMP14/HILPDA/LOXL2/PLEKHN1/AJUBA/HIGD1A/ITGA2/ACAA2/MYC/TWIST1/ASCL2/STC2/CXCL12/PGF/VEGFA/OPRD1/BMP2/DDIT4/BCL2/F7/SLC2A1/E2F1/MMP2/POSTN/BMP7/PTGS2/SLC1A1/RYR1/SLC8A3/FABP1/CCNB1/VEGFD/P2RX2/ADIPOQ/UCN3/HSD11B2/DRD2/LCN2/TRPV4/SLC29A1/RYR2/KCNK2/TGFB2/FGFR2/CAV3/LEP/GNGT1",54
"GO:0002062","GO:0002062","chondrocyte differentiation","25/1935","119/18860",0.210084033613445,2.04764076173105,3.87636768344673,0.000381157747094676,0.00761653761989534,0.00610883304462775,"COL11A1/SULF1/ADAMTS12/TGFBI/PTH1R/COMP/COL3A1/CCN4/RUNX1/LOXL2/MSX2/SERPINH1/PRKG2/SOX9/SLC26A2/FGF18/SCIN/BMP2/BMP6/AXIN2/COL27A1/GPLD1/NKX3-2/GDF5/ZBTB16",25
"GO:0097205","GO:0097205","renal filtration","11/1935","34/18860",0.323529411764706,3.15336677306582,4.24926596816086,0.000393667907743525,0.00780510736947317,0.00626007514109284,"SULF1/EDNRA/F2R/KIRREL1/ADGRF5/PDGFB/IGHA2/JCHAIN/IGHA1/IGKV3-20/CORO2B",11
"GO:0001541","GO:0001541","ovarian follicle development","16/1935","62/18860",0.258064516129032,2.5152954905393,4.0408509287932,0.000394650908325028,0.00780510736947317,0.00626007514109284,"INHBA/MMP14/TNFAIP6/CEBPB/VEGFA/BCL2/MMP2/ZP3/DMRTA1/KIT/GAS2/INHBB/ESR1/EREG/UMODL1/AMH",16
"GO:0042698","GO:0042698","ovulation cycle","17/1935","68/18860",0.25,2.43669250645995,4.01298242090173,0.000394663118074143,0.00780510736947317,0.00626007514109284,"INHBA/ROBO2/TNFAIP6/NOTCH4/NOS3/MMP2/CA12/ZP3/AFP/GAS2/TYRO3/PTN/ESR1/EREG/TGFB2/LEP/AMH",17
"GO:1903055","GO:1903055","positive regulation of extracellular matrix organization","10/1935","29/18860",0.344827586206897,3.36095518132407,4.30214977998618,0.000404275337272996,0.00796782385618525,0.00639058166525627,"PDPN/RUNX1/CARMIL2/IL6/SOX9/FSCN1/BMP2/AGT/MELTF/TGFB2",10
"GO:0003231","GO:0003231","cardiac ventricle development","27/1935","133/18860",0.203007518796992,1.97866759923063,3.82967925136047,0.000405687857133814,0.00796837412220171,0.00639102300532342,"COL11A1/EDNRA/ROBO2/STRA6/WNT5A/SOX11/SALL4/SOX4/FGFRL1/PTK7/NOS3/PDE2A/HEYL/TNNI3/TBX20/WNT11/POU4F1/HAND1/SALL1/MESP1/RYR2/MYL3/KCNK2/TGFB2/FGFR2/DAND5/FOXC2",27
"GO:1902476","GO:1902476","chloride transmembrane transport","24/1935","113/18860",0.212389380530973,2.07011044796597,3.85777960344989,0.000417501897206887,0.00814862362851951,0.00653559186264723,"BEST4/TTYH3/PACC1/SLC17A8/SLC26A2/CLCA4/GABRD/GLRB/OCA2/SLC1A1/SLC17A7/SLC26A3/GABRP/CLIC5/CLCN4/FXYD1/AQP6/GABRG1/FXYD3/KCNK2/SLC1A7/CLCN1/GABRB3/GABRG2",24
"GO:0030183","GO:0030183","B cell differentiation","29/1935","147/18860",0.197278911564626,1.92283218196839,3.79791434782039,0.000417696606501,0.00814862362851951,0.00653559186264723,"INHBA/SPIB/IL11/MMP14/IL6/PLCL2/CFB/PLCG2/CD27/ADGRG3/CD79A/BCL2/CR2/CD79B/CD19/IKZF3/FZD9/ITM2A/AQP8/POU2AF1/FLT3/MS4A1/FCRL3/KIT/PAX5/IL2/NKX2-3/AICDA/IGHM",29
"GO:0045216","GO:0045216","cell-cell junction organization","40/1935","226/18860",0.176991150442478,1.72509203997164,3.7079151527539,0.000424868054916498,0.00826052586501502,0.00662534289050086,"CDH11/F2R/DSG3/IL1B/CDH3/PKP1/GJC1/SNAI1/CDH6/FSCN1/CLDN23/ECT2/VEGFA/GRHL1/KIRREL1/AGT/IL17A/EPB41L3/CLDN16/GJA4/DSG1/CLDN1/WNT11/BMP6/CLDN18/TMIGD1/CLDN2/CDH8/IRX3/NR1H4/ABCC8/ANK2/BHLHA15/TRPV4/CLDN14/CDH22/CDH19/CLDN19/CLDN6/TGFB2",40
"GO:0051302","GO:0051302","regulation of cell division","35/1935","190/18860",0.184210526315789,1.79545763633891,3.72612288169697,0.000443305996439124,0.00858998656399716,0.00688958637031918,"OSM/IL1A/CDC14A/IL1B/MACC1/CDC6/MYC/CDC25B/THBS4/PGF/KIF20A/BRCA2/ECT2/VEGFA/EVI2B/E2F7/PDGFB/KIF14/PDGFD/AURKA/BIRC5/SHH/CXCR5/PPBP/FGF1/VEGFD/PTN/EREG/NAP1L2/DRD2/FGF5/DCDC1/TGFB2/FGFR2/MRGPRX2",35
"GO:0120254","GO:0120254","olefinic compound metabolic process","32/1935","169/18860",0.189349112426035,1.84554225341345,3.73334284856719,0.000464828814330565,0.00897681149822953,0.00719983875252394,"INHBA/CTHRC1/EPHX2/CYP3A4/FADS1/ALDH1A3/BMP2/BMP5/CEL/CYP4F12/PTGS2/GSTM2/ALOX15B/AKR1C2/ABCD2/AKR1B10/RETSAT/AFP/RDH5/BMP6/ADH6/DGAT2/HSD11B2/ADH1B/CYP3A7/CYP19A1/HSD17B3/BGLAP/AKR1C4/ADH1A/SCNN1B/ADH1C",32
"GO:0007043","GO:0007043","cell-cell junction assembly","31/1935","162/18860",0.191358024691358,1.86512265926564,3.73915176762965,0.000468638503774413,0.00897957319338941,0.0072020537661553,"CDH11/DSG3/IL1B/CDH3/PKP1/GJC1/SNAI1/CDH6/FSCN1/CLDN23/ECT2/AGT/IL17A/EPB41L3/CLDN16/GJA4/DSG1/CLDN1/WNT11/CLDN18/CLDN2/CDH8/IRX3/NR1H4/ANK2/TRPV4/CLDN14/CDH22/CDH19/CLDN19/CLDN6",31
"GO:0097530","GO:0097530","granulocyte migration","29/1935","148/18860",0.195945945945946,1.90984007263077,3.75726035776808,0.000469514951334301,0.00897957319338941,0.0072020537661553,"TREM1/CXCL8/IL1B/TNFAIP6/CXCL5/CXCL3/CCL5/IL23A/THBS4/CXCL6/S100A9/VEGFA/S100A8/CXCR2/IL17A/CXCR1/CXCL17/CSF3R/DPEP1/PPBP/CCL24/EDN3/CXCL13/EDN2/PF4/TRPV4/CCL7/TGFB2/MCOLN2",29
"GO:0051180","GO:0051180","vitamin transport","15/1935","57/18860",0.263157894736842,2.56493948048416,4.00089246052499,0.000473674614656067,0.00897957319338941,0.0072020537661553,"TCN1/ABCG2/STRA6/SLC2A5/SLC47A1/SLC23A1/CBLIF/SLC2A1/SLC5A6/TCN2/FOLR2/FOLR1/SLC22A2/NPC1L1/SLC52A1",15
"GO:0090102","GO:0090102","cochlea development","15/1935","57/18860",0.263157894736842,2.56493948048416,4.00089246052499,0.000473674614656067,0.00897957319338941,0.0072020537661553,"CTHRC1/WNT5A/CDH23/PTK7/SOX9/SIX1/SLC17A8/MYO3A/CALB1/GRHL3/TBX18/SLITRK6/HPN/KCNK2/GABRB3",15
"GO:1903524","GO:1903524","positive regulation of blood circulation","12/1935","40/18860",0.3,2.92403100775194,4.1187717871138,0.000473951934385361,0.00897957319338941,0.0072020537661553,"APELA/APLN/NMU/SLC1A1/EDN3/ADRA1A/ATP1A2/ADRB1/EDN2/RYR2/RGS4/TGFB2",12
"GO:0048645","GO:0048645","animal organ formation","17/1935","69/18860",0.246376811594203,2.40137812230836,3.94312376335792,0.000474333666514402,0.00897957319338941,0.0072020537661553,"SULF1/WNT2/ROBO2/WNT5A/SIX1/BMP2/WT1/BMP7/SHH/WNT11/AXIN2/FGF1/MESP1/FOLR1/DKK1/FGFR2/NKX3-2",17
"GO:0003279","GO:0003279","cardiac septum development","24/1935","114/18860",0.210526315789474,2.05195158438732,3.80916116203326,0.000478280103738305,0.00901420125234546,0.00722982715104208,"ADAMTS6/ROBO2/STRA6/WNT5A/SOX11/SALL4/MSX2/SOX4/FGFRL1/PTK7/NRP2/BMP5/NOS3/PDE2A/HEYL/BMP7/TBX20/WNT11/HAND1/SALL1/ANK2/TGFB2/FGFR2/DAND5",24
"GO:0006940","GO:0006940","regulation of smooth muscle contraction","16/1935","63/18860",0.253968253968254,2.47537016529265,3.96608919719531,0.000479295496649472,0.00901420125234546,0.00722982715104208,"F2R/SPHK1/ITGA2/NMU/ADRA2A/TNNI3/P2RX1/PROK2/KIT/EDN3/ADRA1A/ATP1A2/EDN2/GPER1/KCNB2/ADRA2C",16
"GO:0048608","GO:0048608","reproductive structure development","52/1935","318/18860",0.163522012578616,1.59381145076626,3.61093204937555,0.000481968757945372,0.00903495179796618,0.00724647009631564,"INHBA/SULF1/MMP14/ROBO2/STRA6/WNT5A/TNC/TESC/TNFAIP6/SIX4/MCIDAS/CEBPB/SOX9/CCNO/SERPINB5/BRCA2/VEGFA/BMP5/BCL2/NOTCH4/DNAAF11/NOS3/MMP2/GFRA1/TCF21/SERPINE2/WT1/BMP7/ZP3/DMRTA1/ALOX15B/GDF7/TEX11/SHH/KIT/AFP/KIF18A/GAS2/BMP6/TYRO3/INHBB/ESR1/SALL1/EREG/FOXF2/CYP19A1/UMODL1/HSD17B3/TGFB2/FGFR2/LEP/AMH",52
"GO:0097305","GO:0097305","response to alcohol","47/1935","280/18860",0.167857142857143,1.63606496862311,3.62571041828159,0.000489644300241862,0.00908848533239198,0.00728940659061482,"INHBA/TNC/CSF3/LRP8/TNFSF4/ADCY5/GRIN2B/SGK1/CRHBP/HPGD/CD27/MAP4K1/PTGDR2/OPRD1/S100A8/F7/IGFBP7/GRIN3A/P2RY4/ADRA2A/FOXP3/GRIN2A/CDK1/AKR1C2/HMGCS2/FGF19/CLDN1/CLDN18/INHBB/ADIPOQ/IL2/CPS1/IFITM5/UCN3/GHR/DRD2/BGLAP/SCNN1G/GPLD1/RGS4/PTGDR/CCL7/ACTC1/SCNN1B/FGFR2/SLC10A1/LEP",47
"GO:0051797","GO:0051797","regulation of hair follicle development","8/1935","20/18860",0.4,3.89870801033592,4.38545334925006,0.000490843808763664,0.00908848533239198,0.00728940659061482,"WNT5A/KRT17/CDH3/MSX2/DKK4/FERMT1/TGFB2/GAL",8
"GO:0010232","GO:0010232","vascular transport","20/1935","88/18860",0.227272727272727,2.21517500587268,3.86331720152281,0.000492143025244604,0.00908848533239198,0.00728940659061482,"SLC6A6/ABCG2/SLC22A5/SLC7A1/ABCC2/FLVCR2/SLC6A20/SLC22A3/SLC7A5/ATP1B2/SLC13A3/SLC38A5/SLC2A1/SLC5A6/SLC1A1/SLC4A4/AVPR1B/ATP1A2/SLC29A1/SLC22A2",20
"GO:0150104","GO:0150104","transport across blood-brain barrier","20/1935","88/18860",0.227272727272727,2.21517500587268,3.86331720152281,0.000492143025244604,0.00908848533239198,0.00728940659061482,"SLC6A6/ABCG2/SLC22A5/SLC7A1/ABCC2/FLVCR2/SLC6A20/SLC22A3/SLC7A5/ATP1B2/SLC13A3/SLC38A5/SLC2A1/SLC5A6/SLC1A1/SLC4A4/AVPR1B/ATP1A2/SLC29A1/SLC22A2",20
"GO:0007162","GO:0007162","negative regulation of cell adhesion","53/1935","326/18860",0.162576687116564,1.58459758088806,3.60011779345469,0.000492720664414648,0.00908848533239198,0.00728940659061482,"COL1A1/ANGPT2/TGFBI/MMP14/PODXL/ILDR2/TNC/TACSTD2/RUNX1/PAG1/TNFSF4/CEBPB/GCNT2/ASCL2/CXCL12/ADAMDEC1/VEGFA/FGL2/MMP12/BMP2/KLF4/NOTCH4/SERPINE1/MMP2/FOXP3/SERPINE2/POSTN/BTLA/CRTAM/PLA2G2D/FXYD5/SHH/SPOCK1/TBX21/CDKN2A/BMP6/ARHGDIG/LAX1/IL1RN/ADIPOQ/IL2/ABCA12/ADTRP/KNG1/CEACAM1/TRPV4/CORO2B/MELTF/IDO1/LGALS9C/NEXMIF/FAM107A/WNT1",53
"GO:0001910","GO:0001910","regulation of leukocyte mediated cytotoxicity","22/1935","101/18860",0.217821782178218,2.12305881750966,3.82643044580696,0.000494960634897446,0.00909447891507136,0.00729421373498339,"ULBP1/STAP1/RAET1L/IL23A/CXCL6/DNASE1L3/KLRB1/ULBP2/AZGP1/CD160/ULBP3/KIR2DL4/CRTAM/NECTIN4/KLRC1/KLRC4/RAET1G/KLRC3/CEACAM1/KLRC2/RAET1E/LEP",22
"GO:0015695","GO:0015695","organic cation transport","25/1935","121/18860",0.206611570247934,2.01379545988425,3.7827295996463,0.000496206147581652,0.00909447891507136,0.00729421373498339,"SLC6A6/SLC11A1/SLC36A1/SLC22A5/SLC7A1/SLC17A8/FLVCR2/SLC6A20/SLC47A1/SLC22A3/SLC7A5/SLC38A5/SLC22A4/ADRA2A/AQP8/SLC1A1/P2RY1/PDZK1/SLC6A14/SLC16A9/RGS4/SLC22A2/SLCO1A2/FFAR3/ADRA2C",25
"GO:0009612","GO:0009612","response to mechanical stimulus","40/1935","228/18860",0.175438596491228,1.7099596536561,3.64675704702638,0.000510023275210325,0.00931804428201721,0.007473524016031,"COL11A1/COL1A1/ANGPT2/MMP14/STRA6/TNC/IL1B/PSPH/CNN2/ITGA2/SOX9/MYC/CXCL12/SLC2A1/PDE2A/MMP2/SERPINE2/POSTN/CALB1/PDZD7/P2RY1/PKD1L2/KIT/WNT11/BMP6/SLITRK6/CCNB1/PTN/HPN/ATP1A2/DRD2/GAP43/TRPV4/TNFRSF8/RYR2/ADGRV1/BGLAP/KCNK2/CAV3/GDF5",40
"GO:0032943","GO:0032943","mononuclear cell proliferation","52/1935","319/18860",0.163009404388715,1.58881517662592,3.58627208867066,0.000519694666771858,0.00943535344484916,0.00756761166137703,"SLC11A1/IL1A/SOX11/IL1B/SLC39A10/CNN2/IL6/RIPK2/PLCL2/SLC7A1/TNFSF4/TNFSF9/LEF1/CEBPB/TNFRSF13B/CCL5/IL23A/MYC/CD79A/IMPDH1/CTPS1/CD3E/BCL2/FCGR3A/CR2/FOXP3/CD19/ZAP70/CD55/CD22/IKZF3/TNFRSF13C/ZP3/BTLA/CRTAM/PLA2G2D/FLT3/HHLA2/HELLS/MS4A1/FCRL3/SHH/TMIGD2/CCR2/CDKN2A/MZB1/IL2/IDO1/LGALS9C/CLC/GAL/LEP",52
"GO:0006882","GO:0006882","intracellular zinc ion homeostasis","11/1935","35/18860",0.314285714285714,3.06327057954965,4.13102850346653,0.000521362709897833,0.00943535344484916,0.00756761166137703,"SLC39A10/SLC30A10/SLC1A1/SLC30A2/MT2A/MT1E/MT1M/MT1X/MT1F/MT1H/SLC30A8",11
"GO:0031128","GO:0031128","developmental induction","11/1935","35/18860",0.314285714285714,3.06327057954965,4.13102850346653,0.000521362709897833,0.00943535344484916,0.00756761166137703,"WNT2/ROBO2/SOX9/SIX1/BMP2/FGF1/SALL1/MESP1/WNT3/DKK1/WNT1",11
"GO:0014074","GO:0014074","response to purine-containing compound","29/1935","149/18860",0.194630872483221,1.89702235402251,3.71692139667715,0.000526914457570824,0.00950593323924793,0.00762422008397314,"COL1A1/AQP9/STC1/IL1B/CRHBP/PDE2A/P2RY4/P2RY12/WT1/P2RX1/HCN1/AQP8/GSTM2/RYR1/P2RX6/SLC8A3/HMGCS2/SLC26A3/P2RY1/AREG/INHBB/P2RX2/IGFBP5/ADIPOQ/CITED1/CPS1/TRPV1/RYR2/DUOX2",29
"GO:0045165","GO:0045165","cell fate commitment","50/1935","304/18860",0.164473684210526,1.6030871753026,3.58434809273504,0.000534781103898406,0.0096177039154229,0.00771386559406089,"PDPN/WNT2/EDNRA/TEAD4/PRRX1/WNT5A/TBX15/JAG2/LY9/IL6/IL6R/NOTCH3/SOX9/IL23A/SIX1/WNT7B/EPOP/BMP2/KLF4/BCL2/NOTCH4/IRF4/DMRT3/HES5/FOXP3/WT1/DMRTA2/GDF7/PRDM12/TENM4/TBX20/SHH/WNT11/TBX21/TBX18/POU4F1/ASCL1/EBF2/GAP43/MYT1L/MESP1/NODAL/WNT3/NKX2-3/DKK1/TGFB2/FGFR2/FOXC2/WNT1/ELF5",50
"GO:0033627","GO:0033627","cell adhesion mediated by integrin","18/1935","76/18860",0.236842105263158,2.30844553243574,3.86459405351912,0.000547486845690713,0.00969910110357676,0.00777915009176169,"PLAU/PODXL/ITGA11/TESC/ITGA2/ITGBL1/CCL5/ITGB8/ITGB7/CD3E/SERPINE1/P2RY12/FERMT1/CXCL13/NEXMIF/TGFB2/ITGA5/FOXC2",18
"GO:0061035","GO:0061035","regulation of cartilage development","18/1935","76/18860",0.236842105263158,2.30844553243574,3.86459405351912,0.000547486845690713,0.00969910110357676,0.00777915009176169,"ADAMTS12/WNT5A/CCN4/LOXL2/PRKG2/SOX9/FGF18/SCIN/BMP2/CTSK/WNT11/BMP6/AXIN2/TGFB2/NKX3-2/GDF5/ZBTB16/LEP",18
"GO:0060571","GO:0060571","morphogenesis of an epithelial fold","9/1935","25/18860",0.36,3.50883720930233,4.24419325194836,0.000547689465914488,0.00969910110357676,0.00777915009176169,"SULF1/WNT2/WNT5A/BMP5/BMP7/GDF7/SHH/NODAL/FGFR2",9
"GO:0046651","GO:0046651","lymphocyte proliferation","51/1935","312/18860",0.163461538461538,1.59322202345458,3.57257615773215,0.00054789095309202,0.00969910110357676,0.00777915009176169,"SLC11A1/IL1A/SOX11/IL1B/SLC39A10/IL6/RIPK2/PLCL2/SLC7A1/TNFSF4/TNFSF9/LEF1/CEBPB/TNFRSF13B/CCL5/IL23A/MYC/CD79A/IMPDH1/CTPS1/CD3E/BCL2/FCGR3A/CR2/FOXP3/CD19/ZAP70/CD55/CD22/IKZF3/TNFRSF13C/ZP3/BTLA/CRTAM/PLA2G2D/FLT3/HHLA2/HELLS/MS4A1/FCRL3/SHH/TMIGD2/CCR2/CDKN2A/MZB1/IL2/IDO1/LGALS9C/CLC/GAL/LEP",51
"GO:0008209","GO:0008209","androgen metabolic process","10/1935","30/18860",0.333333333333333,3.2489233419466,4.16817165283447,0.000551104441506447,0.00969910110357676,0.00777915009176169,"INHBA/CYP3A4/SPP1/HSD3B2/HSD17B2/SHH/ESR1/CYP19A1/HSD17B3/AKR1C4",10
"GO:0045987","GO:0045987","positive regulation of smooth muscle contraction","10/1935","30/18860",0.333333333333333,3.2489233419466,4.16817165283447,0.000551104441506447,0.00969910110357676,0.00777915009176169,"F2R/SPHK1/ITGA2/NMU/PROK2/KIT/EDN3/ADRA1A/EDN2/GPER1",10
"GO:0060512","GO:0060512","prostate gland morphogenesis","10/1935","30/18860",0.333333333333333,3.2489233419466,4.16817165283447,0.000551104441506447,0.00969910110357676,0.00777915009176169,"SULF1/WNT5A/TNC/SOX9/SERPINB5/MMP2/BMP7/SHH/ESR1/FGFR2",10
"GO:0002455","GO:0002455","humoral immune response mediated by circulating immunoglobulin","14/1935","52/18860",0.269230769230769,2.62413039157225,3.96539754323604,0.000564084567670628,0.0098671935773388,0.00791396841860728,"CFI/CR2/IGHA2/CD55/IGHG1/FCMR/ZP3/EXO1/FCER2/IGHA1/IGHG3/C4BPB/IGHG4/IGHD",14
"GO:0140353","GO:0140353","lipid export from cell","14/1935","52/18860",0.269230769230769,2.62413039157225,3.96539754323604,0.000564084567670628,0.0098671935773388,0.00791396841860728,"INHBA/IL1B/SPP1/AGT/NMB/KCNK9/PTGS2/BMP6/CYP19A1/TNFSF11/ECRG4/GAL/GALR1/LEP",14
"GO:0120162","GO:0120162","positive regulation of cold-induced thermogenesis","22/1935","102/18860",0.215686274509804,2.10224451537721,3.77415943848821,0.000570967320204951,0.00994755429044905,0.00797842161298991,"MFAP2/CEBPB/APPL2/GPR3/DIO2/VEGFA/SCD/IRF4/PPARGC1A/CCR2/OXTR/G0S2/ADIPOQ/EBF2/ADRB1/TSHR/SLN/FABP4/LCN2/PLAC8/ACADL/LEP",22
"GO:0022612","GO:0022612","gland morphogenesis","26/1935","129/18860",0.201550387596899,1.96446527652585,3.71651975746725,0.000577159854278572,0.00994755429044905,0.00797842161298991,"SULF1/WNT5A/TNC/MSX2/IL6/CEBPB/SOX9/SERPINB5/BCL2/MMP2/BMP7/LAMA1/GDF7/SHH/AREG/CDKN2A/NTN1/IGFBP5/PTN/HPN/ESR1/CEACAM1/NKX2-3/TGFB2/FGFR2/CAV3",26
"GO:0046683","GO:0046683","response to organophosphorus","26/1935","129/18860",0.201550387596899,1.96446527652585,3.71651975746725,0.000577159854278572,0.00994755429044905,0.00797842161298991,"COL1A1/AQP9/STC1/IL1B/CRHBP/PDE2A/P2RY4/P2RY12/WT1/P2RX1/HCN1/AQP8/P2RX6/SLC8A3/HMGCS2/SLC26A3/P2RY1/AREG/INHBB/P2RX2/IGFBP5/ADIPOQ/CITED1/CPS1/TRPV1/DUOX2",26
"GO:0002237","GO:0002237","response to molecule of bacterial origin","59/1935","375/18860",0.157333333333333,1.53349181739879,3.5283295775543,0.000578810375017369,0.00994755429044905,0.00797842161298991,"MMP3/SLC11A1/CXCL8/IL1A/F2R/WNT5A/CSF3/IL1B/NUGGC/STAP1/IL6/RIPK2/SELE/TNFSF4/CEBPB/CXCL5/PDCD4/CYP27B1/PLCG2/CNR2/HPGD/MMP8/IRAK2/CXCL6/DIO2/FCAR/SLC7A5/CD96/S100A8/SPON2/NOS3/SERPINE1/SLC22A4/E2F1/FOXP3/CD55/CSF2/MMP9/TLR10/HMGCS2/CXCL2/CLDN1/BMP6/PPBP/SELP/FASLG/CITED1/CPS1/CXCL13/NR1H4/ABCC8/PALM3/PF4/LCN2/IDO1/FMO1/AICDA/FGFR2/TNIP3",59
"GO:0050679","GO:0050679","positive regulation of epithelial cell proliferation","39/1935","222/18860",0.175675675675676,1.71227040994483,3.60958449519932,0.000578972410833949,0.00994755429044905,0.00797842161298991,"WNT2/ODAM/PDX1/WNT5A/SOX11/CDH3/APELA/JCAD/APLN/NME1/CCL5/SOX9/MYC/THBS4/CXCL12/VEGFA/IQGAP3/NRP2/MMP12/BMP5/IL17A/PDGFB/VASH2/CLDN1/SHH/AREG/BMP6/CCL24/REG3A/FGF1/PTN/HPN/CCR3/HMX2/NODAL/MIR135B/FGFR2/MIR10B/REG3G",39
"GO:0044331","GO:0044331","cell-cell adhesion mediated by cadherin","16/1935","64/18860",0.25,2.43669250645995,3.89275052220377,0.000579049641581309,0.00994755429044905,0.00797842161298991,"CELSR3/CDH11/WNT5A/CDH3/CDH6/VEGFA/CELSR1/NOTCH4/BMP6/CDH8/BHLHA15/CDHR2/CDH22/NEXMIF/CDH19/DCHS2",16
"GO:0002428","GO:0002428","antigen processing and presentation of peptide antigen via MHC class Ib","7/1935","16/18860",0.4375,4.26421188630491,4.41659179899739,0.000586387323799045,0.0100138250696246,0.00803157399612311,"ULBP1/RAET1L/ULBP2/AZGP1/ULBP3/RAET1G/RAET1E",7
"GO:0038065","GO:0038065","collagen-activated signaling pathway","7/1935","16/18860",0.4375,4.26421188630491,4.41659179899739,0.000586387323799045,0.0100138250696246,0.00803157399612311,"COL1A1/ITGA11/ITGA2/COL4A1/COL4A2/COL4A3/COL4A6",7
"GO:0072337","GO:0072337","modified amino acid transport","12/1935","41/18860",0.292682926829268,2.85271317829457,4.01547867771576,0.000608189514397123,0.0103554161401049,0.00830554662295666,"SLC22A5/SLC7A11/SLC6A20/SLC13A3/SLC22A4/SLC5A6/FOLR2/PDZK1/SLC6A14/SLC16A9/FOLR1/SLC3A1",12
"GO:0001659","GO:0001659","temperature homeostasis","34/1935","186/18860",0.182795698924731,1.78166763913201,3.62239164736146,0.000612755007354364,0.0104023748298654,0.0083432097725474,"MFAP2/IL1A/IL1B/APLN/PLCL2/CEBPB/APPL2/NTSR1/GPR3/NMU/DIO2/VEGFA/SCD/IRF4/PPARGC1A/PTGS2/CCR2/OXTR/G0S2/ADIPOQ/EBF2/DRD2/ADRB1/EDN2/TSHR/SLN/FABP4/LCN2/PLAC8/TRPV1/TNFSF11/ACADL/FOXC2/LEP",34
"GO:0060601","GO:0060601","lateral sprouting from an epithelium","6/1935","12/18860",0.5,4.8733850129199,4.5382052151845,0.000618834398333311,0.0104746822423771,0.00840120382876646,"SULF1/WNT5A/CELSR1/BMP7/SHH/FGFR2",6
"GO:0008202","GO:0008202","steroid metabolic process","55/1935","345/18860",0.159420289855072,1.55383290267011,3.51044294432216,0.00063432515110123,0.0107053995442451,0.00858625030893315,"INHBA/LIPC/SULT1A1/UGT1A1/SNAI1/EPHX2/CYP3A4/ACAA2/SPP1/G6PC1/DHRS11/ABCB11/SULT1A2/CYP27B1/SULT2B1/BMP2/BMP5/AGT/SQLE/CYP24A1/DHRS2/HSD3B2/IGFBP7/DHCR7/AQP8/ABCA5/AKR1C2/PCK1/HMGCS2/HSD17B2/PCSK9/FMO5/FGF19/SHH/KIT/AFP/RDH5/UGT1A8/BMP6/FGF1/DGAT2/ESR1/NR1H4/HSD11B2/CYP3A7/CYP19A1/HSD17B3/BGLAP/AKR1C4/ACADL/NPC1L1/SCNN1B/UGT1A7/GAL/LEP",55
"GO:0098656","GO:0098656","monoatomic anion transmembrane transport","29/1935","151/18860",0.19205298013245,1.87189623012817,3.63716884421269,0.000660496916461362,0.0111145022053659,0.00891437050995097,"BEST4/TTYH3/ABCC2/PACC1/SLC17A8/SLC26A2/CLCA4/GABRD/GLRB/LRRC8E/OCA2/SLC5A6/SLC13A1/SLC1A1/SLC17A7/SLC26A3/SLC4A4/GABRP/CLIC5/CLCN4/FXYD1/AQP6/GABRG1/FXYD3/KCNK2/SLC1A7/CLCN1/GABRB3/GABRG2",29
"GO:0001990","GO:0001990","regulation of systemic arterial blood pressure by hormone","13/1935","47/18860",0.276595744680851,2.69591511353016,3.93603986121483,0.000664875938014195,0.0111231425095107,0.00892130045346465,"ANPEP/CORIN/F2R/AGT/NOS3/PCSK5/OXTR/AVPR1B/EDN3/RASL10B/HSD11B2/EDN2/MME",13
"GO:1990806","GO:1990806","ligand-gated ion channel signaling pathway","13/1935","47/18860",0.276595744680851,2.69591511353016,3.93603986121483,0.000664875938014195,0.0111231425095107,0.00892130045346465,"F2RL2/GRIN2D/GRIN2B/GRIN3A/GRIN2A/FFAR2/HTR3E/GRIA3/PLCB1/HTR3C/SHANK1/FFAR1/GRIA4",13
"GO:0007160","GO:0007160","cell-matrix adhesion","42/1935","246/18860",0.170731707317073,1.6640826873385,3.54491097756261,0.000667932260100423,0.0111418845126897,0.00893633245016127,"ADAMTS12/PLAU/CDH11/MMP14/ITGA11/COL3A1/TESK2/FUT1/ACTN1/AJUBA/ITGA2/THY1/LEF1/ADAMTS9/ITGBL1/CD44/NID2/ITGB8/ITGAL/VEGFA/MMP12/HOXD3/CD96/ITGB7/CD3E/BCL2/ITGA8/SERPINE1/VWA2/POSTN/COL5A3/ITGAD/CDKN2A/FERMT1/MSLN/LYVE1/CORO2B/NEXMIF/FAM107A/FN1/ITGA5/MSLNL",42
"GO:0007611","GO:0007611","learning or memory","47/1935","284/18860",0.165492957746479,1.61302180005095,3.51960936085008,0.000673260849016853,0.0111983126765664,0.00898159057784879,"STRA6/CEBPB/GRIN2B/SGK1/NTSR1/SLC7A11/CAMK4/MUSK/CRHBP/ITGA8/KLK8/FZD9/SLC1A1/GRIN2A/CALB1/SLC17A7/SLC8A3/RCAN2/ADGRB3/MAP1A/KIT/LRRN4/PIANP/PTN/PLCB1/ATP1A2/ABCC8/DRD2/GRPR/SHANK1/KCTD16/LCN2/MME/NPTX2/BGLAP/ELAVL4/ASIC1/BCHE/KCNK2/DKK1/CNTN2/JPH4/ITGA5/PAK5/GABRB3/CUX2/SORCS3",47
"GO:0002021","GO:0002021","response to dietary excess","11/1935","36/18860",0.305555555555556,2.97817973011772,4.01695084180897,0.000681864053414114,0.0113087251510035,0.00907014674418593,"SCTR/GDF15/APPL2/SGIP1/PPARGC1A/GUCA2B/ADRB1/TRPV4/TRPV1/CNTN2/LEP",11
"GO:0035249","GO:0035249","synaptic transmission, glutamatergic","23/1935","110/18860",0.209090909090909,2.03796100540287,3.69157945953073,0.000686686092513062,0.0113559725931399,0.00910804148720441,"CACNG8/GRIN2D/GRIN2B/CNIH3/SLC17A8/HOMER1/GRIN3A/SERPINE2/P2RX1/HOMER2/HCN1/GRIN2A/SLC17A7/CCR2/GRIA3/CDH8/ATP1A2/ABCC8/DRD2/DKK1/CACNG4/CACNG7/GRIA4",23
"GO:0061458","GO:0061458","reproductive system development","52/1935","323/18860",0.160990712074303,1.56913944688442,3.48847568236756,0.000698381311736469,0.0115162878196085,0.00923662208404288,"INHBA/SULF1/MMP14/ROBO2/STRA6/WNT5A/TNC/TESC/TNFAIP6/SIX4/MCIDAS/CEBPB/SOX9/CCNO/SERPINB5/BRCA2/VEGFA/BMP5/BCL2/NOTCH4/DNAAF11/NOS3/MMP2/GFRA1/TCF21/SERPINE2/WT1/BMP7/ZP3/DMRTA1/ALOX15B/GDF7/TEX11/SHH/KIT/AFP/KIF18A/GAS2/BMP6/TYRO3/INHBB/ESR1/SALL1/EREG/FOXF2/CYP19A1/UMODL1/HSD17B3/TGFB2/FGFR2/LEP/AMH",52
"GO:0002544","GO:0002544","chronic inflammatory response","8/1935","21/18860",0.380952380952381,3.71305524793897,4.20605394320381,0.000721998058274277,0.0118243966139351,0.00948374029943854,"CEBPB/CCL5/S100A9/S100A8/FOXP3/CXCL13/IDO1/CYP19A1",8
"GO:0097501","GO:0097501","stress response to metal ion","8/1935","21/18860",0.380952380952381,3.71305524793897,4.20605394320381,0.000721998058274277,0.0118243966139351,0.00948374029943854,"SLC11A1/SLC30A10/MT2A/MT1E/MT1M/MT1X/MT1F/MT1H",8
"GO:0001837","GO:0001837","epithelial to mesenchymal transition","35/1935","195/18860",0.17948717948718,1.74942026104817,3.55683906401388,0.000725284449125818,0.0118243966139351,0.00948374029943854,"PDPN/COL1A1/WNT2/EDNRA/WNT5A/IL1B/LOXL2/MSX2/SLC39A10/IL6/SNAI1/LEF1/GCNT2/APLF/SOX9/PDCD4/TWIST1/VEGFA/BMP2/BMP5/AGT/NOTCH4/HEYL/BMP7/SPRED3/TBX20/ZNF750/WNT11/AXIN2/HPN/FOXF2/FAM83D/TMEM100/TGFB2/FGFR2",35
"GO:0007189","GO:0007189","adenylate cyclase-activating G protein-coupled receptor signaling pathway","35/1935","195/18860",0.17948717948718,1.74942026104817,3.55683906401388,0.000725284449125818,0.0118243966139351,0.00948374029943854,"PTH1R/SCTR/HTR1D/ADCY5/RAMP1/TCP11/GPR3/GPR18/CNR2/UCN2/GPR4/CXCL12/PDE10A/HTR7/PDE2A/ADRA2A/GPR15/ADGRF5/CXCL11/GPR174/GPR119/ADRA1A/UCN3/VIPR1/GPR12/GCG/ADRB1/GPER1/TSHR/PF4/GCGR/ADGRL3/GPR78/GALR1/CNR1",35
"GO:0060078","GO:0060078","regulation of postsynaptic membrane potential","29/1935","152/18860",0.190789473684211,1.85958112335101,3.59774567107964,0.000737787925067769,0.0119942641490537,0.00961998231169244,"MET/GRIN2D/GRIN2B/NTSR1/GABRD/GLRB/GRIN3A/P2RX1/HCN1/GRIN2A/SLC17A7/P2RX6/SLC8A3/HTR3E/GRIA3/P2RX2/HTR3C/DRD2/ADRB1/SHANK1/KCTD16/SLC29A1/TRPV1/RGS4/SLC1A7/GRIA4/GABRB3/CUX2/GABRG2",29
"GO:0001889","GO:0001889","liver development","28/1935","145/18860",0.193103448275862,1.88213490154148,3.60545074447171,0.000741425815050946,0.012019452297516,0.00964018442994336,"PDX1/ACAT1/IL6/MET/ITGA2/CEBPB/SOX9/SLC7A5/SLC22A4/E2F7/FLT3/PCK1/HMGCS2/AURKA/PCSK9/CLDN1/UGT1A10/UGT1A8/PTN/HPN/CPS1/MESP1/CEACAM1/NODAL/UGT1A7/UGT1A9/OTC/WNT1",28
"GO:1905954","GO:1905954","positive regulation of lipid localization","22/1935","104/18860",0.211538461538462,2.06181673623534,3.67139912630973,0.000753870392459567,0.012186865473609,0.00977445792707038,"HILPDA/IL1B/NTSR1/SPP1/LIPG/ABCA8/NMB/ABCA5/BMP6/ERFE/AVPR1B/FASLG/ADIPOQ/VSTM2A/ABCA12/ABCA13/CYP19A1/TNFSF11/ECRG4/GAL/GALR1/MIR10B",22
"GO:0010876","GO:0010876","lipid localization","72/1935","483/18860",0.149068322981366,1.45293466223699,3.40963029899969,0.000756459528754355,0.0121944666330009,0.00978055442602933,"INHBA/SLCO4A1/ABCG2/LIPC/HILPDA/STRA6/IL1B/ATG9B/ABCA10/ATP11A/IL6/APOLD1/SPNS2/ABCC2/PRELID3A/NTSR1/SPP1/SLC27A6/LIPG/ABCB11/ABCA6/ABCA8/AGT/SLC13A3/NMB/SLC2A1/KCNK9/TMEM97/PTGS2/SLC51B/ABCA5/PLA2G2D/ABCD2/FABP1/FABP6/PCSK9/CIDEC/SHH/BMP6/ERFE/AVPR1B/FASLG/ADIPOQ/VSTM2A/TNFAIP8L3/ABCA12/NR1H4/DRD2/FABP4/ABCA13/CEACAM1/FABP2/ABCA9/CRABP2/SLC5A8/SLC10A2/CYP19A1/TNFSF11/AKR1C4/SLC22A2/SLCO1A2/CRABP1/NPC1L1/ECRG4/SLC51A/SLC10A1/XKR7/RBP1/GAL/GALR1/MIR10B/LEP",72
"GO:0019755","GO:0019755","one-carbon compound transport","9/1935","26/18860",0.346153846153846,3.37388193202147,4.09552878031494,0.000761975358884819,0.0122149531765519,0.00979698562882255,"AQP9/SLC14A1/HBA2/AQP8/CA2/HBB/AQP6/HBA1/POU3F3",9
"GO:0050926","GO:0050926","regulation of positive chemotaxis","9/1935","26/18860",0.346153846153846,3.37388193202147,4.09552878031494,0.000761975358884819,0.0122149531765519,0.00979698562882255,"ANGPT2/CXCL8/IL16/ITGA2/CXCL12/PGF/VEGFA/F7/VEGFD",9
"GO:0001892","GO:0001892","embryonic placenta development","20/1935","91/18860",0.21978021978022,2.14214725842633,3.69281632365696,0.000775779697195674,0.0124017004371142,0.00994676600059366,"MDFI/WNT2/SNAI1/LEF1/CEBPB/WNT7B/ASCL2/BMP5/PLCD3/E2F7/PDGFB/BMP7/CSF2/VASH2/HAND1/CITED1/NODAL/GJB5/FGFR2/ELF5",20
"GO:0003333","GO:0003333","amino acid transmembrane transport","23/1935","111/18860",0.207207207207207,2.01960099634518,3.6428237745663,0.000783594644451704,0.0124919312432675,0.0100191354889072,"SLC6A6/SLC11A1/TTYH3/SLC36A1/SLC7A1/NTSR1/SLC7A11/SLC17A8/SLC6A20/SLC47A1/SLC7A5/LRRC8E/SLC38A5/SLC22A4/SLC1A1/SLC17A7/SLC7A5P1/ATP1A2/SLC6A14/RGS4/SLC22A2/SLC1A7/SLC3A1",23
"GO:0070661","GO:0070661","leukocyte proliferation","56/1935","356/18860",0.157303370786517,1.53319977934559,3.43413707628808,0.00079064219781303,0.0125694636696519,0.0100813202599888,"SLC11A1/IL1A/SOX11/IL1B/SLC39A10/CNN2/IL6/RIPK2/PLCL2/SLC7A1/TNFSF4/TNFSF9/LEF1/CEBPB/TNFRSF13B/CCL5/IL23A/MYC/CD79A/IMPDH1/CTPS1/CD3E/BCL2/NMB/FCGR3A/CR2/FOXP3/CD19/ZAP70/CD55/CSF2/CD22/IKZF3/TNFRSF13C/ZP3/BTLA/CRTAM/PLA2G2D/FLT3/HHLA2/HELLS/MS4A1/FCRL3/SHH/TMIGD2/CCR2/KIT/CDKN2A/MZB1/IL2/IDO1/LGALS9C/TNFSF11/CLC/GAL/LEP",56
"GO:0008277","GO:0008277","regulation of G protein-coupled receptor signaling pathway","31/1935","167/18860",0.18562874251497,1.80928066347924,3.55183982584557,0.000799571652291959,0.0126764045700833,0.0101670920553871,"CXCL8/KLK6/APELA/APLN/RGS16/GNG7/MET/BICD1/RGS13/RAMP1/CCL5/PTGDR2/AGT/PDE10A/SERPINE1/PDE2A/GPR158/HOMER2/SYP/PLCB1/PADI2/NECAB2/DRD2/GNG4/GPER1/KCTD16/RGS9/GRK1/RGS4/CNTN2/GRP",31
"GO:0006936","GO:0006936","muscle contraction","58/1935","372/18860",0.155913978494624,1.51965769220083,3.42278279463925,0.000803863470951186,0.0127094348223189,0.0101935839216916,"SULF1/EDNRA/STC1/COMP/CKMT2/F2R/SPHK1/HTR1D/GJC1/ITGA2/CCDC78/CACNA1C/HOMER1/NMU/HTR7/CACNA1D/ADRA2A/CTNNA3/SMPX/TNNI3/P2RX1/JPH1/GSTM2/KCNH2/SNTB1/RYR1/P2RX6/SLC8A3/TBX20/PROK2/KCNE4/KIT/OXTR/EDN3/TNNT3/TPM2/P2RX2/FXYD1/ADRA1A/ATP1A2/MYH4/MYLK2/ANK2/DRD2/EDN2/GPER1/KCNE2/TRPV4/KCNB2/TRPV1/RYR2/MYL3/ACTC1/SCNN1B/ADRA2C/CAV3/JPH4/CLCN1",58
"GO:0032370","GO:0032370","positive regulation of lipid transport","19/1935","85/18860",0.223529411764706,2.17868977048184,3.68259942236292,0.00083571401657304,0.0131408037305406,0.0105395627341754,"IL1B/NTSR1/SPP1/LIPG/ABCA8/NMB/ABCA5/BMP6/ERFE/AVPR1B/FASLG/ADIPOQ/ABCA12/ABCA13/CYP19A1/TNFSF11/ECRG4/GAL/GALR1",19
"GO:0042267","GO:0042267","natural killer cell mediated cytotoxicity","19/1935","85/18860",0.223529411764706,2.17868977048184,3.68259942236292,0.00083571401657304,0.0131408037305406,0.0105395627341754,"ULBP1/KLRB1/ULBP2/SLAMF7/FCGR3A/CD160/ULBP3/KIR2DL4/CRTAM/NECTIN4/KLRC1/GZMB/KLRC4/RAET1G/KLRC3/CEACAM1/KLRC2/RAET1E/LEP",19
"GO:0002703","GO:0002703","regulation of leukocyte mediated immunity","44/1935","264/18860",0.166666666666667,1.6244616709733,3.45488390083191,0.000845724877423967,0.0132343946220165,0.0106146271740898,"IL1B/ULBP1/STAP1/IL6/RAET1L/TNFSF4/APLF/IL23A/PLCG2/CXCL6/DNASE1L3/KLRB1/DDX21/ULBP2/AZGP1/CD96/CD160/ULBP3/FCGR1A/CR2/FOXP3/CD55/ZP3/KIR2DL4/CRTAM/CD7/CCR2/KIT/TBX21/NECTIN4/KLRC1/FCER2/IL2/SECTM1/KLRC4/RAET1G/KLRC3/CEACAM1/KLRC2/C4BPB/SH2D1B/CLC/RAET1E/LEP",44
"GO:0070482","GO:0070482","response to oxygen levels","56/1935","357/18860",0.156862745098039,1.52890510209252,3.41134989500882,0.000846265372876119,0.0132343946220165,0.0106146271740898,"INHBA/COL1A1/PLAU/CA9/ANGPT2/PMAIP1/EDNRA/STC1/MMP14/HILPDA/LOXL2/PLEKHN1/AJUBA/HIGD1A/ITGA2/ACAA2/MYC/TWIST1/ASCL2/STC2/CXCL12/PGF/VEGFA/SLC7A5/OPRD1/BMP2/DDIT4/BCL2/F7/SLC2A1/E2F1/MMP2/POSTN/BMP7/PTGS2/SLC1A1/RYR1/SLC8A3/FABP1/CCNB1/VEGFD/P2RX2/ADIPOQ/UCN3/HSD11B2/DRD2/LCN2/TRPV4/SLC29A1/RYR2/KCNK2/TGFB2/FGFR2/CAV3/LEP/GNGT1",56
"GO:0045765","GO:0045765","regulation of angiogenesis","57/1935","365/18860",0.156164383561644,1.52209833280238,3.40570515769652,0.00085317000762242,0.0133062151595312,0.0106722307329177,"ADAM12/SULF1/ANGPT2/CXCL8/TNFRSF12A/IL1A/ANXA3/WNT5A/SPARC/IL1B/RUNX1/SPHK1/FUT1/APELA/JCAD/IL6/ADGRB1/ADAMTS9/ITGB8/ISM1/THBS2/TWIST1/THBS4/FGF18/GPR4/TSPAN18/VEGFA/KLF4/CD160/NOS3/SERPINE1/TAFA5/VASH2/ADGRB3/PRKCB/TMIGD2/CCR2/EFNA3/CCL24/COL4A2/COL4A3/FGF1/FASLG/CXCL13/ABCC8/CCR3/CNMD/CCN6/SMOC2/PF4/CEACAM1/NODAL/TGFB2/ITGA5/FOXC2/LEP/IL17F",57
"GO:0007517","GO:0007517","muscle organ development","58/1935","373/18860",0.155495978552279,1.51558354289198,3.40060131199493,0.000858973322033039,0.0133605174818923,0.0107157838324748,"COL11A1/WNT2/EDNRA/TEAD4/STRA6/ITGA11/COL3A1/SOX11/SIX4/FGFRL1/MYOM1/ADGRB1/LEF1/SIX1/MYC/TWIST1/HOMER1/LOX/COL6A3/BMP2/USP2/BCL2/DPF3/BORCS8-MEF2B/MEF2B/CNTFR/HEYL/TCF21/WT1/TNNI3/DMRTA2/JPH1/SMYD1/RYR1/TBX20/COL19A1/SHH/POU4F1/MYH15/EPHB1/NEURL1/HAND1/P2RX2/PAX5/MYLK2/CHODL/MEGF10/SGCG/RYR2/TAGLN/MYL3/TRIM72/ACTC1/TGFB2/FGFR2/CAV3/FOXC2/RBM24",58
"GO:0090183","GO:0090183","regulation of kidney development","11/1935","37/18860",0.297297297297297,2.89768838606048,3.90676075919465,0.000881382298116671,0.013672116241675,0.0109657011696456,"TACSTD2/SIX4/SOX9/SIX1/MYC/VEGFA/AGT/WT1/ADIPOQ/CITED1/FOXD1",11
"GO:0031341","GO:0031341","regulation of cell killing","23/1935","112/18860",0.205357142857143,2.0015688445921,3.59457725390819,0.00089213261056825,0.0138016751984416,0.0110696137446004,"ULBP1/STAP1/RAET1L/IL23A/CXCL6/DNASE1L3/KLRB1/ULBP2/AZGP1/CD160/ULBP3/CD55/KIR2DL4/CRTAM/NECTIN4/KLRC1/KLRC4/RAET1G/KLRC3/CEACAM1/KLRC2/RAET1E/LEP",23
"GO:0060840","GO:0060840","artery development","24/1935","119/18860",0.201680672268908,1.96573513126181,3.57330927770211,0.000912708528376842,0.0140265726501767,0.0112499924223375,"ADAMTS6/EDNRA/COMP/ROBO2/PRRX1/STRA6/COL3A1/SOX4/NOTCH3/PDGFRB/ADAMTS9/SIX1/HPGD/LOX/VEGFA/FKBP10/PDE2A/ADGRF5/SHH/WNT11/FOLR1/TGFB2/FOXC2/LEP",24
"GO:0060047","GO:0060047","heart contraction","44/1935","265/18860",0.166037735849057,1.61833162693189,3.42753408722486,0.000915645048870929,0.0140265726501767,0.0112499924223375,"EDNRA/STC1/CORIN/APELA/APLN/GJC1/TMIGD3/CACNA1C/NMU/ATP1B2/AGT/NOS3/CACNA1D/CTNNA3/TNNI3/JPH1/HCN1/GSTM2/KCNH2/SLC1A1/SLC8A3/THRB/KCNE4/TBX18/EDN3/FXYD1/ADRA1A/IRX3/ATP1A2/MYLK2/ANK2/DRD2/ADRB1/EDN2/ATP2B2/KCNE2/SGCG/RYR2/MYL3/RGS4/ACTC1/TGFB2/CAV3/JPH4",44
"GO:1904062","GO:1904062","regulation of monoatomic cation transmembrane transport","47/1935","288/18860",0.163194444444444,1.59061871949469,3.41514848101699,0.000915694895875505,0.0140265726501767,0.0112499924223375,"CEMIP/EDNRA/DHRS7C/F2R/TESC/ANK3/THY1/GRIN2D/GRIN2B/NTSR1/CACNA1C/CBARP/ATP1B2/AGT/BCL2/CACNA1D/CD19/CXCL11/P2RX1/JPH1/MMP9/GSTM2/KCNH2/GRIN2A/FXYD5/PCSK9/MS4A1/NPSR1/EDN3/P2RX2/FXYD1/ATP1A2/LRRC55/ANK2/GPER1/SLN/KCNE2/LCN2/RGS9/RYR2/RGS4/FXYD4/FXYD3/CALML3/CAV3/JPH4/GAL",47
"GO:0031960","GO:0031960","response to corticosteroid","29/1935","154/18860",0.188311688311688,1.83543071915165,3.51978237354146,0.000916418995041952,0.0140265726501767,0.0112499924223375,"INHBA/STC1/PDX1/IL6/SGK1/WNT7B/DDIT4/BCL2/IGFBP7/FLT3/PCK1/HMGCS2/CLDN1/AREG/BMP6/TAT/AXIN2/IL1RN/ADIPOQ/CPS1/UCN3/HSD11B2/GHR/GPER1/BGLAP/SCNN1G/FAM107A/BCHE/SCNN1B",29
"GO:0051783","GO:0051783","regulation of nuclear division","28/1935","147/18860",0.19047619047619,1.85652762396948,3.52503804693888,0.000926179399823278,0.0141199863154677,0.0113249147182452,"IL1A/WNT5A/IL1B/SPHK1/MSX2/PDGFRB/TRIP13/GPR3/MAD2L1/PKMYT1/MTBP/PDGFB/BMP7/UBE2C/SPC25/SKA3/BUB1B/AURKA/BIRC5/NUF2/BUB1/CCNB1/EDN3/PLCB1/EREG/TTK/PSMA8/DAZL",28
"GO:0014706","GO:0014706","striated muscle tissue development","65/1935","430/18860",0.151162790697674,1.47334895739439,3.35728694207489,0.000927429161989019,0.0141199863154677,0.0113249147182452,"COL11A1/WNT2/EDNRA/NOX4/SOX11/RUNX1/MSX2/SIX4/GJC1/PDGFRB/MYOM1/LEF1/ADAMTS9/SIX1/MYC/TWIST1/HOMER1/LOX/VEGFA/NEBL/BMP2/BMP5/BCL2/HEYL/TCF21/WT1/BMP7/TNNI3/DMRTA2/SMYD1/RYR1/CDK1/TENM4/TBX20/COL19A1/SHH/TBX18/POU4F1/CCNB1/MYH15/EPHB1/NEURL1/HAND1/P2RX2/ADRA1A/IRX3/PAX5/ALPK2/MYLK2/MESP1/MEGF10/SGCG/TP73/RYR2/MYL3/RGS4/KCNK2/DKK1/ACTC1/TGFB2/FGFR2/CAV3/NRAP/FOXC2/RBM24",65
"GO:0032722","GO:0032722","positive regulation of chemokine production","17/1935","73/18860",0.232876712328767,2.26979575944214,3.67537841980536,0.000946601110440153,0.0143360247120607,0.0114981880035459,"WNT5A/IL1B/IL6/RIPK2/IL6R/TNFSF4/TWIST1/IL17A/TSLP/POSTN/ALOX15B/FFAR2/ADIPOQ/TRPV4/FFAR3/MCOLN2/IL17F",17
"GO:1904888","GO:1904888","cranial skeletal system development","17/1935","73/18860",0.232876712328767,2.26979575944214,3.67537841980536,0.000946601110440153,0.0143360247120607,0.0114981880035459,"EDNRA/MMP14/PRRX1/TBX15/MSX2/MTHFD1L/SIX4/TFAP2A/SIX1/TWIST1/CEP55/PAX5/NODAL/MMP16/TGFB2/FGFR2/FOXC2",17
"GO:0007292","GO:0007292","female gamete generation","32/1935","176/18860",0.181818181818182,1.77214000469814,3.47978919096303,0.000957354203280876,0.0144608226768542,0.0115982820317354,"INHBA/EDNRA/FOSL1/TNFAIP6/LGR5/SEPTIN1/TRIP13/CDC25B/HPGD/BRCA2/DCAF13/BCL2/NOS3/MMP2/PAQR5/HSF2BP/ZP3/SKA3/HROB/MCMDC2/AURKA/AFP/GAS2/CCNB1/INHBB/PTN/EREG/TTK/DAZL/NANOS3/LEP/AMH",32
"GO:0035590","GO:0035590","purinergic nucleotide receptor signaling pathway","10/1935","32/18860",0.3125,3.04586563307494,3.91638589365555,0.000977637950615133,0.0146919080169181,0.0117836236964079,"ADCY5/P2RY8/P2RY4/P2RY12/P2RX1/P2RX6/P2RY1/P2RX2/NECAB2/CNTN2",10
"GO:1901342","GO:1901342","regulation of vasculature development","58/1935","375/18860",0.154666666666667,1.50750043066322,3.35643157351759,0.000979372911458936,0.0146919080169181,0.0117836236964079,"ADAM12/SULF1/ANGPT2/CXCL8/TNFRSF12A/IL1A/ANXA3/WNT5A/SPARC/IL1B/RUNX1/SPHK1/FUT1/APELA/JCAD/IL6/ADGRB1/ADAMTS9/ITGB8/ISM1/THBS2/TWIST1/THBS4/FGF18/GPR4/CXCL12/TSPAN18/VEGFA/KLF4/CD160/NOS3/SERPINE1/TAFA5/VASH2/ADGRB3/PRKCB/TMIGD2/CCR2/EFNA3/CCL24/COL4A2/COL4A3/FGF1/FASLG/CXCL13/ABCC8/CCR3/CNMD/CCN6/SMOC2/PF4/CEACAM1/NODAL/TGFB2/ITGA5/FOXC2/LEP/IL17F",58
"GO:0050953","GO:0050953","sensory perception of light stimulus","39/1935","228/18860",0.171052631578947,1.6672106623147,3.4271738853288,0.000981846890117156,0.0146919080169181,0.0117836236964079,"COL11A1/COL1A1/TGFBI/TACSTD2/CDH3/RGS16/GJC1/CDH23/PDE6A/USH1G/PRCD/GLRB/CNGB1/CNNM4/LAMC3/KCNK9/MYO3A/GJA3/LUM/POU6F2/RDH5/CLIC5/SOX14/SLITRK6/KRT12/COL18A1/VSX1/ZIC2/GPR143/ELFN1/RGS9/GUCA1A/RP1L1/GRK1/ADGRV1/BFSP2/CLDN19/OPN4/REEP6",39
"GO:0006721","GO:0006721","terpenoid metabolic process","22/1935","106/18860",0.207547169811321,2.02291453366486,3.57092560337024,0.000985417288363231,0.0146919080169181,0.0117836236964079,"LRP8/UGT1A1/CYP3A4/ALDH1A3/CEL/AKR1B10/HMGCS2/RETSAT/RDH5/UGT1A8/ADH6/DGAT2/ADH1B/CYP3A7/CRABP2/AKR1C4/ADH1A/UGT1A7/ADH1C/UGT1A9/RBP1/CYP2W1",22
"GO:1990266","GO:1990266","neutrophil migration","22/1935","106/18860",0.207547169811321,2.02291453366486,3.57092560337024,0.000985417288363231,0.0146919080169181,0.0117836236964079,"TREM1/CXCL8/IL1B/TNFAIP6/CXCL5/CXCL3/IL23A/THBS4/CXCL6/S100A9/S100A8/CXCR2/CXCR1/CSF3R/DPEP1/PPBP/EDN3/CXCL13/EDN2/PF4/TGFB2/MCOLN2",22
"GO:0090279","GO:0090279","regulation of calcium ion import","13/1935","49/18860",0.26530612244898,2.5858777619575,3.75835053699941,0.00102172038874971,0.0150651207013922,0.0120829583932699,"STC1/PDGFRB/TRPV3/PLPP4/HOMER1/CXCL12/PDGFB/P2RX1/MS4A1/FCRL3/GCG/SLN/CAV3",13
"GO:0002715","GO:0002715","regulation of natural killer cell mediated immunity","15/1935","61/18860",0.245901639344262,2.39674672766552,3.69445756342457,0.00102287672865581,0.0150651207013922,0.0120829583932699,"KLRB1/CD96/CD160/KIR2DL4/CRTAM/NECTIN4/KLRC1/KLRC4/RAET1G/KLRC3/CEACAM1/KLRC2/SH2D1B/RAET1E/LEP",15
"GO:0034113","GO:0034113","heterotypic cell-cell adhesion","15/1935","61/18860",0.245901639344262,2.39674672766552,3.69445756342457,0.00102287672865581,0.0150651207013922,0.0120829583932699,"IL1B/THY1/GCNT2/CD44/ITGB7/KLF4/CTNNA3/BMP7/ITGAD/CD200R1/IL1RN/ADIPOQ/GLDN/IZUMO1/ITGA5",15
"GO:0060350","GO:0060350","endochondral bone morphogenesis","15/1935","61/18860",0.245901639344262,2.39674672766552,3.69445756342457,0.00102287672865581,0.0150651207013922,0.0120829583932699,"COL1A1/STC1/MMP14/COMP/COL3A1/MMP13/SERPINH1/SOX9/FGF18/BMP6/AXIN2/GHR/COL27A1/TRPV4/MMP16",15
"GO:0061008","GO:0061008","hepaticobiliary system development","28/1935","148/18860",0.189189189189189,1.84398351840212,3.48530023208683,0.00103273443780404,0.0150651207013922,0.0120829583932699,"PDX1/ACAT1/IL6/MET/ITGA2/CEBPB/SOX9/SLC7A5/SLC22A4/E2F7/FLT3/PCK1/HMGCS2/AURKA/PCSK9/CLDN1/UGT1A10/UGT1A8/PTN/HPN/CPS1/MESP1/CEACAM1/NODAL/UGT1A7/UGT1A9/OTC/WNT1",28
"GO:0033630","GO:0033630","positive regulation of cell adhesion mediated by integrin","8/1935","22/18860",0.363636363636364,3.54428000939629,4.03733071740971,0.00103326304057616,0.0150651207013922,0.0120829583932699,"PODXL/CCL5/CD3E/P2RY12/FERMT1/CXCL13/TGFB2/FOXC2",8
"GO:0036376","GO:0036376","sodium ion export across plasma membrane","8/1935","22/18860",0.363636363636364,3.54428000939629,4.03733071740971,0.00103326304057616,0.0150651207013922,0.0120829583932699,"ATP1B2/FXYD5/SLC4A4/ATP12A/FXYD1/ATP1A2/FXYD4/FXYD3",8
"GO:0062012","GO:0062012","regulation of small molecule metabolic process","56/1935","360/18860",0.155555555555556,1.51616422624175,3.34340327913029,0.0010345870222358,0.0150651207013922,0.0120829583932699,"PMAIP1/PTH1R/IL1B/GDF15/UGT1A1/SNAI1/EPHX2/NME1/APPL2/NTSR1/SLC7A11/SOX9/ABCB11/TWIST1/IER3/NNMT/TRIB3/BMP2/DDIT4/BMP5/AGT/PDK4/PPARGC1A/PTGS2/GPIHBP1/AQP8/ABCD2/PCK1/SLC4A4/P2RY1/FMO5/FGF19/KIT/UGT1A10/UGT1A8/BMP6/ERFE/AVPR1B/FMO2/FGF1/DGAT2/ADIPOQ/NR1H4/GCG/EDN2/GPER1/CEACAM1/GUCA1A/FMO1/BGLAP/GPLD1/ACADL/MLXIPL/UGT1A7/UGT1A9/LEP",56
"GO:0060688","GO:0060688","regulation of morphogenesis of a branching structure","14/1935","55/18860",0.254545454545455,2.4809960065774,3.71906731883968,0.00103545646204143,0.0150651207013922,0.0120829583932699,"SULF1/WNT2/WNT5A/TACSTD2/SIX4/SOX9/SIX1/VEGFA/AGT/BMP7/SHH/ESR1/FGFR2/CAV3",14
"GO:0006066","GO:0006066","alcohol metabolic process","57/1935","368/18860",0.154891304347826,1.50968992248062,3.33866996405189,0.00104043177109512,0.0150651207013922,0.0120829583932699,"PTH1R/LIPC/SULT1A1/SPHK1/EPHX2/CYP3A4/PRKG2/ACAA2/NTSR1/NAAA/SULT1A2/CYP27B1/PLCG2/ALDH1A3/SULT2B1/BMP2/BMP5/AGT/SQLE/CYP24A1/CEL/NOS3/DHCR7/AQP8/GDPD3/ABCA5/ITPKA/AKR1C2/AKR1B10/PCK1/HMGCS2/ALDH3B2/P2RY1/RETSAT/PCSK9/FMO5/RDH5/BMP6/ADH6/AVPR1B/FGF1/SULT1B1/DGAT2/PLCB1/NR1H4/HSD11B2/ADH1B/CYP3A7/GPER1/MOGAT2/AKR1C4/ACADL/ADH1A/NPC1L1/SCNN1B/ADH1C/LEP",57
"GO:0003206","GO:0003206","cardiac chamber morphogenesis","26/1935","134/18860",0.194029850746269,1.8911643333719,3.50044422829597,0.0010452004956823,0.0150651207013922,0.0120829583932699,"COL11A1/WNT2/EDNRA/ROBO2/SOX11/MSX2/SOX4/FGFRL1/NRP2/BMP2/BMP5/NOS3/HEYL/BMP7/TNNI3/TBX20/WNT11/POU4F1/HAND1/MESP1/RYR2/MYL3/TGFB2/FGFR2/CAV3/FOXC2",26
"GO:0015838","GO:0015838","amino-acid betaine transport","6/1935","13/18860",0.461538461538462,4.49850924269529,4.26647360080782,0.0010497156214176,0.0150651207013922,0.0120829583932699,"SLC22A5/SLC6A20/SLC22A4/PDZK1/SLC6A14/SLC16A9",6
"GO:0033084","GO:0033084","regulation of immature T cell proliferation in thymus","6/1935","13/18860",0.461538461538462,4.49850924269529,4.26647360080782,0.0010497156214176,0.0150651207013922,0.0120829583932699,"IL1A/IL1B/RIPK2/FOXP3/SHH/CDKN2A",6
"GO:0086070","GO:0086070","SA node cell to atrial cardiac muscle cell communication","6/1935","13/18860",0.461538461538462,4.49850924269529,4.26647360080782,0.0010497156214176,0.0150651207013922,0.0120829583932699,"GJC1/CACNA1D/HCN1/TBX18/ANK2/RYR2",6
"GO:2000833","GO:2000833","positive regulation of steroid hormone secretion","6/1935","13/18860",0.461538461538462,4.49850924269529,4.26647360080782,0.0010497156214176,0.0150651207013922,0.0120829583932699,"SPP1/BMP6/CYP19A1/ECRG4/GAL/GALR1",6
"GO:0030856","GO:0030856","regulation of epithelial cell differentiation","32/1935","177/18860",0.180790960451977,1.76212791427612,3.44450382416996,0.00105610185962666,0.0151190701546056,0.0121262284746345,"SFRP4/IL1B/ETV4/PKP1/MSX2/APOLD1/LEF1/CEBPB/SOX9/CYP27B1/VEGFA/GRHL1/SULT2B1/BMP2/NOTCH4/SERPINE1/HES5/BMP7/MMP9/ALOX15B/SPRED3/BMP6/REG3A/ASCL1/PLCB1/ABCA12/MESP1/CEACAM1/TP73/NODAL/TMEM100/REG3G",32
"GO:0003015","GO:0003015","heart process","45/1935","275/18860",0.163636363636364,1.59492600422833,3.36034209827074,0.00109797602969518,0.0156795336250515,0.0125757473950982,"EDNRA/STC1/NOX4/CORIN/APELA/APLN/GJC1/TMIGD3/CACNA1C/NMU/ATP1B2/AGT/NOS3/CACNA1D/CTNNA3/TNNI3/JPH1/HCN1/GSTM2/KCNH2/SLC1A1/SLC8A3/THRB/KCNE4/TBX18/EDN3/FXYD1/ADRA1A/IRX3/ATP1A2/MYLK2/ANK2/DRD2/ADRB1/EDN2/ATP2B2/KCNE2/SGCG/RYR2/MYL3/RGS4/ACTC1/TGFB2/CAV3/JPH4",45
"GO:0002711","GO:0002711","positive regulation of T cell mediated immunity","17/1935","74/18860",0.22972972972973,2.23912284377401,3.61117504521789,0.00111342153984325,0.0158215826217232,0.0126896775885969,"IL1B/ULBP1/IL6/RAET1L/TNFSF4/IL23A/ULBP2/AZGP1/ULBP3/FOXP3/CD55/ZP3/CD7/TBX21/SECTM1/RAET1G/RAET1E",17
"GO:1902475","GO:1902475","L-alpha-amino acid transmembrane transport","17/1935","74/18860",0.22972972972973,2.23912284377401,3.61117504521789,0.00111342153984325,0.0158215826217232,0.0126896775885969,"SLC11A1/TTYH3/SLC7A1/NTSR1/SLC7A11/SLC17A8/SLC6A20/SLC47A1/SLC7A5/SLC38A5/SLC1A1/SLC17A7/SLC7A5P1/ATP1A2/SLC22A2/SLC1A7/SLC3A1",17
"GO:0042310","GO:0042310","vasoconstriction","19/1935","87/18860",0.218390804597701,2.12860494817191,3.56755118251393,0.0011253121139967,0.015933701444802,0.0127796023294081,"EDNRA/COMP/F2R/HTR1D/APLN/AGT/HTR7/MMP2/ADRA2A/P2RX1/OXTR/AVPR1B/EDN3/ADRA1A/ATP1A2/EDN2/SCNN1B/ADRA2C/LEP",19
"GO:0010092","GO:0010092","specification of animal organ identity","11/1935","38/18860",0.289473684210526,2.82143342853257,3.80021084394818,0.00112684908567062,0.015933701444802,0.0127796023294081,"WNT2/ROBO2/WNT5A/SIX1/BMP2/WNT11/AXIN2/FGF1/MESP1/DKK1/FGFR2",11
"GO:0051962","GO:0051962","positive regulation of nervous system development","47/1935","291/18860",0.161512027491409,1.57422058836588,3.33784735990669,0.00114527394616212,0.0161545381376544,0.0129567240813233,"WNT2/TNFRSF12A/ROBO2/SOX11/IL1B/LRP8/IL6/LRRC15/ADGRB1/THBS2/CXCL12/SLITRK3/VEGFA/SLC7A5/BMP2/SRPX2/E2F1/LRRN3/XRCC2/SERPINE2/DMRTA2/WDR62/ITPKA/TENM4/ADGRB3/SHH/KIT/BDNF/NTN1/SLITRK6/CBLN2/EPHB3/EPHB1/NEURL1/ASCL1/PTN/DRD2/GPER1/CHODL/MME/RNF112/CRABP2/TP73/CAMK2B/WNT3/FN1/CUX2",47
"GO:0051960","GO:0051960","regulation of nervous system development","69/1935","466/18860",0.148068669527897,1.44319126992048,3.27552969144047,0.00115345419112529,0.0162301439362495,0.0130173636033571,"WNT2/TNFRSF12A/ROBO2/BHLHE40/TG/WNT5A/SOX11/IL1B/LRP8/IL6/LRRC15/ADGRB1/THY1/LEF1/APPL2/SPP1/THBS2/ASCL2/CXCL12/SLITRK3/VEGFA/SLC7A5/BMP2/SRPX2/LGI4/E2F1/HEYL/HES5/LRRN3/XRCC2/SERPINE2/PTPN13/BMP7/KIF14/DMRTA2/SEMA6D/WDR62/ITPKA/TENM4/ADGRB3/FEZF1/GBX2/SHH/JAM2/KIT/POU4F1/BDNF/NTN1/SLITRK6/CBLN2/EPHB3/EPHB1/NEURL1/ASCL1/PTN/ABCC8/DRD2/GPER1/CHODL/MME/RNF112/CRABP2/TLX2/TP73/CAMK2B/WNT3/DKK1/FN1/CUX2",69
"GO:0045471","GO:0045471","response to ethanol","25/1935","128/18860",0.1953125,1.90366602067183,3.46861692528363,0.00117157958388145,0.0164449768420432,0.0131896700264959,"TNC/CSF3/GRIN2B/CRHBP/HPGD/CD27/OPRD1/S100A8/GRIN3A/GRIN2A/CDK1/HMGCS2/FGF19/CLDN1/CLDN18/ADIPOQ/IL2/DRD2/BGLAP/RGS4/CCL7/ACTC1/FGFR2/SLC10A1/LEP",25
"GO:0001655","GO:0001655","urogenital system development","16/1935","68/18860",0.235294117647059,2.29335765313877,3.61261822042455,0.00117484495564023,0.016450687882505,0.0131942505582851,"SULF1/WNT5A/TNC/SOX9/SERPINB5/MMP2/BMP7/ALOX15B/HELLS/SHH/WNT11/EPHB3/ESR1/CYP19A1/FGFR2/AMH",16
"GO:0048704","GO:0048704","embryonic skeletal system morphogenesis","20/1935","94/18860",0.212765957446809,2.07378085656166,3.52881754557721,0.00119017854805495,0.0166249454952821,0.0133340136260116,"COL11A1/MDFI/MMP14/PRRX1/SOX11/TBX15/MTHFD1L/SIX4/TFAP2A/SIX1/TWIST1/HOXD3/BMP7/HOXB8/HOXD4/PAX5/NODAL/MMP16/FGFR2/FOXC2",20
"GO:0055008","GO:0055008","cardiac muscle tissue morphogenesis","15/1935","62/18860",0.241935483870968,2.3580895223806,3.62162848247031,0.00122337433088904,0.017047262165294,0.0136727321038574,"COL11A1/WNT2/EDNRA/BMP2/TNNI3/TBX20/POU4F1/HAND1/MYLK2/RYR2/MYL3/ACTC1/TGFB2/FGFR2/FOXC2",15
"GO:0070371","GO:0070371","ERK1 and ERK2 cascade","52/1935","331/18860",0.157099697885196,1.53121462641592,3.29680687242505,0.00122688719763069,0.0170549174453252,0.0136788720101972,"INHBA/IL1A/NOX4/DUSP4/F2R/IL1B/APELA/RIPK2/FPR2/PDGFRB/GCNT2/CD44/CCL5/SOX9/MYC/FGF18/ALKAL1/SLC30A10/VEGFA/IQGAP3/BMP2/KLF4/TBC1D10C/PDGFB/CXCL17/PDGFD/SPRED3/CDK1/P2RY1/PTPRR/NPY/FGF19/NPSR1/FGF1/EPHB1/ADIPOQ/TNFAIP8L3/ADRA1A/NECAB2/ALKAL2/GCG/DRD2/DUSP26/GPER1/CEACAM1/TRPV4/NODAL/TNFSF11/FAM83D/DUSP9/FN1/FGFR2",52
"GO:0071248","GO:0071248","cellular response to metal ion","33/1935","186/18860",0.17741935483871,1.72926564974577,3.3795511878682,0.00123970213368453,0.0171915319984445,0.01378844351606,"SLC11A1/WNT5A/CPNE7/ANK3/CPNE5/TFAP2A/TFR2/PLCG2/CRHBP/ECT2/CPNE8/SLC1A1/RYR1/ITPKA/CHP2/MT2A/CLDN1/SHH/DPEP1/BMP6/KCNH1/MT1E/CCNB1/INHBB/MT1M/MT1X/SLFN14/FABP4/GUCA1A/ADGRV1/MT1F/MT1H/GABRB3",33
"GO:0060560","GO:0060560","developmental growth involved in morphogenesis","41/1935","246/18860",0.166666666666667,1.6244616709733,3.3334117493293,0.00124535134821788,0.0172283581946968,0.0138179799138041,"KIF26B/TNFRSF12A/EDNRA/WNT5A/TNC/SIX4/CPNE5/PTK7/SOX9/SIX1/WNT7B/SPP1/CXCL12/VEGFA/NRP2/NKD1/CPNE8/POSTN/SEMA6D/AURKA/SHH/AREG/WNT11/BDNF/NTN1/EMX1/FGF1/EDN3/SLC39A12/ESR1/SALL1/NRN1/EDN2/SYT2/MESP1/CRABP2/WNT3/FN1/FGFR2/CACNG7/SH3GL2",41
"GO:0030509","GO:0030509","BMP signaling pathway","32/1935","179/18860",0.17877094972067,1.74243933422834,3.3746046774675,0.00128055589932495,0.0176728997616669,0.0141745238382933,"SFRP4/SULF1/COMP/WNT5A/SOX11/DSG4/TNFAIP6/MSX2/CHRDL2/HTRA3/LEF1/PDCD4/BMP2/BMP5/KCP/HES5/GREM2/BMP7/VWC2/GDF7/TBX20/FSTL3/BMP6/TMPRSS6/ERFE/FOXD1/TMEM100/DKK1/GDF5/DAND5/SCUBE3/WNT1",32
"GO:0002720","GO:0002720","positive regulation of cytokine production involved in immune response","19/1935","88/18860",0.215909090909091,2.10441625557905,3.51118999090653,0.00129966302249366,0.0178936858718923,0.0143516050204852,"WNT5A/IL1B/IL6/RIPK2/TNFSF4/PLCG2/DDX21/SLC7A5/SPON2/CD160/CD55/KIR2DL4/CD7/FFAR2/KIT/TBX21/SECTM1/RAET1G/FFAR3",19
"GO:0045109","GO:0045109","intermediate filament organization","17/1935","75/18860",0.226666666666667,2.20926787252369,3.54799519554363,0.0013045310218077,0.0179178425549005,0.014370979853352,"KRT6B/KRT17/PKP1/KRT6A/BFSP1/KRT9/KRT80/KRT16/KRT23/KRT20/KRT24/SHH/KRT12/BFSP2/KRT7/KRT75/KRT39",17
"GO:0007601","GO:0007601","visual perception","38/1935","224/18860",0.169642857142857,1.65346991509782,3.32666242300234,0.00132267119376677,0.0181237445717327,0.0145361232698428,"COL11A1/COL1A1/TGFBI/TACSTD2/CDH3/RGS16/GJC1/CDH23/PDE6A/PRCD/GLRB/CNGB1/CNNM4/LAMC3/KCNK9/MYO3A/GJA3/LUM/POU6F2/RDH5/CLIC5/SOX14/SLITRK6/KRT12/COL18A1/VSX1/ZIC2/GPR143/ELFN1/RGS9/GUCA1A/RP1L1/GRK1/ADGRV1/BFSP2/CLDN19/OPN4/REEP6",38
"GO:0009743","GO:0009743","response to carbohydrate","41/1935","247/18860",0.165991902834008,1.61788490307462,3.30509044292614,0.00134858097006172,0.0184348776311288,0.0147856670926882,"COL1A1/ANGPT2/NOX4/PDX1/ILDR2/IL1B/FUT1/SOX4/ITGA2/ADCY5/G6PC1/COL6A3/SLC2A5/VSNL1/ADRA2A/PNPLA3/PCK1/HMGCS2/GUCA2B/PRKCB/COLEC12/REG3A/CA1/P2RX2/PLCB1/ADIPOQ/ABCA12/NR1H4/UCN3/ABCC8/GCG/GPER1/LCN2/SLC29A1/BRSK2/GPLD1/EPHA5/MLXIPL/GCKR/LEP/SLC30A8",41
"GO:0003128","GO:0003128","heart field specification","7/1935","18/18860",0.388888888888889,3.79041056560436,4.00475854526327,0.00135647399063378,0.0184551012200884,0.0148018873931295,"ROBO2/WNT5A/BMP2/WNT11/AXIN2/MESP1/DKK1",7
"GO:0010755","GO:0010755","regulation of plasminogen activation","7/1935","18/18860",0.388888888888889,3.79041056560436,4.00475854526327,0.00135647399063378,0.0184551012200884,0.0148018873931295,"PLAU/RUNX1/CLEC3B/SERPINE1/SERPINE2/HPN/MELTF",7
"GO:0003007","GO:0003007","heart morphogenesis","45/1935","278/18860",0.161870503597122,1.57771457252802,3.28114156812929,0.00137571626581027,0.0186129797223639,0.0149285136188332,"COL11A1/WNT2/EDNRA/ROBO2/WNT5A/SOX11/MSX2/SOX4/COL5A1/FGFRL1/SNAI1/SOX9/SIX1/PDCD4/TWIST1/VEGFA/NRP2/BMP2/BMP5/NOS3/HEYL/BMP7/TNNI3/RYR1/TBX20/SHH/WNT11/POU4F1/AXIN2/HAND1/ALPK2/MYLK2/MESP1/FOLR1/RYR2/NODAL/MYL3/TMEM100/DKK1/ACTC1/TGFB2/FGFR2/CAV3/DCHS2/FOXC2",45
"GO:0006869","GO:0006869","lipid transport","68/1935","461/18860",0.147505422993492,1.43770143548179,3.21711658942123,0.00137778094904031,0.0186129797223639,0.0149285136188332,"INHBA/SLCO4A1/ABCG2/LIPC/STRA6/IL1B/ATG9B/ABCA10/ATP11A/APOLD1/SPNS2/ABCC2/PRELID3A/NTSR1/SPP1/SLC27A6/LIPG/ABCB11/ABCA6/ABCA8/AGT/SLC13A3/NMB/SLC2A1/KCNK9/TMEM97/PTGS2/SLC51B/ABCA5/PLA2G2D/ABCD2/FABP1/FABP6/PCSK9/CIDEC/SHH/BMP6/ERFE/AVPR1B/FASLG/ADIPOQ/TNFAIP8L3/ABCA12/NR1H4/DRD2/FABP4/ABCA13/CEACAM1/FABP2/ABCA9/CRABP2/SLC5A8/SLC10A2/CYP19A1/TNFSF11/AKR1C4/SLC22A2/SLCO1A2/CRABP1/NPC1L1/ECRG4/SLC51A/SLC10A1/XKR7/RBP1/GAL/GALR1/LEP",68
"GO:0043434","GO:0043434","response to peptide hormone","68/1935","461/18860",0.147505422993492,1.43770143548179,3.21711658942123,0.00137778094904031,0.0186129797223639,0.0149285136188332,"INHBA/COL1A1/EDNRA/COL3A1/IL1B/FUT1/GDF15/REG1B/CDC6/GLP2R/TRARG1/APPL2/G6PC1/CRHBP/STC2/CXCL12/SLC30A10/TRIB3/REG1A/KLF4/AGT/F7/PDK4/SLC2A1/RAB31/VWA2/BMP7/TIMP1/CA2/PNPLA3/PCK1/HMGCS2/PRKCB/PCSK9/AREG/ERFE/REG3A/INHBB/IGFBP5/PLCB1/ADIPOQ/MZB1/CITED1/CPS1/EREG/NR1H4/HSD11B2/GHR/ABCC8/GCG/GPER1/TSHR/CEACAM1/TRPV4/GCGR/UMODL1/BGLAP/TRIM72/SCNN1G/GPLD1/SCNN1B/FFAR3/GAL/FOXC2/LEP/OTC/REG3G/WNT1",68
"GO:1905330","GO:1905330","regulation of morphogenesis of an epithelium","16/1935","69/18860",0.231884057971014,2.26012058570198,3.54566076569922,0.00138632006179143,0.0186613868892902,0.0149673385174517,"SULF1/ADAMTS12/WNT2/WNT5A/TACSTD2/SIX4/SOX9/SIX1/VEGFA/AGT/BMP7/SHH/FGF1/ESR1/LCN2/CAV3",16
"GO:0010460","GO:0010460","positive regulation of heart rate","9/1935","28/18860",0.321428571428571,3.13289036544851,3.81886935857212,0.00139433472847868,0.0186613868892902,0.0149673385174517,"APLN/NMU/SLC1A1/EDN3/ADRA1A/ADRB1/EDN2/RYR2/RGS4",9
"GO:0060740","GO:0060740","prostate gland epithelium morphogenesis","9/1935","28/18860",0.321428571428571,3.13289036544851,3.81886935857212,0.00139433472847868,0.0186613868892902,0.0149673385174517,"SULF1/WNT5A/TNC/SOX9/MMP2/BMP7/SHH/ESR1/FGFR2",9
"GO:0090103","GO:0090103","cochlea morphogenesis","9/1935","28/18860",0.321428571428571,3.13289036544851,3.81886935857212,0.00139433472847868,0.0186613868892902,0.0149673385174517,"CTHRC1/WNT5A/PTK7/SOX9/SIX1/MYO3A/GRHL3/TBX18/HPN",9
"GO:0022404","GO:0022404","molting cycle process","21/1935","102/18860",0.205882352941176,2.00668794649643,3.4469673124947,0.00141332400730906,0.0188279621807028,0.0151009399903758,"FOXQ1/INHBA/WNT5A/KRT17/CDH3/DSG4/MSX2/LGR5/SNAI1/SOX9/DKK4/TSPEAR/BCL2/APCDD1/SHH/FERMT1/IGFBP5/DKK1/TGFB2/FGFR2/GAL",21
"GO:0022405","GO:0022405","hair cycle process","21/1935","102/18860",0.205882352941176,2.00668794649643,3.4469673124947,0.00141332400730906,0.0188279621807028,0.0151009399903758,"FOXQ1/INHBA/WNT5A/KRT17/CDH3/DSG4/MSX2/LGR5/SNAI1/SOX9/DKK4/TSPEAR/BCL2/APCDD1/SHH/FERMT1/IGFBP5/DKK1/TGFB2/FGFR2/GAL",21
"GO:0061687","GO:0061687","detoxification of inorganic compound","8/1935","23/18860",0.347826086956522,3.39018087855297,3.87814723429737,0.00144308590409867,0.0191800447530898,0.0153833273112257,"SLC11A1/SLC30A10/MT2A/MT1E/MT1M/MT1X/MT1F/MT1H",8
"GO:0003179","GO:0003179","heart valve morphogenesis","15/1935","63/18860",0.238095238095238,2.32065952996186,3.55019615969787,0.00145589896658891,0.0192171985154109,0.0154131264328642,"CDH11/ROBO2/STRA6/SOX4/FGFRL1/SNAI1/ADAMTS9/SOX9/TWIST1/BMP2/NOS3/HEYL/TBX20/AXIN2/TGFB2",15
"GO:0010718","GO:0010718","positive regulation of epithelial to mesenchymal transition","15/1935","63/18860",0.238095238095238,2.32065952996186,3.55019615969787,0.00145589896658891,0.0192171985154109,0.0154131264328642,"PDPN/COL1A1/IL1B/LOXL2/IL6/SNAI1/LEF1/GCNT2/TWIST1/BMP2/AGT/BMP7/TBX20/AXIN2/TGFB2",15
"GO:1905517","GO:1905517","macrophage migration","15/1935","63/18860",0.238095238095238,2.32065952996186,3.55019615969787,0.00145589896658891,0.0192171985154109,0.0154131264328642,"MMP14/STAP1/CNN2/CCL5/MMP2/P2RY12/CXCL17/CCR2/CD200R1/TRIM55/EDN2/TRPV4/CYP19A1/MMP28/MCOLN2",15
"GO:0002367","GO:0002367","cytokine production involved in immune response","25/1935","130/18860",0.192307692307692,1.87437885112304,3.38250080300967,0.00147211791404599,0.0193425538706271,0.0155136675152407,"WNT5A/IL1B/IL6/RIPK2/TNFSF4/PLCG2/TWIST1/DDX21/SLC7A5/CD96/SPON2/CD160/FOXP3/CD55/KIR2DL4/CD7/FFAR2/CCR2/KIT/TBX21/SECTM1/RAET1G/CLC/FFAR3/TGFB2",25
"GO:0002718","GO:0002718","regulation of cytokine production involved in immune response","25/1935","130/18860",0.192307692307692,1.87437885112304,3.38250080300967,0.00147211791404599,0.0193425538706271,0.0155136675152407,"WNT5A/IL1B/IL6/RIPK2/TNFSF4/PLCG2/TWIST1/DDX21/SLC7A5/CD96/SPON2/CD160/FOXP3/CD55/KIR2DL4/CD7/FFAR2/CCR2/KIT/TBX21/SECTM1/RAET1G/CLC/FFAR3/TGFB2",25
"GO:2000243","GO:2000243","positive regulation of reproductive process","19/1935","89/18860",0.213483146067416,2.08077112911187,3.45557648098451,0.0014964755886248,0.0196178064066873,0.0157344334159447,"INHBA/MAPK15/UNC5C/WNT5A/APELA/MSX2/SOX9/CDC25B/VEGFA/CDC25A/WT1/ZP3/AURKA/P2RY1/SHH/INHBB/PLCB1/DAZL/DEFB1",19
"GO:0048146","GO:0048146","positive regulation of fibroblast proliferation","14/1935","57/18860",0.245614035087719,2.39394351511855,3.56372765182593,0.00150573504498255,0.0196943299633513,0.0157958090245179,"WNT2/WNT5A/SPHK1/CDC6/MYC/AGT/E2F1/PDGFB/PDGFD/CCNB1/ESR1/EREG/FN1/WNT1",14
"GO:1903053","GO:1903053","regulation of extracellular matrix organization","17/1935","76/18860",0.223684210526316,2.18019855841153,3.48580679726005,0.00152266239458718,0.0198690689959592,0.0159359582143273,"FAP/PDPN/ZNF469/RUNX1/CARMIL2/IL6/SOX9/FSCN1/BMP2/ANTXR1/AGT/LAMA1/AEBP1/AXIN2/ADTRP/MELTF/TGFB2",17
"GO:0043368","GO:0043368","positive T cell selection","13/1935","51/18860",0.254901960784314,2.48447079090034,3.58929676670591,0.00152599973869921,0.0198690689959592,0.0159359582143273,"LY9/IL6/IL6R/IL23A/CD3E/BCL2/IRF4/FOXP3/ZAP70/CD3G/SHH/TBX21/THEMIS",13
"GO:0046888","GO:0046888","negative regulation of hormone secretion","16/1935","70/18860",0.228571428571429,2.22783314876338,3.47984949076097,0.00162894266419746,0.02116154634866,0.016972587816338,"INHBA/IL11/OSM/IL1B/CRHBP/VSNL1/NMB/KCNK9/ADRA2A/FFAR2/INHBB/ADIPOQ/ABCC8/DRD2/ADRA2C/LEP",16
"GO:0048844","GO:0048844","artery morphogenesis","18/1935","83/18860",0.216867469879518,2.1137573550014,3.43836521351162,0.0016327277019278,0.0211629457761138,0.0169737102251148,"EDNRA/COMP/PRRX1/STRA6/COL3A1/SOX4/NOTCH3/PDGFRB/ADAMTS9/SIX1/HPGD/VEGFA/FKBP10/ADGRF5/WNT11/FOLR1/TGFB2/FOXC2",18
"GO:0007584","GO:0007584","response to nutrient","30/1935","167/18860",0.179640718562874,1.75091677110894,3.2956874096727,0.00164891659979709,0.0213247528805219,0.0171034873805091,"COL1A1/STC1/PDX1/TNC/ITGA2/SPP1/LIPG/CYP27B1/STC2/CYP24A1/SST/F7/SLC22A4/POSTN/CDKN2B/BMP7/F5/FOLR2/HMGCS2/TMIGD1/ASCL1/DGAT2/ADIPOQ/GCGR/FOLR1/BGLAP/BCHE/MLXIPL/LEP/OTC",30
"GO:0033080","GO:0033080","immature T cell proliferation in thymus","6/1935","14/18860",0.428571428571429,4.17718715393134,4.02098727424436,0.00167823362771713,0.0214627433944713,0.0172141624737769,"IL1A/IL1B/RIPK2/FOXP3/SHH/CDKN2A",6
"GO:0033083","GO:0033083","regulation of immature T cell proliferation","6/1935","14/18860",0.428571428571429,4.17718715393134,4.02098727424436,0.00167823362771713,0.0214627433944713,0.0172141624737769,"IL1A/IL1B/RIPK2/FOXP3/SHH/CDKN2A",6
"GO:0046322","GO:0046322","negative regulation of fatty acid oxidation","6/1935","14/18860",0.428571428571429,4.17718715393134,4.02098727424436,0.00167823362771713,0.0214627433944713,0.0172141624737769,"APPL2/SOX9/FMO2/DGAT2/FMO1/ACADL",6
"GO:0060707","GO:0060707","trophoblast giant cell differentiation","6/1935","14/18860",0.428571428571429,4.17718715393134,4.02098727424436,0.00167823362771713,0.0214627433944713,0.0172141624737769,"MDFI/SNAI1/E2F7/HAND1/GJB5/ELF5",6
"GO:0061029","GO:0061029","eyelid development in camera-type eye","6/1935","14/18860",0.428571428571429,4.17718715393134,4.02098727424436,0.00167823362771713,0.0214627433944713,0.0172141624737769,"INHBA/STRA6/SOX11/TFAP2A/TWIST1/GRHL3",6
"GO:1903825","GO:1903825","organic acid transmembrane transport","29/1935","160/18860",0.18125,1.76660206718346,3.29264303648316,0.00169664971439807,0.0216501532291816,0.0173644742621906,"SLC6A6/SLC11A1/TTYH3/SLC36A1/SLC7A1/NTSR1/SLC7A11/SLC17A8/SLC6A20/SLC47A1/SLC7A5/SLC23A1/LRRC8E/SLC13A3/SLC38A5/SLC2A1/SLC5A6/SLC1A1/SLC17A7/ABCD2/SLC7A5P1/ATP1A2/SLC6A14/SLC16A9/SLC5A8/RGS4/SLC22A2/SLC1A7/SLC3A1",29
"GO:0048771","GO:0048771","tissue remodeling","34/1935","197/18860",0.17258883248731,1.68218365928199,3.25446176501709,0.00171462850804344,0.0218311660703319,0.017509655351119,"CTHRC1/EDNRA/IL1A/PTH1R/MMP14/NOX4/F2R/RUNX1/IL6/BGN/IL23A/SPP1/THBS4/AGT/CTSK/NOS3/PDK4/MMP2/TIMP1/CCR2/CDKN2A/CSPG4/CLDN18/IGFBP5/PTN/IL2/DCSTAMP/CEACAM1/BGLAP/TNFSF11/TGFB2/GDF5/FOXC2/LEP",34
"GO:0070633","GO:0070633","transepithelial transport","11/1935","40/18860",0.275,2.68036175710594,3.59714919844225,0.00178702431267091,0.0226526980603989,0.0181685639022999,"ABCG2/PKP1/ABCC2/P2RY4/CSF2/AQP8/SLC1A1/CLDN18/GPLD1/CLDN19/SCNN1B",11
"GO:0072210","GO:0072210","metanephric nephron development","11/1935","40/18860",0.275,2.68036175710594,3.59714919844225,0.00178702431267091,0.0226526980603989,0.0181685639022999,"KIF26B/PDGFRB/SOX9/HES5/TCF21/WT1/PDGFB/ADIPOQ/SALL1/IRX2/FOXD1",11
"GO:0001660","GO:0001660","fever generation","5/1935","10/18860",0.5,4.8733850129199,4.1425758287881,0.0018304372955118,0.0230003638333415,0.0184474087355074,"IL1A/IL1B/PTGS2/TRPV1/TNFSF11",5
"GO:0060346","GO:0060346","bone trabecula formation","5/1935","10/18860",0.5,4.8733850129199,4.1425758287881,0.0018304372955118,0.0230003638333415,0.0184474087355074,"COL1A1/MSX2/VEGFA/MMP2/CHAD",5
"GO:0060536","GO:0060536","cartilage morphogenesis","5/1935","10/18860",0.5,4.8733850129199,4.1425758287881,0.0018304372955118,0.0230003638333415,0.0184474087355074,"STC1/SNAI1/WNT7B/RSPO2/HAND1",5
"GO:0072203","GO:0072203","cell proliferation involved in metanephros development","5/1935","10/18860",0.5,4.8733850129199,4.1425758287881,0.0018304372955118,0.0230003638333415,0.0184474087355074,"PDGFRB/MYC/WT1/BMP7/SHH",5
"GO:0042634","GO:0042634","regulation of hair cycle","9/1935","29/18860",0.310344827586207,3.02485966319166,3.68971407141133,0.00183986145452124,0.0230452418548584,0.0184834030881255,"WNT5A/KRT17/CDH3/MSX2/TRPV3/DKK4/FERMT1/TGFB2/GAL",9
"GO:0007019","GO:0007019","microtubule depolymerization","13/1935","52/18860",0.25,2.43669250645995,3.50775834567496,0.00184663812904207,0.0230452418548584,0.0184834030881255,"CKAP2/STMN2/TRIM54/DIAPH3/STMN3/TPX2/KIF2C/MAP1A/KIF24/KIF18A/KIF19/TRPV4/STMN4",13
"GO:0045922","GO:0045922","negative regulation of fatty acid metabolic process","13/1935","52/18860",0.25,2.43669250645995,3.50775834567496,0.00184663812904207,0.0230452418548584,0.0184834030881255,"UGT1A1/APPL2/SOX9/TRIB3/UGT1A10/UGT1A8/FMO2/DGAT2/CEACAM1/FMO1/ACADL/UGT1A7/UGT1A9",13
"GO:1904064","GO:1904064","positive regulation of cation transmembrane transport","24/1935","125/18860",0.192,1.87137984496124,3.3049975700785,0.00185209251370466,0.0230452418548584,0.0184834030881255,"CEMIP/EDNRA/F2R/TESC/THY1/NTSR1/ATP1B2/CD19/CXCL11/P2RX1/KCNH2/FXYD5/MS4A1/NPSR1/EDN3/P2RX2/FXYD1/LRRC55/ANK2/GPER1/LCN2/FXYD4/FXYD3/GAL",24
"GO:0034762","GO:0034762","regulation of transmembrane transport","66/1935","450/18860",0.146666666666667,1.4295262704565,3.11820432770625,0.00185403075218062,0.0230452418548584,0.0184834030881255,"CEMIP/EDNRA/DHRS7C/F2R/CACNG8/IL1B/TESC/KCNJ15/ANK3/THY1/GRIN2D/GRIN2B/APPL2/NTSR1/CNIH3/SLC17A8/CACNA1C/CRHBP/CBARP/TRIB3/SLC7A5/ATP1B2/AGT/BCL2/CACNA1D/CD19/CXCL11/P2RX1/JPH1/MMP9/GSTM2/KCNH2/GRIN2A/FXYD5/CA2/PRKCB/PCSK9/FGF19/MS4A1/NPSR1/ERFE/EDN3/P2RX2/FXYD1/ADIPOQ/ATP1A2/MIR186/LRRC55/ANK2/GPER1/SLN/KCNE2/LCN2/RGS9/RYR2/RGS4/FXYD4/FXYD3/CALHM1/CACNG4/CALML3/CACNG7/CAV3/JPH4/GAL/LEP",66
"GO:0007566","GO:0007566","embryo implantation","16/1935","71/18860",0.225352112676056,2.19645521709066,3.41514592404591,0.00190619847218376,0.023642612515986,0.018962523367799,"STC1/TEAD4/IL1B/APELA/APLF/SPP1/STC2/VEGFA/IGFBP7/MMP2/PTGS2/MMP9/TIMP1/PCSK5/NODAL/HMX3",16
"GO:0042475","GO:0042475","odontogenesis of dentin-containing tooth","19/1935","91/18860",0.208791208791209,2.03503989550501,3.34651437768491,0.00196664420081493,0.0243008885253056,0.0194904926944012,"ODAM/TNC/JAG2/MSX2/FPR2/LEF1/BMP2/ENAM/CNNM4/SERPINE1/DMRT3/BMP7/APCDD1/CSF3R/SHH/RSPO2/HAND1/MMP20/NKX2-3",19
"GO:0021871","GO:0021871","forebrain regionalization","8/1935","24/18860",0.333333333333333,3.2489233419466,3.7275322390432,0.00197194004193183,0.0243008885253056,0.0194904926944012,"WNT7B/BMP2/DMRTA2/FEZF1/SHH/EMX1/EMX2/WNT1",8
"GO:0098801","GO:0098801","regulation of renal system process","8/1935","24/18860",0.333333333333333,3.2489233419466,3.7275322390432,0.00197194004193183,0.0243008885253056,0.0194904926944012,"STC1/CORIN/F2R/AGT/PDGFB/ADIPOQ/DRD2/CORO2B",8
"GO:0007215","GO:0007215","glutamate receptor signaling pathway","15/1935","65/18860",0.230769230769231,2.24925462134764,3.41131602381072,0.00203280733561026,0.0249974491804211,0.0200491681661066,"GRIN2D/GRIN2B/FOLH1/HOMER1/GRIN3A/HOMER2/SLC1A1/GRIN2A/CCR2/GRIA3/PLCB1/NECAB2/SHANK1/SSTR1/GRIA4",15
"GO:0141091","GO:0141091","transforming growth factor beta receptor superfamily signaling pathway","61/1935","411/18860",0.148418491484185,1.44660090407841,3.09520607895746,0.0020378697158484,0.025006269114515,0.0200562421815626,"INHBA/SFRP4/SULF1/COL1A2/COMP/WNT5A/COL3A1/SOX11/CDH3/PMEPA1/DSG4/TNFAIP6/MSX2/CHRDL2/LTBP2/GDF15/HTRA3/LEF1/GCNT2/APPL2/HSP90AB1/ITGB8/CRIPTO/PDCD4/HPGD/LOX/BMP2/BMP5/ITGA8/KCP/TGIF2/HES5/GREM2/CDKN2B/BMP7/VWC2/SPRED3/GDF7/TBX20/SHH/PBLD/FSTL3/BMP6/FERMT1/TMPRSS6/ERFE/INHBB/CITED1/HTRA4/FOLR1/NODAL/FOXD1/TMEM100/DKK1/TGFB2/CAV3/GDF5/DAND5/SCUBE3/IL17F/WNT1",61
"GO:0051209","GO:0051209","release of sequestered calcium ion into cytosol","25/1935","133/18860",0.18796992481203,1.83209962891725,3.25613587946951,0.00204615655414954,0.0250187796176137,0.0200662762125815,"CEMIP/DHRS7C/F2R/PLCL2/THY1/NTSR1/CACNA1C/PLCG2/PLCE1/PLCB4/CD19/CXCL11/JPH1/GSTM2/RYR1/NPSR1/FASLG/PLCB1/ATP1A2/ANK2/DRD2/GPER1/RYR2/CALML3/JPH4",25
"GO:0003170","GO:0003170","heart valve development","17/1935","78/18860",0.217948717948718,2.12429603127278,3.36428312434749,0.00205193118670959,0.0250187796176137,0.0200662762125815,"CDH11/ROBO2/STRA6/SOX4/FGFRL1/SNAI1/ADAMTS9/SOX9/TWIST1/BMP2/NOS3/PDE2A/HEYL/TBX20/AXIN2/DKK1/TGFB2",17
"GO:2000242","GO:2000242","negative regulation of reproductive process","17/1935","78/18860",0.217948717948718,2.12429603127278,3.36428312434749,0.00205193118670959,0.0250187796176137,0.0200662762125815,"SULF1/WNT5A/SNAI1/TRIP13/PTGDR2/PKMYT1/PAEP/WT1/BMP7/ZP3/TIMP1/TEX11/KIT/HPGDS/TTK/NODAL/ELF5",17
"GO:0035296","GO:0035296","regulation of tube diameter","29/1935","162/18860",0.179012345679012,1.74479216511947,3.2190706264556,0.00206063117159935,0.02501884471003,0.0200663284198604,"EDNRA/COMP/F2R/HTR1D/APLN/UTS2B/VEGFA/AGT/NOS3/HTR7/MMP2/ADRA2A/P2RX1/P2RY1/OXTR/HBB/AVPR1B/EDN3/ADRA1A/ATP1A2/CPS1/ADRB1/EDN2/GPER1/KNG1/SCNN1B/ADRA2C/FOXC2/LEP",29
"GO:0097746","GO:0097746","blood vessel diameter maintenance","29/1935","162/18860",0.179012345679012,1.74479216511947,3.2190706264556,0.00206063117159935,0.02501884471003,0.0200663284198604,"EDNRA/COMP/F2R/HTR1D/APLN/UTS2B/VEGFA/AGT/NOS3/HTR7/MMP2/ADRA2A/P2RX1/P2RY1/OXTR/HBB/AVPR1B/EDN3/ADRA1A/ATP1A2/CPS1/ADRB1/EDN2/GPER1/KNG1/SCNN1B/ADRA2C/FOXC2/LEP",29
"GO:0015908","GO:0015908","fatty acid transport","23/1935","119/18860",0.19327731092437,1.88382950079256,3.27025087195748,0.00208242605570148,0.0252271786353705,0.0202334223450729,"SLCO4A1/IL1B/NTSR1/SLC27A6/NMB/SLC2A1/PTGS2/PLA2G2D/ABCD2/FABP1/FABP6/ERFE/AVPR1B/DRD2/FABP4/FABP2/CRABP2/SLC5A8/TNFSF11/SLC22A2/CRABP1/RBP1/LEP",23
"GO:0048566","GO:0048566","embryonic digestive tract development","10/1935","35/18860",0.285714285714286,2.78479143595423,3.57346456046458,0.00209094078350508,0.0252271786353705,0.0202334223450729,"CXCL8/STRA6/SOX11/TCF21/PCSK5/SHH/SALL1/FOXF2/TGFB2/FGFR2",10
"GO:0060351","GO:0060351","cartilage development involved in endochondral bone morphogenesis","10/1935","35/18860",0.285714285714286,2.78479143595423,3.57346456046458,0.00209094078350508,0.0252271786353705,0.0202334223450729,"COL1A1/STC1/COMP/MMP13/SERPINH1/SOX9/AXIN2/GHR/COL27A1/TRPV4",10
"GO:0048592","GO:0048592","eye morphogenesis","31/1935","177/18860",0.175141242937853,1.70706141695499,3.19562596908387,0.00211114986313179,0.0254177143563252,0.0203862412460535,"COL8A1/COL5A2/MFAP2/WNT2/STRA6/WNT5A/SOX11/SOX4/COL5A1/FJX1/THY1/ADAMTS9/TFAP2A/SOX9/TWIST1/ALDH1A3/VEGFA/BCL2/NKD1/RAB37/BMP7/HCN1/SLC1A1/CALB1/THRB/EPHB1/FASLG/VSX1/FOXF2/OLFM3/GNGT1",31
"GO:0017158","GO:0017158","regulation of calcium ion-dependent exocytosis","11/1935","41/18860",0.268292682926829,2.61498708010336,3.50024291990565,0.00221926373870464,0.0265168425449987,0.0212677954291132,"CBARP/ADRA2A/ZP3/TRPV6/SYT2/RPH3A/DOC2A/SYT12/SYT9/SYT6/SYT10",11
"GO:0044319","GO:0044319","wound healing, spreading of cells","11/1935","41/18860",0.268292682926829,2.61498708010336,3.50024291990565,0.00221926373870464,0.0265168425449987,0.0212677954291132,"PDPN/MSX2/COL5A1/CARMIL2/AJUBA/CD44/MMP12/TMEFF2/FERMT1/CEACAM1/ITGA5",11
"GO:0090505","GO:0090505","epiboly involved in wound healing","11/1935","41/18860",0.268292682926829,2.61498708010336,3.50024291990565,0.00221926373870464,0.0265168425449987,0.0212677954291132,"PDPN/MSX2/COL5A1/CARMIL2/AJUBA/CD44/MMP12/TMEFF2/FERMT1/CEACAM1/ITGA5",11
"GO:0050873","GO:0050873","brown fat cell differentiation","13/1935","53/18860",0.245283018867925,2.39071717614938,3.42809198926861,0.00222087195598425,0.0265168425449987,0.0212677954291132,"CEBPB/SIX1/BMP7/PPARGC1A/PTGS2/ADIPOQ/VSTM2A/EBF2/ADRB1/FABP4/TRPV4/PLAC8/LEP",13
"GO:0010463","GO:0010463","mesenchymal cell proliferation","12/1935","47/18860",0.25531914893617,2.48853702787399,3.45473722703639,0.00225381143771427,0.0267436800495786,0.0214497301234445,"WNT2/PRRX1/WNT5A/SOX9/SIX1/MYC/BMP2/BMP7/SHH/WNT11/FGFR2/DCHS2",12
"GO:0014911","GO:0014911","positive regulation of smooth muscle cell migration","12/1935","47/18860",0.25531914893617,2.48853702787399,3.45473722703639,0.00225381143771427,0.0267436800495786,0.0214497301234445,"S100A11/CCN4/PDGFRB/ITGA2/CCL5/BCL2/POSTN/PDGFB/PDGFD/SEMA6D/IGFBP5/MIR135B",12
"GO:0055078","GO:0055078","sodium ion homeostasis","12/1935","47/18860",0.25531914893617,2.48853702787399,3.45473722703639,0.00225381143771427,0.0267436800495786,0.0214497301234445,"EDNRA/IL1A/CORIN/TMPRSS3/ATP1B2/AGT/CYP4F12/ATP12A/ATP1A2/DRD2/SCNN1G/SCNN1B",12
"GO:0035150","GO:0035150","regulation of tube size","29/1935","163/18860",0.177914110429448,1.73408791870769,3.18266839270736,0.00226647127933933,0.0268378013337947,0.0215252199640934,"EDNRA/COMP/F2R/HTR1D/APLN/UTS2B/VEGFA/AGT/NOS3/HTR7/MMP2/ADRA2A/P2RX1/P2RY1/OXTR/HBB/AVPR1B/EDN3/ADRA1A/ATP1A2/CPS1/ADRB1/EDN2/GPER1/KNG1/SCNN1B/ADRA2C/FOXC2/LEP",29
"GO:0051283","GO:0051283","negative regulation of sequestering of calcium ion","25/1935","134/18860",0.186567164179104,1.81842724362683,3.2147369614692,0.00227573363177964,0.0268378013337947,0.0215252199640934,"CEMIP/DHRS7C/F2R/PLCL2/THY1/NTSR1/CACNA1C/PLCG2/PLCE1/PLCB4/CD19/CXCL11/JPH1/GSTM2/RYR1/NPSR1/FASLG/PLCB1/ATP1A2/ANK2/DRD2/GPER1/RYR2/CALML3/JPH4",25
"GO:0097237","GO:0097237","cellular response to toxic substance","25/1935","134/18860",0.186567164179104,1.81842724362683,3.2147369614692,0.00227573363177964,0.0268378013337947,0.0215252199640934,"SLC11A1/ABCG2/EDNRA/GPX8/S100A9/SLC22A3/OPRD1/HBA2/NOS3/PXDN/LPO/NXN/CP/PTPN13/BMP7/PTGS2/AQP8/GSTM2/AKR1B10/FABP1/HBB/HBA1/GPX3/SLC22A2/DUOX2",25
"GO:0001942","GO:0001942","hair follicle development","20/1935","99/18860",0.202020202020202,1.9690444496646,3.26865271316997,0.00229887786355544,0.0270553008277333,0.021699665120419,"FOXQ1/INHBA/WNT5A/KRT17/CDH3/DSG4/MSX2/LGR5/SNAI1/SOX9/DKK4/BCL2/APCDD1/SHH/FERMT1/IGFBP5/DKK1/TGFB2/FGFR2/GAL",20
"GO:0007178","GO:0007178","cell surface receptor protein serine/threonine kinase signaling pathway","65/1935","446/18860",0.145739910313901,1.42049338941611,3.03870128033327,0.00233349694535733,0.0274066835112886,0.021981491096438,"INHBA/SFRP4/SULF1/COL1A2/COMP/WNT5A/COL3A1/SOX11/CDH3/PMEPA1/DSG4/TNFAIP6/MSX2/CHRDL2/LTBP2/GDF15/HTRA3/LEF1/GCNT2/APPL2/HSP90AB1/ITGB8/CRIPTO/PDCD4/HPGD/LOX/PALM2AKAP2/BMP2/BMP5/ITGA8/KCP/TGIF2/HES5/GREM2/CDKN2B/BMP7/VWC2/SPRED3/GDF7/TBX20/SHH/PBLD/FSTL3/BMP6/FERMT1/TMPRSS6/ERFE/INHBB/CITED1/BMP3/HTRA4/TTK/FOLR1/NODAL/FOXD1/TMEM100/DKK1/TGFB2/CAV3/GDF5/DAND5/SCUBE3/IL17F/AMH/WNT1",65
"GO:1905039","GO:1905039","carboxylic acid transmembrane transport","28/1935","156/18860",0.17948717948718,1.74942026104817,3.17801511817653,0.00233987512150205,0.0274256238782979,0.0219966821905595,"SLC11A1/TTYH3/SLC36A1/SLC7A1/NTSR1/SLC7A11/SLC17A8/SLC6A20/SLC47A1/SLC7A5/SLC23A1/LRRC8E/SLC13A3/SLC38A5/SLC2A1/SLC5A6/SLC1A1/SLC17A7/ABCD2/SLC7A5P1/ATP1A2/SLC6A14/SLC16A9/SLC5A8/RGS4/SLC22A2/SLC1A7/SLC3A1",28
"GO:0035929","GO:0035929","steroid hormone secretion","9/1935","30/18860",0.3,2.92403100775194,3.56601372581449,0.00239218588867042,0.0279817678644274,0.0224427366748391,"INHBA/SPP1/AGT/KCNK9/BMP6/CYP19A1/ECRG4/GAL/GALR1",9
"GO:0070374","GO:0070374","positive regulation of ERK1 and ERK2 cascade","34/1935","201/18860",0.169154228855721,1.64870736755499,3.12635400677262,0.00241489957191252,0.0281901562603581,0.0226098742881101,"INHBA/NOX4/F2R/IL1B/APELA/RIPK2/FPR2/PDGFRB/GCNT2/CD44/FGF18/ALKAL1/SLC30A10/VEGFA/BMP2/PDGFB/CXCL17/PDGFD/P2RY1/NPY/FGF19/NPSR1/FGF1/TNFAIP8L3/ADRA1A/NECAB2/ALKAL2/GCG/DRD2/GPER1/TRPV4/NODAL/TNFSF11/FGFR2",34
"GO:0015850","GO:0015850","organic hydroxy compound transport","46/1935","294/18860",0.156462585034014,1.52500483397493,3.0677027142229,0.00245967698962755,0.0286547390188392,0.0229824922214294,"AQP9/MAPK15/LIPC/STRA6/SLC5A11/ABCC2/SPP1/LIPG/ABCB11/FLVCR2/CXCL12/SLC22A3/ABCA8/AGT/NMB/KCNK9/ADRA2A/TMEM97/P2RX1/SLC51B/ABCA5/P2RY1/PCSK9/SHH/BMP6/ADIPOQ/ABCA12/NR1H4/DRD2/ABCA13/CEACAM1/SLC5A8/SLC10A2/CYP19A1/AKR1C4/SLC22A2/CHRM5/SLCO1A2/NPC1L1/FFAR3/ECRG4/SLC51A/ADRA2C/SLC10A1/GAL/GALR1",46
"GO:0048738","GO:0048738","cardiac muscle tissue development","41/1935","255/18860",0.16078431372549,1.56712772964483,3.08298642095779,0.00248069647112784,0.0288412286693752,0.0231320659774494,"COL11A1/WNT2/EDNRA/NOX4/RUNX1/MSX2/GJC1/PDGFRB/ADAMTS9/VEGFA/NEBL/BMP2/BMP5/WT1/BMP7/TNNI3/CDK1/TENM4/TBX20/TBX18/POU4F1/CCNB1/HAND1/ADRA1A/IRX3/ALPK2/MYLK2/MESP1/SGCG/TP73/RYR2/MYL3/RGS4/KCNK2/DKK1/ACTC1/TGFB2/FGFR2/CAV3/NRAP/FOXC2",41
"GO:0034765","GO:0034765","regulation of monoatomic ion transmembrane transport","49/1935","318/18860",0.154088050314465,1.50186079014513,3.0517855610927,0.00250268619965407,0.0290382239496152,0.0232900657586653,"CEMIP/EDNRA/DHRS7C/F2R/TESC/KCNJ15/ANK3/THY1/GRIN2D/GRIN2B/NTSR1/CACNA1C/CBARP/ATP1B2/AGT/BCL2/CACNA1D/CD19/CXCL11/P2RX1/JPH1/MMP9/GSTM2/KCNH2/GRIN2A/FXYD5/PCSK9/MS4A1/NPSR1/EDN3/P2RX2/FXYD1/ATP1A2/LRRC55/ANK2/GPER1/SLN/KCNE2/LCN2/RGS9/RYR2/RGS4/FXYD4/FXYD3/CALHM1/CALML3/CAV3/JPH4/GAL",49
"GO:0033079","GO:0033079","immature T cell proliferation","6/1935","15/18860",0.4,3.89870801033592,3.79741013837148,0.00255585544888737,0.0292424415672899,0.0234538582052341,"IL1A/IL1B/RIPK2/FOXP3/SHH/CDKN2A",6
"GO:0048820","GO:0048820","hair follicle maturation","6/1935","15/18860",0.4,3.89870801033592,3.79741013837148,0.00255585544888737,0.0292424415672899,0.0234538582052341,"WNT5A/CDH3/MSX2/FERMT1/TGFB2/GAL",6
"GO:0050930","GO:0050930","induction of positive chemotaxis","6/1935","15/18860",0.4,3.89870801033592,3.79741013837148,0.00255585544888737,0.0292424415672899,0.0234538582052341,"CXCL8/IL16/CXCL12/PGF/VEGFA/VEGFD",6
"GO:0060572","GO:0060572","morphogenesis of an epithelial bud","6/1935","15/18860",0.4,3.89870801033592,3.79741013837148,0.00255585544888737,0.0292424415672899,0.0234538582052341,"SULF1/WNT2/WNT5A/BMP7/SHH/FGFR2",6
"GO:0070141","GO:0070141","response to UV-A","6/1935","15/18860",0.4,3.89870801033592,3.79741013837148,0.00255585544888737,0.0292424415672899,0.0234538582052341,"MMP1/MMP3/MMP2/MMP9/TIMP1/MME",6
"GO:0070365","GO:0070365","hepatocyte differentiation","6/1935","15/18860",0.4,3.89870801033592,3.79741013837148,0.00255585544888737,0.0292424415672899,0.0234538582052341,"ITGA2/E2F7/PCK1/CPS1/MESP1/WNT1",6
"GO:0097152","GO:0097152","mesenchymal cell apoptotic process","6/1935","15/18860",0.4,3.89870801033592,3.79741013837148,0.00255585544888737,0.0292424415672899,0.0234538582052341,"EDNRA/MSX2/SOX9/BMP7/SHH/GDF5",6
"GO:0030282","GO:0030282","bone mineralization","24/1935","128/18860",0.1875,1.82751937984496,3.17633690021505,0.00257220933558729,0.0293711601712397,0.0235570967764207,"COL1A2/PTH1R/COMP/IBSP/MMP13/CLEC3B/TFAP2A/SOX9/CYP27B1/TWIST1/LOX/BMP2/BMP7/FZD9/RSPO2/WNT11/BMP6/AXIN2/PTN/IFITM5/ADGRV1/BGLAP/FGFR2/LEP",24
"GO:0051897","GO:0051897","positive regulation of phosphatidylinositol 3-kinase/protein kinase B signal transduction","36/1935","217/18860",0.165898617511521,1.61697567248955,3.09083259415653,0.00257945119536245,0.0293955279788334,0.0235766409414577,"OSM/NOX4/F2R/WNT5A/CSF3/IL1B/GDF15/FPR2/PDGFRB/GCNT2/CCL5/VEGFA/AGT/IL17A/ADRA2A/P2RY12/PDGFB/CD19/PDGFD/FLT3/AKR1C2/KIT/TYRO3/ERFE/REG3A/LTK/SELP/IGFBP5/GPER1/ADTRP/TNFSF11/TMEM100/TGFB2/FN1/ADRA2C/LEP",36
"GO:0006720","GO:0006720","isoprenoid metabolic process","23/1935","121/18860",0.190082644628099,1.85269182309351,3.18161081423709,0.00260534032909097,0.0296318845729615,0.0237662104078716,"LRP8/UGT1A1/NME1/CYP3A4/ALDH1A3/CEL/AKR1B10/HMGCS2/RETSAT/RDH5/UGT1A8/ADH6/DGAT2/ADH1B/CYP3A7/CRABP2/AKR1C4/ADH1A/UGT1A7/ADH1C/UGT1A9/RBP1/CYP2W1",23
"GO:0071695","GO:0071695","anatomical structure maturation","45/1935","287/18860",0.156794425087108,1.52823920265781,3.04906037491165,0.00261069012278975,0.0296341650032644,0.0237680394237165,"ADAMTS12/EDNRA/PTH1R/WNT5A/CDH3/MSX2/TCP11/BFSP1/TRIP13/CDC25B/BRCA2/CNGB1/VEGFA/RHEX/DIAPH3/BMP2/BCL2/LGI4/MMP2/HES5/PAEP/KIF14/RYR1/AURKA/SLC26A3/ADGRB3/FERMT1/CCNB1/TMIGD1/ASCL1/VSX1/EREG/GLDN/BHLHA15/SLFN14/BFSP2/ROPN1/DAZL/TGFB2/DEFB1/CNTN2/GAL/ZBTB16/LEP/WNT1",45
"GO:0007631","GO:0007631","feeding behavior","21/1935","107/18860",0.196261682242991,1.91291748170688,3.202016104501,0.00262369933404711,0.0296709480881133,0.0237975412440216,"STRA6/APLN/GDF15/DACH1/NMU/SGIP1/OPRD1/CNTFR/GUCA2B/DMBX1/P2RY1/NPY/POU4F1/NPSR1/NPW/GCG/DRD2/PYY/CNTN2/GAL/LEP",21
"GO:0002700","GO:0002700","regulation of production of molecular mediator of immune response","34/1935","202/18860",0.168316831683168,1.64054544989383,3.09477134600945,0.00262424197686354,0.0296709480881133,0.0237975412440216,"WNT5A/IL1B/IL6/RIPK2/TNFSF4/KLK7/APLF/PLCG2/TWIST1/DDX21/SLC7A5/CD96/SPON2/CD160/IL17A/FOXP3/CD55/CD22/KIR2DL4/CD7/FFAR2/FCRL3/CCR2/KIT/TBX21/MZB1/IL2/SECTM1/RAET1G/CLC/FFAR3/TGFB2/IL17F/PGC",34
"GO:0071392","GO:0071392","cellular response to estradiol stimulus","10/1935","36/18860",0.277777777777778,2.70743611828883,3.46717077739302,0.00263289337200161,0.029698673083897,0.0238197780370183,"MSX2/ITGA2/ESR2/CRHBP/MMP2/POU4F1/KIF18A/ESR1/GPER1/SSTR1",10
"GO:0050927","GO:0050927","positive regulation of positive chemotaxis","8/1935","25/18860",0.32,3.11896640826873,3.58464985202461,0.00264217560711646,0.029698673083897,0.0238197780370183,"CXCL8/IL16/ITGA2/CXCL12/PGF/VEGFA/F7/VEGFD",8
"GO:2000831","GO:2000831","regulation of steroid hormone secretion","8/1935","25/18860",0.32,3.11896640826873,3.58464985202461,0.00264217560711646,0.029698673083897,0.0238197780370183,"SPP1/AGT/KCNK9/BMP6/CYP19A1/ECRG4/GAL/GALR1",8
"GO:0070372","GO:0070372","regulation of ERK1 and ERK2 cascade","47/1935","303/18860",0.155115511551155,1.5118752185296,3.03715538194152,0.00264815583718965,0.0297078690897201,0.0238271536802639,"INHBA/IL1A/NOX4/DUSP4/F2R/IL1B/APELA/RIPK2/FPR2/PDGFRB/GCNT2/CD44/FGF18/ALKAL1/SLC30A10/VEGFA/BMP2/KLF4/TBC1D10C/PDGFB/CXCL17/PDGFD/SPRED3/P2RY1/PTPRR/NPY/FGF19/NPSR1/FGF1/EPHB1/ADIPOQ/TNFAIP8L3/ADRA1A/NECAB2/ALKAL2/GCG/DRD2/DUSP26/GPER1/CEACAM1/TRPV4/NODAL/TNFSF11/FAM83D/DUSP9/FN1/FGFR2",47
"GO:0002548","GO:0002548","monocyte chemotaxis","13/1935","54/18860",0.240740740740741,2.34644463585032,3.35021470659673,0.00265519872183517,0.0297289273232712,0.0238440434061995,"IL6/IL6R/FPR2/CCL5/CXCL12/CCL23/SERPINE1/PDGFB/CXCL17/CCR2/PF4/TNFSF11/CCL7",13
"GO:0051896","GO:0051896","regulation of phosphatidylinositol 3-kinase/protein kinase B signal transduction","48/1935","311/18860",0.154340836012862,1.50432463421322,3.03225417269907,0.0026608363324674,0.0297342001812619,0.023848272494368,"MMP3/OSM/NOX4/F2R/WNT5A/CSF3/IL1B/GDF15/FPR2/PDGFRB/GCNT2/CCL5/TWIST1/LOX/DCAF13/VEGFA/KLF4/AGT/IL17A/ADRA2A/P2RY12/CEP55/SERPINE2/PDGFB/CD19/PTPN13/PDGFD/FLT3/AKR1C2/KIT/TYRO3/ERFE/REG3A/LTK/SELP/IGFBP5/DRD2/GPER1/BANK1/ADTRP/CEACAM1/TNFSF11/TMEM100/TGFB2/FN1/ADRA2C/CAV3/LEP",48
"GO:0050678","GO:0050678","regulation of epithelial cell proliferation","61/1935","416/18860",0.146634615384615,1.42921387398132,2.99314899871864,0.00270713967274124,0.0301930015826082,0.0242162534985115,"SULF1/WNT2/ODAM/PDX1/WNT5A/SOX11/TACSTD2/SPARC/CDH3/FUT1/APELA/JCAD/SIX4/APLN/NME1/CCL5/SOX9/UHRF1/SIX1/MYC/THBS4/CXCL12/SERPINB5/BRCA2/VEGFA/IQGAP3/NRP2/MMP12/BMP5/IL17A/HES5/CDKN2B/PDGFB/VASH2/CLDN1/SHH/AREG/CDKN2A/BMP6/CCL24/REG3A/TMIGD1/COL4A3/FGF1/PTN/HPN/EREG/CCR3/DRD2/CNMD/HMX2/CEACAM1/NODAL/NKX2-3/MIR135B/TGFB2/FGFR2/GDF5/MIR10B/LEP/REG3G",61
"GO:0060391","GO:0060391","positive regulation of SMAD protein signal transduction","11/1935","42/18860",0.261904761904762,2.55272548295804,3.40618372839435,0.00273248920098868,0.0303580605244978,0.0243486387854814,"INHBA/BMP2/BMP5/BMP7/GDF7/BMP6/TTK/NODAL/TGFB2/GDF5/AMH",11
"GO:0090504","GO:0090504","epiboly","11/1935","42/18860",0.261904761904762,2.55272548295804,3.40618372839435,0.00273248920098868,0.0303580605244978,0.0243486387854814,"PDPN/MSX2/COL5A1/CARMIL2/AJUBA/CD44/MMP12/TMEFF2/FERMT1/CEACAM1/ITGA5",11
"GO:0051282","GO:0051282","regulation of sequestering of calcium ion","25/1935","136/18860",0.183823529411765,1.79168566651467,3.13298558235686,0.00280116135692067,0.0310610474163362,0.0249124684111087,"CEMIP/DHRS7C/F2R/PLCL2/THY1/NTSR1/CACNA1C/PLCG2/PLCE1/PLCB4/CD19/CXCL11/JPH1/GSTM2/RYR1/NPSR1/FASLG/PLCB1/ATP1A2/ANK2/DRD2/GPER1/RYR2/CALML3/JPH4",25
"GO:0010562","GO:0010562","positive regulation of phosphorus metabolic process","49/1935","320/18860",0.153125,1.49247416020672,3.00427060710413,0.0028464791585312,0.0314423945438523,0.0252183273263144,"CEMIP/IL11/ODAM/OSM/PTH1R/WNT5A/SPHK1/TNFSF15/APLN/IL6/RIPK2/PDGFRB/NTSR1/CRIPTO/MUSK/THBS4/FGF18/ECT2/VEGFA/BMP2/ADGRF5/PDGFB/KIF14/TPD52L1/MMP9/TPX2/CHP2/FLT3/SLC4A4/P2RY1/FGF19/AREG/KIT/LILRA5/CSPG4/AVPR1B/FGF1/ADIPOQ/EREG/NR1H4/GPER1/BANK1/GUCA1A/CARD14/GPLD1/ENPP7/MLXIPL/LEP/CIMAP3",49
"GO:0045937","GO:0045937","positive regulation of phosphate metabolic process","49/1935","320/18860",0.153125,1.49247416020672,3.00427060710413,0.0028464791585312,0.0314423945438523,0.0252183273263144,"CEMIP/IL11/ODAM/OSM/PTH1R/WNT5A/SPHK1/TNFSF15/APLN/IL6/RIPK2/PDGFRB/NTSR1/CRIPTO/MUSK/THBS4/FGF18/ECT2/VEGFA/BMP2/ADGRF5/PDGFB/KIF14/TPD52L1/MMP9/TPX2/CHP2/FLT3/SLC4A4/P2RY1/FGF19/AREG/KIT/LILRA5/CSPG4/AVPR1B/FGF1/ADIPOQ/EREG/NR1H4/GPER1/BANK1/GUCA1A/CARD14/GPLD1/ENPP7/MLXIPL/LEP/CIMAP3",49
"GO:0002709","GO:0002709","regulation of T cell mediated immunity","21/1935","108/18860",0.194444444444444,1.89520528280218,3.15461375929775,0.00294906348854754,0.0324509758634629,0.0260272585232585,"IL1B/ULBP1/IL6/RAET1L/TNFSF4/IL23A/ULBP2/AZGP1/ULBP3/FOXP3/CD55/ZP3/CD7/CCR2/TBX21/KLRC1/SECTM1/RAET1G/CEACAM1/CLC/RAET1E",21
"GO:0042102","GO:0042102","positive regulation of T cell proliferation","21/1935","108/18860",0.194444444444444,1.89520528280218,3.15461375929775,0.00294906348854754,0.0324509758634629,0.0260272585232585,"IL1A/IL1B/IL6/RIPK2/SLC7A1/TNFSF4/TNFSF9/CCL5/IL23A/CD3E/FOXP3/ZAP70/CD55/TNFRSF13C/ZP3/HHLA2/SHH/TMIGD2/CCR2/IL2/LEP",21
"GO:0042593","GO:0042593","glucose homeostasis","44/1935","281/18860",0.156583629893238,1.52618463038061,3.0048003918998,0.00296662851111442,0.0325819600791288,0.0261323142250638,"COL1A1/NOX4/PDX1/CCN4/FUT1/SOX4/IL6/ADCY5/APPL2/G6PC1/BACE2/VSNL1/PDK4/ENHO/ADRA2A/ADGRF5/PPARGC1A/PCK1/FFAR2/GUCA2B/CDKN2A/IGFBP5/ADIPOQ/ABCA12/NR1H4/ABCC8/GCG/BHLHA15/GPER1/TRPV4/SLC29A1/GPR19/GCGR/BRSK2/HKDC1/BGLAP/GPLD1/EPHA5/MLXIPL/FFAR1/GCKR/CAV3/CNR1/LEP",44
"GO:0061180","GO:0061180","mammary gland epithelium development","16/1935","74/18860",0.216216216216216,2.10740973531671,3.22732360322494,0.00298428278433734,0.0326585973608188,0.0261937810466305,"WNT2/WNT5A/MSX2/CEBPB/WNT7B/BRCA2/IQGAP3/AREG/CDKN2A/NTN1/ESR1/TNFSF11/WNT3/FGFR2/CAV3/ELF5",16
"GO:0038093","GO:0038093","Fc receptor signaling pathway","14/1935","61/18860",0.229508196721311,2.23696361248782,3.27182407756531,0.00298495607502879,0.0326585973608188,0.0261937810466305,"APPL2/FCGR3B/PLCG2/PLPP4/FCAR/LILRA4/FCGR3A/FCGR1A/FCMR/KIT/FCER2/CD200R1/CLEC4E/CLEC4D",14
"GO:0042403","GO:0042403","thyroid hormone metabolic process","9/1935","31/18860",0.290322580645161,2.82970742685671,3.44734180800442,0.00306831867253983,0.0329379272042832,0.0264178171458744,"SULT1A1/TG/DIO2/CTSK/SULT1B1/HPN/DUOXA2/GCNT4/DUOX2",9
"GO:0060037","GO:0060037","pharyngeal system development","9/1935","31/18860",0.290322580645161,2.82970742685671,3.44734180800442,0.00306831867253983,0.0329379272042832,0.0264178171458744,"EDNRA/SIX4/SIX1/BMP5/ADGRF5/BMP7/RIPPLY3/FOLR1/TGFB2",9
"GO:0003357","GO:0003357","noradrenergic neuron differentiation","5/1935","11/18860",0.454545454545455,4.43035001174536,3.84792055258947,0.00307344342462208,0.0329379272042832,0.0264178171458744,"EDNRA/SOX11/SOX4/INSM1/ASCL1",5
"GO:0031055","GO:0031055","chromatin remodeling at centromere","5/1935","11/18860",0.454545454545455,4.43035001174536,3.84792055258947,0.00307344342462208,0.0329379272042832,0.0264178171458744,"CENPW/CENPN/HJURP/CENPI/CENPA",5
"GO:0031652","GO:0031652","positive regulation of heat generation","5/1935","11/18860",0.454545454545455,4.43035001174536,3.84792055258947,0.00307344342462208,0.0329379272042832,0.0264178171458744,"IL1B/APLN/NMU/PTGS2/TNFSF11",5
"GO:0034080","GO:0034080","CENP-A containing chromatin assembly","5/1935","11/18860",0.454545454545455,4.43035001174536,3.84792055258947,0.00307344342462208,0.0329379272042832,0.0264178171458744,"CENPW/CENPN/HJURP/CENPI/CENPA",5
"GO:0044062","GO:0044062","regulation of excretion","5/1935","11/18860",0.454545454545455,4.43035001174536,3.84792055258947,0.00307344342462208,0.0329379272042832,0.0264178171458744,"STC1/CORIN/AGT/NPSR1/DRD2",5
"GO:0060732","GO:0060732","positive regulation of inositol phosphate biosynthetic process","5/1935","11/18860",0.454545454545455,4.43035001174536,3.84792055258947,0.00307344342462208,0.0329379272042832,0.0264178171458744,"PTH1R/NTSR1/P2RY1/AVPR1B/GPER1",5
"GO:0071377","GO:0071377","cellular response to glucagon stimulus","5/1935","11/18860",0.454545454545455,4.43035001174536,3.84792055258947,0.00307344342462208,0.0329379272042832,0.0264178171458744,"FUT1/GLP2R/CPS1/GCG/GCGR",5
"GO:1903276","GO:1903276","regulation of sodium ion export across plasma membrane","5/1935","11/18860",0.454545454545455,4.43035001174536,3.84792055258947,0.00307344342462208,0.0329379272042832,0.0264178171458744,"ATP1B2/FXYD5/FXYD1/FXYD4/FXYD3",5
"GO:1903278","GO:1903278","positive regulation of sodium ion export across plasma membrane","5/1935","11/18860",0.454545454545455,4.43035001174536,3.84792055258947,0.00307344342462208,0.0329379272042832,0.0264178171458744,"ATP1B2/FXYD5/FXYD1/FXYD4/FXYD3",5
"GO:0090257","GO:0090257","regulation of muscle system process","42/1935","266/18860",0.157894736842105,1.53896368829049,2.99329408598892,0.0031173888753224,0.0333467899209673,0.0267457448998018,"STC1/F2R/SPHK1/APLN/GTF2IRD1/ITGA2/LMCD1/CACNA1C/NMU/KLF4/AGT/NOS3/PDE9A/ADRA2A/CTNNA3/TNNI3/P2RX1/JPH1/GSTM2/SLC8A3/PROK2/KIT/EDN3/TNNT3/IGFBP5/ADRA1A/ATP1A2/ABCC8/MYLK2/ANK2/EDN2/GPER1/SLN/TRPV4/KCNB2/RYR2/CAMK2B/MYL3/RGS4/ADRA2C/CAV3/JPH4",42
"GO:0033500","GO:0033500","carbohydrate homeostasis","44/1935","282/18860",0.156028368794326,1.52077262814522,2.97926202371304,0.00317475814357007,0.0338410499544844,0.0271421654488846,"COL1A1/NOX4/PDX1/CCN4/FUT1/SOX4/IL6/ADCY5/APPL2/G6PC1/BACE2/VSNL1/PDK4/ENHO/ADRA2A/ADGRF5/PPARGC1A/PCK1/FFAR2/GUCA2B/CDKN2A/IGFBP5/ADIPOQ/ABCA12/NR1H4/ABCC8/GCG/BHLHA15/GPER1/TRPV4/SLC29A1/GPR19/GCGR/BRSK2/HKDC1/BGLAP/GPLD1/EPHA5/MLXIPL/FFAR1/GCKR/CAV3/CNR1/LEP",44
"GO:0050727","GO:0050727","regulation of inflammatory response","66/1935","460/18860",0.143478260869565,1.3984496124031,2.92535710713285,0.00317535481762321,0.0338410499544844,0.0271421654488846,"MMP3/ADAMTS12/OSM/C2CD4A/WNT5A/TNC/CCN4/IL1B/SPHK1/TNFAIP6/STAP1/CREB3L3/IL6/IL16/FPR2/SELE/TNFSF4/CEBPB/CCL5/IL23A/PDCD4/PLCG2/MMP8/S100A9/GPR4/DNASE1L3/IER3/S100A8/KLF4/AGT/SERPINE1/IL17A/FCGR1A/PDE2A/TSLP/FOXP3/PTGS2/ZP3/CXCL17/MMP9/PLA2G2D/C2CD4B/FFAR2/NPY/CCR2/LILRA5/TYRO3/CCL24/REG3A/LRRC19/CD200R1/ESR1/ADIPOQ/IL2/NR1H4/NLRP4/GPER1/DUOXA2/FABP4/TRPV4/LGALS2/IDO1/CYP19A1/TNFSF11/CCL7/FFAR3",66
"GO:0072348","GO:0072348","sulfur compound transport","15/1935","68/18860",0.220588235294118,2.1500227998176,3.21225401994736,0.00324465755709506,0.0345157194844401,0.0276832831751374,"SLC6A6/ABCG2/SLC36A1/SLC7A11/SLC26A2/SLC47A1/SLC7A5/SLC13A3/SLC22A4/SLC5A6/SLC13A1/SLC1A1/SLC26A3/SLC22A2/SLC3A1",15
"GO:0022600","GO:0022600","digestive system process","22/1935","116/18860",0.189655172413793,1.84852534972824,3.09954648843248,0.00328098531088084,0.0346686857400506,0.0278059695404677,"SLC22A5/SGK1/SOX9/FOLH1/NMU/SLC2A5/CEL/IL17A/ADRA2A/CRACD/PBLD/NPSR1/CLDN2/TFF2/FABP2/MOGAT2/NKX2-3/GCNT3/ENPP7/CHRM5/NPC1L1/LEP",22
"GO:0003230","GO:0003230","cardiac atrium development","10/1935","37/18860",0.27027027027027,2.63426216914589,3.36444663916071,0.00328160117714417,0.0346686857400506,0.0278059695404677,"WNT2/WNT5A/SOX4/BMP2/TBX20/WNT11/ANK2/MESP1/TGFB2/DAND5",10
"GO:0033628","GO:0033628","regulation of cell adhesion mediated by integrin","12/1935","49/18860",0.244897959183673,2.38696408796077,3.28694767644137,0.00328313357573025,0.0346686857400506,0.0278059695404677,"PLAU/PODXL/TESC/CCL5/CD3E/SERPINE1/P2RY12/FERMT1/CXCL13/NEXMIF/TGFB2/FOXC2",12
"GO:1905314","GO:1905314","semi-lunar valve development","12/1935","49/18860",0.244897959183673,2.38696408796077,3.28694767644137,0.00328313357573025,0.0346686857400506,0.0278059695404677,"CDH11/ROBO2/STRA6/SNAI1/SOX9/TWIST1/BMP2/NOS3/HEYL/TBX20/AXIN2/TGFB2",12
"GO:0050829","GO:0050829","defense response to Gram-negative bacterium","21/1935","109/18860",0.192660550458716,1.8778180783728,3.10771389132786,0.0033076167679648,0.034863249999336,0.0279620195248229,"SLC11A1/TREM1/IL6/IL6R/MMP7/ADGRB1/IL23A/DAO/CXCL6/CD160/SERPINE1/IL17A/TSLP/NPY/DEFA6/SELP/LYPD8/DMBT1/DEFB1/IGHM/IL17F",21
"GO:0043010","GO:0043010","camera-type eye development","56/1935","379/18860",0.147757255936675,1.44015599326393,2.92683990342316,0.00333916562977138,0.0351314409494229,0.0281771216906524,"INHBA/COL8A1/RCN1/WNT2/STRA6/WNT5A/SOX11/SOX4/FJX1/PDGFRB/MYOM1/THY1/ADAMTS9/TFAP2A/PDE6A/COL4A1/SOX9/BFSP1/WNT7B/SLC17A8/CACNA1C/TWIST1/ALDH1A3/VEGFA/KLF4/LAMC3/TGIF2/HES5/WT1/BMP7/LAMA1/HCN1/SLC1A1/SPRED3/CALB1/SLC17A7/THRB/GRHL3/PLAAT3/SHH/SLITRK6/KRT12/MYH15/EPHB1/VSX1/DRD2/PRSS56/FOXF2/RP1L1/MAB21L1/PAX4/BFSP2/CLDN19/OPN4/TGFB2/FOXC2",56
"GO:0046890","GO:0046890","regulation of lipid biosynthetic process","34/1935","205/18860",0.165853658536585,1.61653746770026,3.00105707060546,0.00334819359534523,0.0351621425934522,0.0282017459000938,"IL1B/SPHK1/PAQR4/SNAI1/NME1/TRIB3/BMP2/BMP5/IGFBP7/PDK4/ADGRF5/PDGFB/PTGS2/AVIL/GPIHBP1/AQP8/ABCD2/PCK1/FGF19/ZNF750/THRSP/BMP6/FGF1/DGAT2/NR1H4/EDN2/GPER1/CEACAM1/BGLAP/GPLD1/ACADL/ENPP7/MLXIPL/LEP",34
"GO:0002440","GO:0002440","production of molecular mediator of immune response","38/1935","236/18860",0.161016949152542,1.56939517365217,2.97624567894303,0.0033993789451714,0.03563465542707,0.0285807241387721,"WNT5A/IL1B/IL6/RIPK2/MMP7/TNFSF4/KLK7/APLF/PLCG2/TWIST1/DDX21/SLC7A5/CD96/SPON2/CD160/IL17A/FOXP3/CD55/CD22/KIR2DL4/CD7/FFAR2/EXO1/FCRL3/CCR2/KIT/TBX21/LGALS4/MZB1/IL2/SECTM1/RAET1G/AICDA/CLC/FFAR3/TGFB2/IL17F/PGC",38
"GO:0002026","GO:0002026","regulation of the force of heart contraction","8/1935","26/18860",0.307692307692308,2.99900616179686,3.44877609843652,0.00347782016188609,0.0363246007834019,0.0291340938196017,"APLN/NOS3/ADRA1A/ATP1A2/ADRB1/EDN2/RYR2/MYL3",8
"GO:0010623","GO:0010623","programmed cell death involved in cell development","8/1935","26/18860",0.307692307692308,2.99900616179686,3.44877609843652,0.00347782016188609,0.0363246007834019,0.0291340938196017,"IL1A/UNC5C/IL1B/DNASE1L3/BCL2/TEX11/KIT/FASLG",8
"GO:0033002","GO:0033002","muscle cell proliferation","40/1935","252/18860",0.158730158730159,1.5471063533079,2.95636230396888,0.00350403205603733,0.036532073337853,0.0293004968835311,"WNT2/CCN4/RUNX1/APLN/IL6/IL6R/NOTCH3/PDGFRB/ITGA2/CCL5/SIX1/PDCD4/HPGD/BMP2/KLF4/NOS3/MMP2/HES5/TAFA5/PDGFB/PPARGC1A/MMP9/PDGFD/CDK1/TENM4/TBX20/SHH/CCNB1/EPHB1/IGFBP5/ADIPOQ/EREG/GPER1/MEGF10/TP73/KCNK2/MIR135B/TGFB2/FGFR2/FOXC2",40
"GO:0034767","GO:0034767","positive regulation of monoatomic ion transmembrane transport","24/1935","131/18860",0.183206106870229,1.78566779099355,3.05107426356208,0.00351661575972074,0.0365969687110179,0.0293525461242514,"CEMIP/EDNRA/F2R/TESC/THY1/NTSR1/ATP1B2/CD19/CXCL11/P2RX1/KCNH2/FXYD5/MS4A1/NPSR1/EDN3/P2RX2/FXYD1/LRRC55/ANK2/GPER1/LCN2/FXYD4/FXYD3/GAL",24
"GO:0007219","GO:0007219","Notch signaling pathway","32/1935","191/18860",0.167539267015707,1.63296670589986,2.97284659106567,0.00369987762094513,0.0384346492933921,0.0308264551925601,"MMP14/ROBO2/JAG2/SNAI1/NOTCH3/SOX9/SIX1/CDH6/PTP4A3/HOXD3/BMP2/TSPEAR/NOTCH4/NOS3/IL17A/ENHO/HEYL/HES5/POSTN/BMP7/RCAN2/CNTN1/KIT/GAS2/NEURL1/ASCL1/NR1H4/MESP1/TMEM100/TGFB2/FOXC2/WNT1",32
"GO:0015807","GO:0015807","L-amino acid transport","19/1935","96/18860",0.197916666666667,1.92904823428079,3.08564985544888,0.00371128730932205,0.0384785716355579,0.0308616830439291,"SLC11A1/TTYH3/SLC36A1/SLC7A1/NTSR1/SLC7A11/SLC17A8/SLC6A20/SLC47A1/SLC7A5/SLC38A5/SLC1A1/SLC17A7/SLC7A5P1/ATP1A2/ABCC8/SLC22A2/SLC1A7/SLC3A1",19
"GO:0032755","GO:0032755","positive regulation of interleukin-6 production","20/1935","103/18860",0.194174757281553,1.89257670404656,3.07126964290979,0.00372135401263334,0.0384785716355579,0.0308616830439291,"IL1A/F2R/WNT5A/IL1B/IL6/IL16/RIPK2/IL6R/TNFSF4/PLCG2/TWIST1/SPON2/IL17A/TSLP/POU2AF1/LILRA5/EREG/TRPV4/LEP/IL17F",20
"GO:0007187","GO:0007187","G protein-coupled receptor signaling pathway, coupled to cyclic nucleotide second messenger","13/1935","56/18860",0.232142857142857,2.26264304171281,3.19952095011313,0.00373226642299528,0.0384785716355579,0.0308616830439291,"PTH1R/HTR1D/CNR2/OPRD1/AGT/HTR7/SSTR3/NPY/VIPR1/TSHR/SSTR1/CHRM5/CNR1",13
"GO:0010273","GO:0010273","detoxification of copper ion","6/1935","16/18860",0.375,3.65503875968992,3.59235944862048,0.00373753632394037,0.0384785716355579,0.0308616830439291,"MT2A/MT1E/MT1M/MT1X/MT1F/MT1H",6
"GO:1990169","GO:1990169","stress response to copper ion","6/1935","16/18860",0.375,3.65503875968992,3.59235944862048,0.00373753632394037,0.0384785716355579,0.0308616830439291,"MT2A/MT1E/MT1M/MT1X/MT1F/MT1H",6
"GO:0010812","GO:0010812","negative regulation of cell-substrate adhesion","15/1935","69/18860",0.217391304347826,2.11886304909561,3.14819776804053,0.00376086241690164,0.0385385403894593,0.0309097808967541,"COL1A1/ANGPT2/MMP14/TACSTD2/GCNT2/MMP12/SERPINE1/POSTN/SPOCK1/CDKN2A/CORO2B/MELTF/NEXMIF/FAM107A/WNT1",15
"GO:0032332","GO:0032332","positive regulation of chondrocyte differentiation","7/1935","21/18860",0.333333333333333,3.2489233419466,3.48650949793351,0.00376345085992634,0.0385385403894593,0.0309097808967541,"LOXL2/PRKG2/SOX9/FGF18/BMP6/GDF5/ZBTB16",7
"GO:0043011","GO:0043011","myeloid dendritic cell differentiation","7/1935","21/18860",0.333333333333333,3.2489233419466,3.48650949793351,0.00376345085992634,0.0385385403894593,0.0309097808967541,"ITGB8/CAMK4/DHRS2/IRF4/CSF2/DCSTAMP/UBD",7
"GO:0061041","GO:0061041","regulation of wound healing","25/1935","139/18860",0.179856115107914,1.7530161916978,3.01288579233939,0.00377982417872757,0.0385689506180446,0.0309341713768578,"FAP/PLAU/ANGPT2/TNFRSF12A/F2R/CCN4/F7/NOS3/SERPINE1/ADRA2A/TMEM97/TAFA5/SERPINE2/PDGFB/CLDN1/FERMT1/REG3A/SMOC2/ADTRP/PF4/KNG1/CEACAM1/DUOX2/FOXC2/REG3G",25
"GO:0072175","GO:0072175","epithelial tube formation","25/1935","139/18860",0.179856115107914,1.7530161916978,3.01288579233939,0.00377982417872757,0.0385689506180446,0.0309341713768578,"CTHRC1/PODXL/WNT5A/SALL4/MTHFD1L/SIX4/PTK7/SOX9/SIX1/TWIST1/VEGFA/CELSR1/BMP5/HES5/BMP7/GDF7/GRHL3/HAND1/SLC39A12/IRX3/IRX2/FOLR1/NODAL/TGFB2/FGFR2",25
"GO:0050890","GO:0050890","cognition","50/1935","333/18860",0.15015015015015,1.46347898285883,2.88526088048583,0.00387879577187247,0.0395087958710196,0.0316879729104067,"STRA6/SHROOM4/CEBPB/GRIN2B/SGK1/NTSR1/SLC7A11/CAMK4/MUSK/CRHBP/ITGA8/KLK8/FZD9/GPR158/SLC1A1/GRIN2A/CALB1/SLC17A7/SLC8A3/RCAN2/ADGRB3/MAP1A/KIT/LRRN4/PIANP/PTN/PLCB1/ATP1A2/ABCC8/DRD2/GRPR/SHANK1/KCTD16/LCN2/MME/NPTX2/BGLAP/ELAVL4/ASIC1/FAM107A/BCHE/KCNK2/DKK1/CNTN2/JPH4/ITGA5/PAK5/GABRB3/CUX2/SORCS3",50
"GO:0060441","GO:0060441","epithelial tube branching involved in lung morphogenesis","9/1935","32/18860",0.28125,2.74127906976744,3.33331802221299,0.00388641112894516,0.0395164241114477,0.0316940911296718,"WNT2/TNC/SOX9/CELSR1/LAMA1/SHH/RSPO2/HHIP/FGFR2",9
"GO:0002920","GO:0002920","regulation of humoral immune response","12/1935","50/18860",0.24,2.33922480620155,3.20611846776124,0.00392426033921512,0.0397607715707448,0.0318900696580028,"IL1B/SPNS2/KLK7/IL17A/CR2/CD55/ZP3/FCER2/CXCL13/C4BPB/IL17F/PGC",12
"GO:0045933","GO:0045933","positive regulation of muscle contraction","12/1935","50/18860",0.24,2.33922480620155,3.20611846776124,0.00392426033921512,0.0397607715707448,0.0318900696580028,"F2R/SPHK1/ITGA2/CACNA1C/NMU/PROK2/KIT/EDN3/ADRA1A/EDN2/GPER1/TRPV4",12
"GO:0071542","GO:0071542","dopaminergic neuron differentiation","11/1935","44/18860",0.25,2.43669250645995,3.22598236423407,0.00404464636989983,0.0407594403439882,0.0326910505113884,"WNT2/WNT5A/VEGFA/DMRTA2/SHH/RSPO2/VEGFD/EN2/WNT3/DKK1/WNT1",11
"GO:0098703","GO:0098703","calcium ion import across plasma membrane","11/1935","44/18860",0.25,2.43669250645995,3.22598236423407,0.00404464636989983,0.0407594403439882,0.0326910505113884,"TRPV3/CACNA1C/CACNA1D/P2RX1/TRPV6/SLC8A3/MS4A1/NALF2/TRPV4/TRPV1/CACNA1A",11
"GO:1902656","GO:1902656","calcium ion import into cytosol","11/1935","44/18860",0.25,2.43669250645995,3.22598236423407,0.00404464636989983,0.0407594403439882,0.0326910505113884,"TRPV3/CACNA1C/CACNA1D/P2RX1/TRPV6/SLC8A3/MS4A1/NALF2/TRPV4/TRPV1/CACNA1A",11
"GO:0002717","GO:0002717","positive regulation of natural killer cell mediated immunity","10/1935","38/18860",0.263157894736842,2.56493948048416,3.26506579416947,0.00405115549552759,0.0407594403439882,0.0326910505113884,"CD160/KIR2DL4/CRTAM/KLRC1/KLRC4/RAET1G/KLRC3/KLRC2/SH2D1B/RAET1E",10
"GO:0051785","GO:0051785","positive regulation of nuclear division","14/1935","63/18860",0.222222222222222,2.16594889463107,3.13430312220042,0.00408242268863543,0.041002343059506,0.0328858702850489,"IL1A/WNT5A/IL1B/SPHK1/MSX2/PDGFRB/PDGFB/UBE2C/SKA3/AURKA/EDN3/PLCB1/EREG/DAZL",14
"GO:0051591","GO:0051591","response to cAMP","18/1935","90/18860",0.2,1.94935400516796,3.05247968025053,0.00415254106410526,0.0416251774955285,0.0333854137487572,"COL1A1/AQP9/STC1/CRHBP/PDE2A/WT1/HCN1/AQP8/SLC8A3/HMGCS2/SLC26A3/AREG/INHBB/IGFBP5/ADIPOQ/CITED1/CPS1/DUOX2",18
"GO:0051208","GO:0051208","sequestering of calcium ion","25/1935","140/18860",0.178571428571429,1.74049464747139,2.97350378425401,0.00416400190959252,0.0416251774955285,0.0333854137487572,"CEMIP/DHRS7C/F2R/PLCL2/THY1/NTSR1/CACNA1C/PLCG2/PLCE1/PLCB4/CD19/CXCL11/JPH1/GSTM2/RYR1/NPSR1/FASLG/PLCB1/ATP1A2/ANK2/DRD2/GPER1/RYR2/CALML3/JPH4",25
"GO:0032602","GO:0032602","chemokine production","20/1935","104/18860",0.192307692307692,1.87437885112304,3.02330302445461,0.00417336705732753,0.0416251774955285,0.0333854137487572,"WNT5A/IL1B/IL6/RIPK2/IL6R/TNFSF4/TWIST1/CXCL6/KLF4/IL17A/TSLP/POSTN/ALOX15B/FFAR2/ADIPOQ/NR1H4/TRPV4/FFAR3/MCOLN2/IL17F",20
"GO:0032642","GO:0032642","regulation of chemokine production","20/1935","104/18860",0.192307692307692,1.87437885112304,3.02330302445461,0.00417336705732753,0.0416251774955285,0.0333854137487572,"WNT5A/IL1B/IL6/RIPK2/IL6R/TNFSF4/TWIST1/CXCL6/KLF4/IL17A/TSLP/POSTN/ALOX15B/FFAR2/ADIPOQ/NR1H4/TRPV4/FFAR3/MCOLN2/IL17F",20
"GO:0042692","GO:0042692","muscle cell differentiation","63/1935","441/18860",0.142857142857143,1.39239571797711,2.8193306096794,0.00428387959136503,0.0426535070039892,0.0342101839521684,"ADAM12/EDNRA/MMP14/COMP/NOX4/ATP11A/SIX4/GDF15/ACTN1/PDGFRB/MYOM1/ADGRB1/SOX9/SIX1/MYC/PDCD4/HOMER1/LOX/VEGFA/NEBL/BMP2/BCL2/NOTCH4/ITGA8/WT1/PDGFB/LAMA1/SMYD1/RYR1/CDK1/ADGRB3/SHH/KIT/TBX18/BDNF/KCNH1/CCNB1/TNNT3/P2RX2/IGFBP5/ADRA1A/IRX3/ALPK2/EREG/ANK2/MYBPC2/MYPN/BHLHA15/GPER1/MESP1/MEGF10/TRIM72/MYOM3/RGS4/DKK1/ACTC1/FGFR2/ERVFRD-1/CAV3/FLNC/NRAP/RBM24/WNT1",63
"GO:0051384","GO:0051384","response to glucocorticoid","24/1935","133/18860",0.180451127819549,1.75881564376056,2.96936419352403,0.00429591580730437,0.0426994740432412,0.0342470517498949,"STC1/PDX1/IL6/WNT7B/DDIT4/BCL2/IGFBP7/FLT3/PCK1/HMGCS2/CLDN1/AREG/BMP6/TAT/AXIN2/IL1RN/ADIPOQ/CPS1/UCN3/HSD11B2/GHR/BGLAP/FAM107A/BCHE",24
"GO:0001912","GO:0001912","positive regulation of leukocyte mediated cytotoxicity","15/1935","70/18860",0.214285714285714,2.08859357696567,3.08522522646086,0.00434229507673005,0.0430860485630714,0.0345571032875885,"ULBP1/STAP1/RAET1L/IL23A/ULBP2/AZGP1/CD160/ULBP3/CRTAM/KLRC1/KLRC4/RAET1G/KLRC3/KLRC2/RAET1E",15
"GO:0002686","GO:0002686","negative regulation of leukocyte migration","13/1935","57/18860",0.228070175438596,2.22294754975294,3.12656284312687,0.0043901052392263,0.0434854658377751,0.0348774553383591,"TNFAIP6/STAP1/CNN2/GDF15/GPR18/CXCL12/BMP5/CD200R1/PLCB1/PADI2/ADTRP/CYP19A1/MMP28",13
"GO:0002053","GO:0002053","positive regulation of mesenchymal cell proliferation","8/1935","27/18860",0.296296296296296,2.88793185950809,3.31928023989456,0.00450433521214441,0.0441926268910619,0.0354446328441733,"WNT2/PRRX1/WNT5A/SOX9/SIX1/MYC/SHH/FGFR2",8
"GO:0033622","GO:0033622","integrin activation","8/1935","27/18860",0.296296296296296,2.88793185950809,3.31928023989456,0.00450433521214441,0.0441926268910619,0.0354446328441733,"CXCL12/P2RY12/KIF14/FERMT1/SELP/MZB1/CXCL13/FN1",8
"GO:0048596","GO:0048596","embryonic camera-type eye morphogenesis","8/1935","27/18860",0.296296296296296,2.88793185950809,3.31928023989456,0.00450433521214441,0.0441926268910619,0.0354446328441733,"STRA6/WNT5A/SOX11/TFAP2A/TWIST1/ALDH1A3/BMP7/FOXF2",8
"GO:0062009","GO:0062009","secondary palate development","8/1935","27/18860",0.296296296296296,2.88793185950809,3.31928023989456,0.00450433521214441,0.0441926268910619,0.0354446328441733,"WNT5A/SOX11/JAG2/LEF1/ITGB8/WNT11/TGFB2/GABRB3",8
"GO:0090280","GO:0090280","positive regulation of calcium ion import","8/1935","27/18860",0.296296296296296,2.88793185950809,3.31928023989456,0.00450433521214441,0.0441926268910619,0.0354446328441733,"STC1/PDGFRB/TRPV3/CXCL12/PDGFB/P2RX1/MS4A1/GCG",8
"GO:0007088","GO:0007088","regulation of mitotic nuclear division","22/1935","119/18860",0.184873949579832,1.80192387032332,2.96719246621285,0.0045223733191295,0.0441926268910619,0.0354446328441733,"IL1A/IL1B/SPHK1/PDGFRB/TRIP13/MAD2L1/PKMYT1/MTBP/PDGFB/BMP7/UBE2C/SPC25/SKA3/BUB1B/AURKA/BIRC5/NUF2/BUB1/CCNB1/EDN3/EREG/TTK",22
"GO:0003281","GO:0003281","ventricular septum development","16/1935","77/18860",0.207792207792208,2.02530286251217,3.04824962789238,0.00452292914662649,0.0441926268910619,0.0354446328441733,"ROBO2/STRA6/WNT5A/SOX11/SALL4/SOX4/FGFRL1/PTK7/NOS3/PDE2A/HEYL/WNT11/SALL1/TGFB2/FGFR2/DAND5",16
"GO:0060415","GO:0060415","muscle tissue morphogenesis","16/1935","77/18860",0.207792207792208,2.02530286251217,3.04824962789238,0.00452292914662649,0.0441926268910619,0.0354446328441733,"COL11A1/WNT2/EDNRA/COL3A1/BMP2/TNNI3/TBX20/POU4F1/HAND1/MYLK2/RYR2/MYL3/ACTC1/TGFB2/FGFR2/FOXC2",16
"GO:0002456","GO:0002456","T cell mediated immunity","25/1935","141/18860",0.177304964539007,1.72815071380138,2.93443835152842,0.00458035721454831,0.0446666188441355,0.035824797408484,"IL1B/ULBP1/IL6/RAET1L/TNFSF4/IL23A/ULBP2/AZGP1/FCGR3A/ULBP3/CR2/FOXP3/CD55/CD8A/ZP3/CD7/GZMM/CCR2/TBX21/KLRC1/SECTM1/RAET1G/CEACAM1/CLC/RAET1E",25
"GO:0045137","GO:0045137","development of primary sexual characteristics","39/1935","248/18860",0.157258064516129,1.53275818954739,2.85558392914273,0.00458696294298594,0.0446666188441355,0.035824797408484,"INHBA/MMP14/ROBO2/WNT5A/TESC/TNFAIP6/SIX4/MCIDAS/DACH1/CEBPB/SOX9/CCNO/BRCA2/VEGFA/CBX2/BCL2/NOTCH4/DNAAF11/NOS3/MMP2/GFRA1/TCF21/WT1/ZP3/DMRTA1/TEX11/KIT/AFP/KIF18A/GAS2/INHBB/ESR1/SALL1/EREG/CYP19A1/UMODL1/TGFB2/LEP/AMH",39
"GO:0006641","GO:0006641","triglyceride metabolic process","21/1935","112/18860",0.1875,1.82751937984496,2.96992299233343,0.00460860397426334,0.0448015470808877,0.0359330164067296,"LIPC/FUT1/G6PC1/LIPG/GPAT3/SLC22A4/GPIHBP1/PNPLA3/PCK1/PCSK9/PLAAT3/CIDEC/THRSP/DGAT2/CPS1/AGMO/MOGAT2/NKX2-3/GPLD1/APOBEC1/CAV3",21
"GO:0003151","GO:0003151","outflow tract morphogenesis","17/1935","84/18860",0.202380952380952,1.97256060046758,3.02057937625487,0.00463573870558165,0.0449713447113834,0.0360692023520813,"EDNRA/ROBO2/SOX11/MSX2/SIX1/TWIST1/VEGFA/NRP2/HEYL/BMP7/RYR1/TBX20/WNT11/FOLR1/TGFB2/FGFR2/FOXC2",17
"GO:1990845","GO:1990845","adaptive thermogenesis","29/1935","171/18860",0.169590643274854,1.65296099853423,2.90019861631252,0.00464169917611846,0.0449713447113834,0.0360692023520813,"MFAP2/SCTR/PLCL2/CEBPB/APPL2/GPR3/DIO2/VEGFA/SCD/IRF4/CKB/PPARGC1A/PM20D1/CCR2/OXTR/G0S2/ADIPOQ/EBF2/ADRB1/TSHR/SLN/FABP4/LCN2/TRPV4/PLAC8/TRPV1/ACADL/FOXC2/LEP",29
"GO:0030850","GO:0030850","prostate gland development","12/1935","51/18860",0.235294117647059,2.29335765313877,3.12720497504016,0.00466218667783541,0.045093923245282,0.0361675162889133,"SULF1/WNT5A/TNC/SOX9/SERPINB5/MMP2/BMP7/ALOX15B/SHH/ESR1/CYP19A1/FGFR2",12
"GO:0045058","GO:0045058","T cell selection","14/1935","64/18860",0.21875,2.13210594315245,3.06746640744699,0.00474269081723639,0.0455374808178829,0.0365232710021339,"JAG2/LY9/IL6/IL6R/IL23A/CD3E/BCL2/IRF4/FOXP3/ZAP70/CD3G/SHH/TBX21/THEMIS",14
"GO:0050796","GO:0050796","regulation of insulin secretion","30/1935","179/18860",0.167597765363128,1.63353687583907,2.87961104159002,0.00481027831618367,0.0455374808178829,0.0365232710021339,"PDX1/IL1B/F2RL2/SOX4/IL6/ADCY5/CCL5/BLK/NNAT/VSNL1/ADRA2A/FFAR2/PRKCB/INHBB/PLCB1/ABCA12/NR1H4/UCN3/ABCC8/GCG/DRD2/GPER1/BRSK2/GPLD1/EPHA5/MLXIPL/FFAR1/ADRA2C/LEP/SLC30A8",30
"GO:0001547","GO:0001547","antral ovarian follicle growth","5/1935","12/18860",0.416666666666667,4.06115417743325,3.58656467306331,0.00482673558625692,0.0455374808178829,0.0365232710021339,"TNFAIP6/ZP3/GAS2/ESR1/EREG",5
"GO:0001973","GO:0001973","G protein-coupled adenosine receptor signaling pathway","5/1935","12/18860",0.416666666666667,4.06115417743325,3.58656467306331,0.00482673558625692,0.0455374808178829,0.0365232710021339,"ADCY5/P2RY12/P2RY1/NECAB2/CNTN2",5
"GO:0002024","GO:0002024","diet induced thermogenesis","5/1935","12/18860",0.416666666666667,4.06115417743325,3.58656467306331,0.00482673558625692,0.0455374808178829,0.0365232710021339,"SCTR/APPL2/ADRB1/TRPV4/TRPV1",5
"GO:0003207","GO:0003207","cardiac chamber formation","5/1935","12/18860",0.416666666666667,4.06115417743325,3.58656467306331,0.00482673558625692,0.0455374808178829,0.0365232710021339,"EDNRA/BMP2/TBX20/HAND1/MESP1",5
"GO:0032957","GO:0032957","inositol trisphosphate metabolic process","5/1935","12/18860",0.416666666666667,4.06115417743325,3.58656467306331,0.00482673558625692,0.0455374808178829,0.0365232710021339,"NTSR1/PLCG2/P2RY1/PLCB1/GPER1",5
"GO:0035588","GO:0035588","G protein-coupled purinergic receptor signaling pathway","5/1935","12/18860",0.416666666666667,4.06115417743325,3.58656467306331,0.00482673558625692,0.0455374808178829,0.0365232710021339,"ADCY5/P2RY12/P2RY1/NECAB2/CNTN2",5
"GO:0038063","GO:0038063","collagen-activated tyrosine kinase receptor signaling pathway","5/1935","12/18860",0.416666666666667,4.06115417743325,3.58656467306331,0.00482673558625692,0.0455374808178829,0.0365232710021339,"COL1A1/COL4A1/COL4A2/COL4A3/COL4A6",5
"GO:0044341","GO:0044341","sodium-dependent phosphate transport","5/1935","12/18860",0.416666666666667,4.06115417743325,3.58656467306331,0.00482673558625692,0.0455374808178829,0.0365232710021339,"SFRP4/CEBPB/SLC17A8/SLC17A4/SLC17A7",5
"GO:0051798","GO:0051798","positive regulation of hair follicle development","5/1935","12/18860",0.416666666666667,4.06115417743325,3.58656467306331,0.00482673558625692,0.0455374808178829,0.0365232710021339,"WNT5A/KRT17/MSX2/TGFB2/GAL",5
"GO:0060736","GO:0060736","prostate gland growth","5/1935","12/18860",0.416666666666667,4.06115417743325,3.58656467306331,0.00482673558625692,0.0455374808178829,0.0365232710021339,"SOX9/SHH/ESR1/CYP19A1/FGFR2",5
"GO:0072070","GO:0072070","loop of Henle development","5/1935","12/18860",0.416666666666667,4.06115417743325,3.58656467306331,0.00482673558625692,0.0455374808178829,0.0365232710021339,"WNT7B/HES5/IRX3/IRX2/POU3F3",5
"GO:0086015","GO:0086015","SA node cell action potential","5/1935","12/18860",0.416666666666667,4.06115417743325,3.58656467306331,0.00482673558625692,0.0455374808178829,0.0365232710021339,"CACNA1D/HCN1/TBX18/ANK2/RYR2",5
"GO:0086018","GO:0086018","SA node cell to atrial cardiac muscle cell signaling","5/1935","12/18860",0.416666666666667,4.06115417743325,3.58656467306331,0.00482673558625692,0.0455374808178829,0.0365232710021339,"CACNA1D/HCN1/TBX18/ANK2/RYR2",5
"GO:0014850","GO:0014850","response to muscle activity","9/1935","33/18860",0.272727272727273,2.65821000704722,3.22360200046321,0.00486561930812244,0.0456137162888615,0.0365844155519974,"ITGA2/SLC7A5/AGT/POSTN/PPARGC1A/PERM1/RYR2/FN1/ITGA5",9
"GO:0061036","GO:0061036","positive regulation of cartilage development","9/1935","33/18860",0.272727272727273,2.65821000704722,3.22360200046321,0.00486561930812244,0.0456137162888615,0.0365844155519974,"WNT5A/LOXL2/PRKG2/SOX9/FGF18/BMP2/BMP6/GDF5/ZBTB16",9
"GO:0071295","GO:0071295","cellular response to vitamin","9/1935","33/18860",0.272727272727273,2.65821000704722,3.22360200046321,0.00486561930812244,0.0456137162888615,0.0365844155519974,"COL1A1/TNC/CYP27B1/CYP24A1/POSTN/FOLR2/FOLR1/BGLAP/LEP",9
"GO:0050892","GO:0050892","intestinal absorption","11/1935","45/18860",0.244444444444444,2.38254378409417,3.13955803746209,0.00486651986122693,0.0456137162888615,0.0365844155519974,"FOLH1/SLC2A5/CEL/ADRA2A/CLDN2/FABP2/MOGAT2/GCNT3/ENPP7/NPC1L1/LEP",11
"GO:0042303","GO:0042303","molting cycle","23/1935","127/18860",0.181102362204724,1.76516307554579,2.92541628253109,0.00488261660416507,0.0456160041509253,0.0365862505284755,"FOXQ1/INHBA/WNT5A/KRT17/CDH3/DSG4/MSX2/LGR5/SNAI1/TRPV3/SOX9/DKK4/KRT16/TSPEAR/BCL2/APCDD1/SHH/FERMT1/IGFBP5/DKK1/TGFB2/FGFR2/GAL",23
"GO:0042633","GO:0042633","hair cycle","23/1935","127/18860",0.181102362204724,1.76516307554579,2.92541628253109,0.00488261660416507,0.0456160041509253,0.0365862505284755,"FOXQ1/INHBA/WNT5A/KRT17/CDH3/DSG4/MSX2/LGR5/SNAI1/TRPV3/SOX9/DKK4/KRT16/TSPEAR/BCL2/APCDD1/SHH/FERMT1/IGFBP5/DKK1/TGFB2/FGFR2/GAL",23
"GO:0006958","GO:0006958","complement activation, classical pathway","10/1935","39/18860",0.256410256410256,2.49917180149738,3.16882194649957,0.00495640587031558,0.0460066383607519,0.0368995581346924,"CFI/CR2/IGHA2/CD55/IGHG1/IGHA1/IGHG3/C4BPB/IGHG4/IGHD",10
"GO:0042044","GO:0042044","fluid transport","10/1935","39/18860",0.256410256410256,2.49917180149738,3.16882194649957,0.00495640587031558,0.0460066383607519,0.0368995581346924,"AQP9/PKP1/SLC14A1/SLC4A11/CSF2/AQP8/NHERF4/CLDN18/AQP6/SCNN1B",10
"GO:0050974","GO:0050974","detection of mechanical stimulus involved in sensory perception","10/1935","39/18860",0.256410256410256,2.49917180149738,3.16882194649957,0.00495640587031558,0.0460066383607519,0.0368995581346924,"COL11A1/ITGA2/MYC/CXCL12/SERPINE2/PDZD7/KIT/HPN/ADGRV1/KCNK2",10
"GO:0071604","GO:0071604","transforming growth factor beta production","10/1935","39/18860",0.256410256410256,2.49917180149738,3.16882194649957,0.00495640587031558,0.0460066383607519,0.0368995581346924,"COL3A1/LAPTM4B/SERPINB7/FOXP3/PTGS2/LUM/WNT11/FERMT1/TGFB2/FN1",10
"GO:0044344","GO:0044344","cellular response to fibroblast growth factor stimulus","22/1935","120/18860",0.183333333333333,1.78690783807063,2.92391792128201,0.00501420532560949,0.0463934913969174,0.0372098330560122,"SULF1/COL1A1/CXCL8/SHISA2/WNT5A/APLN/FGFRL1/CD44/CCL5/CRIPTO/FGF18/KLB/POSTN/SHCBP1/FGF19/FGF1/CPS1/CXCL13/SMOC2/FGF5/HHIP/FGFR2",22
"GO:1990748","GO:1990748","cellular detoxification","22/1935","120/18860",0.183333333333333,1.78690783807063,2.92391792128201,0.00501420532560949,0.0463934913969174,0.0372098330560122,"SLC11A1/ABCG2/GPX8/S100A9/SLC22A3/HBA2/NOS3/PXDN/LPO/NXN/CP/BMP7/PTGS2/AQP8/GSTM2/AKR1B10/FABP1/HBB/HBA1/GPX3/SLC22A2/DUOX2",22
"GO:0006883","GO:0006883","intracellular sodium ion homeostasis","7/1935","22/18860",0.318181818181818,3.10124500822175,3.3343110762838,0.00503753850895642,0.0465345651991079,0.0373229810961796,"IL1A/TMPRSS3/ATP1B2/ATP12A/ATP1A2/SCNN1G/SCNN1B",7
"GO:0035107","GO:0035107","appendage morphogenesis","27/1935","157/18860",0.171974522292994,1.67619611909347,2.876751441673,0.00507919081403614,0.0467691890156448,0.0375111607908185,"PRRX1/WNT5A/COL3A1/SALL4/MSX2/LEF1/CIBAR1/TFAP2A/SOX9/CACNA1C/TWIST1/AFF3/FREM2/BMP7/PCSK5/SP8/SHH/RSPO2/MAP3K20/SALL1/CRABP2/WNT3/DKK1/TGFB2/FGFR2/GDF5/ZBTB16",27
"GO:0035108","GO:0035108","limb morphogenesis","27/1935","157/18860",0.171974522292994,1.67619611909347,2.876751441673,0.00507919081403614,0.0467691890156448,0.0375111607908185,"PRRX1/WNT5A/COL3A1/SALL4/MSX2/LEF1/CIBAR1/TFAP2A/SOX9/CACNA1C/TWIST1/AFF3/FREM2/BMP7/PCSK5/SP8/SHH/RSPO2/MAP3K20/SALL1/CRABP2/WNT3/DKK1/TGFB2/FGFR2/GDF5/ZBTB16",27
"GO:0032355","GO:0032355","response to estradiol","21/1935","113/18860",0.185840707964602,1.81134664197023,2.92492848067195,0.00512668472996184,0.0471311032283233,0.0378014335646253,"COL1A1/MSX2/ITGA2/ESR2/CRHBP/HPGD/F7/MMP2/POSTN/BMP7/AREG/POU4F1/KIF18A/ESR1/GHR/DRD2/GPER1/RGS9/SSTR1/CYP19A1/LEP",21
"GO:0071320","GO:0071320","cellular response to cAMP","13/1935","58/18860",0.224137931034483,2.18462086786064,3.05510983026032,0.00513819353747346,0.0471615690720252,0.0378258686507532,"AQP9/STC1/CRHBP/PDE2A/WT1/HCN1/AQP8/SLC8A3/SLC26A3/INHBB/IGFBP5/ADIPOQ/CPS1",13
"GO:0019233","GO:0019233","sensory perception of pain","17/1935","85/18860",0.2,1.94935400516796,2.96608199935449,0.00525372314401313,0.0480686433923618,0.0385533863049077,"ITGA2/GRIN2D/NTSR1/NMU/CXCL12/PNOC/GRIN2A/PRDM12/PROK2/HOXB8/CCR2/EPHB1/MME/TRPV1/TMEM100/PIRT/MRGPRX2",17
"GO:0051279","GO:0051279","regulation of release of sequestered calcium ion into cytosol","17/1935","85/18860",0.2,1.94935400516796,2.96608199935449,0.00525372314401313,0.0480686433923618,0.0385533863049077,"CEMIP/DHRS7C/F2R/THY1/NTSR1/CACNA1C/CD19/CXCL11/JPH1/GSTM2/NPSR1/ATP1A2/ANK2/GPER1/RYR2/CALML3/JPH4",17
"GO:0006855","GO:0006855","xenobiotic transmembrane transport","6/1935","17/18860",0.352941176470588,3.44003647970816,3.40315109975123,0.00528039593695604,0.0481595540684343,0.0386263010819122,"ABCC2/ABCB11/SLC47A1/ABCA8/SLC28A3/SLC29A1",6
"GO:0030852","GO:0030852","regulation of granulocyte differentiation","6/1935","17/18860",0.352941176470588,3.44003647970816,3.40315109975123,0.00528039593695604,0.0481595540684343,0.0386263010819122,"RUNX1/TESC/LEF1/EVI2B/ADIPOQ/CEACAM1",6
"GO:0032944","GO:0032944","regulation of mononuclear cell proliferation","40/1935","258/18860",0.155038759689922,1.51112713578912,2.79508131848991,0.0052947406511157,0.0481802100207843,0.038642868158789,"IL1A/SOX11/IL1B/SLC39A10/CNN2/IL6/RIPK2/SLC7A1/TNFSF4/TNFSF9/CEBPB/TNFRSF13B/CCL5/IL23A/CD3E/BCL2/FCGR3A/FOXP3/ZAP70/CD55/CD22/IKZF3/TNFRSF13C/ZP3/BTLA/CRTAM/PLA2G2D/HHLA2/FCRL3/SHH/TMIGD2/CCR2/CDKN2A/MZB1/IL2/IDO1/LGALS9C/CLC/GAL/LEP",40
"GO:0071675","GO:0071675","regulation of mononuclear cell migration","26/1935","150/18860",0.173333333333333,1.68944013781223,2.86642627147557,0.00529940450793335,0.0481802100207843,0.038642868158789,"MMP14/WNT5A/STAP1/CNN2/SPNS2/FPR2/CCL5/ASCL2/CXCL12/BMP5/SERPINE1/P2RY12/CXCL17/PDGFD/CCR2/JAM2/CD200R1/PLCB1/PADI2/CXCL13/ADTRP/TRPV4/CCL20/CYP19A1/MMP28/CCL7",26
"GO:0071774","GO:0071774","response to fibroblast growth factor","23/1935","128/18860",0.1796875,1.75137273901809,2.88405687514647,0.00538870581537735,0.0489148296017297,0.0392320687372234,"SULF1/COL1A1/CXCL8/SHISA2/WNT5A/TNC/APLN/FGFRL1/CD44/CCL5/CRIPTO/FGF18/KLB/POSTN/SHCBP1/FGF19/FGF1/CPS1/CXCL13/SMOC2/FGF5/HHIP/FGFR2",23
"GO:0006956","GO:0006956","complement activation","14/1935","65/18860",0.215384615384615,2.0993043132578,3.00184954674424,0.00548658040042786,0.0496466512648779,0.0398190252497123,"CFI/IL1B/CFB/CR2/IGHA2/CD55/IGHG1/CFD/IGHA1/IGHG3/FCN3/C4BPB/IGHG4/IGHD",14
"GO:0090303","GO:0090303","positive regulation of wound healing","14/1935","65/18860",0.215384615384615,2.0993043132578,3.00184954674424,0.00548658040042786,0.0496466512648779,0.0398190252497123,"PLAU/F2R/CCN4/F7/SERPINE1/ADRA2A/TMEM97/CLDN1/FERMT1/REG3A/SMOC2/DUOX2/FOXC2/REG3G",14
"GO:0042572","GO:0042572","retinol metabolic process","12/1935","52/18860",0.230769230769231,2.24925462134764,3.05011914811388,0.0055068512424734,0.0497518507071184,0.0399034003110731,"CYP3A4/ALDH1A3/CEL/AKR1B10/RETSAT/RDH5/ADH6/DGAT2/ADH1B/CYP3A7/ADH1A/ADH1C",12
"GO:0019218","GO:0019218","regulation of steroid metabolic process","22/1935","121/18860",0.181818181818182,1.77214000469814,2.88105142153248,0.00554950865816915,0.0499803166318677,0.0400866410774594,"UGT1A1/SNAI1/EPHX2/ABCB11/BMP2/BMP5/AGT/IGFBP7/AQP8/PCK1/FMO5/FGF19/KIT/UGT1A8/BMP6/FGF1/DGAT2/NR1H4/BGLAP/ACADL/GAL/LEP",22
"GO:0099565","GO:0099565","chemical synaptic transmission, postsynaptic","22/1935","121/18860",0.181818181818182,1.77214000469814,2.88105142153248,0.00554950865816915,0.0499803166318677,0.0400866410774594,"MET/GRIN2D/GRIN2B/NTSR1/GLRB/P2RX1/GRIN2A/SLC17A7/P2RX6/SLC8A3/HTR3E/P2RX2/HTR3C/DRD2/SHANK1/SLC29A1/TRPV1/RGS4/KCNK2/SLC1A7/GABRB3/CUX2",22
