,Gene_set,Term,Overlap,P-value,Adjusted P-value,Old P-value,Old Adjusted P-value,Odds Ratio,Combined Score,Genes
0,GO_Biological_Process_2021,visual perception (GO:0007601),15/93,1.3914673760521158e-10,3.228204312440909e-07,0,0,10.714442252903792,243.1695392216485,SLC24A1;RAX;SLC4A10;PAX6;CABP1;TRPM1;RS1;SIX6;GNAT2;GRM6;RBP3;SIX3;REEP6;GPR179;IMPG2
1,GO_Biological_Process_2021,sensory perception of light stimulus (GO:0050953),13/95,1.8829316363506645e-08,2.1842006981667708e-05,0,0,8.781040558280937,156.19583932511412,SLC24A1;RAX;SLC4A10;PAX6;CABP1;TRPM1;RS1;SIX6;GNAT2;RBP3;SIX3;GPR179;IMPG2
2,GO_Biological_Process_2021,synapse organization (GO:0050808),14/126,7.970545772115124e-08,6.163888730435695e-05,0,0,6.932528409090909,113.31167614602109,APP;GPM6A;PTPRS;NRXN1;NRXN2;ANK3;SLC6A1;PTPRD;CDH2;SPOCK2;DNER;NRCAM;MAPT;PAK3
3,GO_Biological_Process_2021,nervous system development (GO:0007399),26/447,2.40540065985056e-07,0.00012513037653913133,0,0,3.489856084951795,53.18672997203226,ROBO2;GPM6A;NRSN1;MYT1L;NRXN1;STMN3;NRXN2;NHLH2;CDH2;SPOCK2;DNER;DPF3;NRCAM;PCDHA2;MARCKSL1;JAG1;TMOD2;LSAMP;PAX6;NAV1;PROX1;VEGFA;MARCKS;ZEB2;TAGLN3;HAP1
4,GO_Biological_Process_2021,neuron migration (GO:0001764),9/50,2.696775356446796e-07,0.00012513037653913133,0,0,12.047345767575322,182.2286207719056,GPM6A;TUBB2A;AUTS2;DNER;NRCAM;NAV1;NDNF;VEGFA;CDK5R1
5,GO_Biological_Process_2021,synapse assembly (GO:0007416),10/69,4.853585761432276e-07,0.00018767198277538135,0,0,9.319653399352504,135.49264289496404,GABRB3;GPM6A;GABRA1;CDH2;NRXN1;SPOCK2;DNER;NRXN2;NRCAM;GABRG2
6,GO_Biological_Process_2021,generation of neurons (GO:0048699),16/202,1.0402650440516388e-06,0.0003447735574571146,0,0,4.779846390168971,65.84733129574708,GPM6A;TGFB2;AUTS2;MYT1L;NAV1;NDNF;PTPRD;TUBB2A;NEUROD4;DNER;SIX3;NRCAM;MAPT;LHX4;ITM2C;CDK5R1
7,GO_Biological_Process_2021,regulation of neuron differentiation (GO:0045664),10/79,1.7486239670197434e-06,0.0005071009504357256,0,0,7.964907995440482,105.5882475475411,IMPACT;PCP4;CASZ1;ZFHX3;SIX3;NRCAM;TCF4;YWHAG;YWHAH;CDK5R1
8,GO_Biological_Process_2021,regulation of neuron projection development (GO:0010975),14/165,2.192656852791338e-06,0.0005113943330925099,0,0,5.1317354003612285,66.8685473828627,NDRG4;PLK5;PTPRS;STMN2;NDNF;CAMSAP2;CCDC88A;RIT2;CDH2;CHN1;APOE;PAK3;ITM2C;CDK5R1
9,GO_Biological_Process_2021,neuron development (GO:0048666),13/143,2.345095326389928e-06,0.0005113943330925099,0,0,5.525212464589235,71.62434861320914,EPHA5;APP;GPM6A;CNTNAP2;TGFB2;MYT1L;STMN2;DTNBP1;STMN3;STMN1;APOE;MAPT;CDK5R1
10,GO_Biological_Process_2021,central nervous system development (GO:0007417),18/268,2.424714510352418e-06,0.0005113943330925099,0,0,4.0104827586206895,51.85472701131556,ROBO2;CNTNAP2;NDRG4;ZFHX3;MARCKSL1;PAX6;PROX1;NHLH2;MARCKS;CDH2;DNER;SIX3;NNAT;NRCAM;TAGLN3;HAP1;SOX4;CDK5R1
11,GO_Biological_Process_2021,plasma membrane bounded cell projection organization (GO:0120036),12/128,4.163474775196305e-06,0.0008049384565379522,0,0,5.703682057276446,70.66383273287542,APP;GPM6A;CNTNAP2;FAM161A;STMN1;TPM1;STMN2;DTNBP1;STMN3;APOE;MAPT;CDK5R1
12,GO_Biological_Process_2021,axonogenesis (GO:0007409),16/240,9.657254261252971e-06,0.0017084751710399,0,0,3.9612244897959186,45.74343286963037,EPHA5;ROBO2;APP;AUTS2;NRXN1;LRTM1;NRXN3;ANK3;ISL1;DAB1;KIF5C;BSG;NRCAM;SLIT2;PAK3;CDK5R1
13,GO_Biological_Process_2021,negative regulation of amyloid-beta formation (GO:1902430),5/17,1.0309763963171918e-05,0.0017084751710399,0,0,22.647737765466296,260.0508179167466,RTN1;IGF1;APOE;HAP1;CLU
14,GO_Biological_Process_2021,negative regulation of amyloid precursor protein catabolic process (GO:1902992),5/19,1.8797722129167816e-05,0.0029073810226446,0,0,19.410368025326473,211.2192547782739,RTN1;IGF1;APOE;HAP1;CLU
15,GO_Biological_Process_2021,regulation of smooth muscle cell migration (GO:0014910),5/20,2.4688731675777117e-05,0.0035798660929876,0,0,18.115420129270543,192.1894563030465,VTN;NDRG4;IGF1;SLIT2;TRIB1
16,GO_Biological_Process_2021,regulation of cell differentiation (GO:0045595),12/156,3.121235337002366e-05,0.0040517535480803,0,0,4.58804143126177,47.59953783833231,TFAP2B;CASZ1;ZFHX3;NEUROD4;PRKCB;SPOCK2;PLEKHB1;GNB3;ISL1;YWHAG;YWHAH;CDK5R1
17,GO_Biological_Process_2021,central nervous system neuron differentiation (GO:0021953),6/34,3.143601890751986e-05,0.0040517535480803,0,0,11.670238095238096,120.99184959401,CEND1;FAIM2;PROX1;MAPT;ISL1;SOX4
18,GO_Biological_Process_2021,glomerular visceral epithelial cell differentiation (GO:0072112),4/12,4.861748253653658e-05,0.0057319368246071,0,0,27.107734806629836,269.221210137366,JAG1;BASP1;PODXL;PROM1
19,GO_Biological_Process_2021,regulation of microtubule cytoskeleton organization (GO:0070507),6/37,5.1883910912392e-05,0.0057319368246071,0,0,10.539247311827957,103.9855027576636,CYLD;STMN1;STMN2;STMN3;MAP6;MAPT
20,GO_Biological_Process_2021,glutamate receptor signaling pathway (GO:0007215),6/37,5.1883910912392e-05,0.0057319368246071,0,0,10.539247311827957,103.9855027576636,TRPM1;APP;GRIA2;GRM6;GRIA4;CDK5R1
21,GO_Biological_Process_2021,positive regulation of cell projection organization (GO:0031346),10/117,5.8570791492674966e-05,0.0061765561937729,0,0,5.126273233224824,49.95693943189752,PTPRD;ROBO2;NDRG4;PLK5;RIT2;STMN2;MAP6;NDNF;APOE;SLIT2
22,GO_Biological_Process_2021,cardiac right ventricle morphogenesis (GO:0003215),4/13,6.921311163944334e-05,0.0069814964784134,0,0,24.094536525475753,230.78518684478985,TGFB2;JAG1;ISL1;SOX4
23,GO_Biological_Process_2021,neuron projection development (GO:0031175),12/171,7.647146976719306e-05,0.0073922420774953,0,0,4.152009380663042,39.35520634943405,APP;GPM6A;CNTNAP2;STMN1;STMN2;DTNBP1;STMN3;APOE;MAPT;PAK3;CAMSAP2;CDK5R1
24,GO_Biological_Process_2021,negative regulation of smooth muscle cell migration (GO:0014912),4/14,9.55025691855916e-05,0.0084244799671603,0,0,21.683977900552485,200.7146494827651,NDRG4;TPM1;SLIT2;TRIB1
25,GO_Biological_Process_2021,positive regulation of sodium ion transmembrane transporter activity (GO:2000651),4/14,9.55025691855916e-05,0.0084244799671603,0,0,21.683977900552485,200.7146494827651,DMD;ANK3;ATP1B1;DRD4
26,GO_Biological_Process_2021,axon development (GO:0061564),8/79,9.804351685919376e-05,0.0084244799671603,0,0,6.157211424974427,56.83167180623629,APP;NRCAM;ANK3;MAPT;PAK3;ISL1;CAMSAP2;CDK5R1
27,GO_Biological_Process_2021,imitative learning (GO:0098596),3/6,0.00011668606866564278,0.0093348854932514,0,0,54.07988980716254,489.74874773221177,CNTNAP2;NRXN1;NRXN2
28,GO_Biological_Process_2021,vocal learning (GO:0042297),3/6,0.00011668606866564278,0.0093348854932514,0,0,54.07988980716254,489.74874773221177,CNTNAP2;NRXN1;NRXN2
31,GO_Biological_Process_2021,cardiac ventricle morphogenesis (GO:0003208),6/44,0.000141450059430305,0.0102551293086971,0,0,8.594736842105263,76.17999868856869,TGFB2;JAG1;TPM1;PROX1;ISL1;SOX4
30,GO_Biological_Process_2021,ventricular septum morphogenesis (GO:0060412),5/28,0.00013875725766405734,0.0102551293086971,0,0,11.80958689630254,104.9020154246326,ROBO2;TGFB2;SLIT2;PROX1;SOX4
29,GO_Biological_Process_2021,regulation of microtubule polymerization or depolymerization (GO:0031110),5/28,0.00013875725766405734,0.0102551293086971,0,0,11.80958689630254,104.9020154246326,STMN1;STMN2;STMN3;MAPT;CAMSAP2
32,GO_Biological_Process_2021,neuron cell-cell adhesion (GO:0007158),4/16,0.00016867882340828135,0.0118586324335519,0,0,18.06813996316759,156.96722077027485,NRXN1;NRXN3;NRXN2;CDK5R1
33,GO_Biological_Process_2021,chemical synaptic transmission (GO:0007268),16/306,0.00017734041469560192,0.0121008753556998,0,0,3.0493004926108376,26.338148295360128,GABRB3;GABRA1;GRIA2;SLC32A1;NRXN1;NRXN2;LIN7A;NSG1;SLC6A1;GABRG2;RIT2;DLGAP1;APOE;HAP1;DRD4;GRIA4
34,GO_Biological_Process_2021,regulation of long-term synaptic potentiation (GO:1900271),5/30,0.00019524735026499364,0.0129421100747081,0,0,10.86371191135734,92.78960701406324,APP;SCGN;ADCY1;APOE;NSG1
35,GO_Biological_Process_2021,pulmonary valve morphogenesis (GO:0003184),4/17,0.00021740811589528611,0.0132733376020279,0,0,16.677433064173396,140.6530384745756,ROBO2;TGFB2;JAG1;SLIT2
36,GO_Biological_Process_2021,aorta morphogenesis (GO:0035909),4/17,0.00021740811589528611,0.0132733376020279,0,0,16.677433064173396,140.6530384745756,TFAP2B;JAG1;PROX1;MYLK
37,GO_Biological_Process_2021,detection of visible light (GO:0009584),4/17,0.00021740811589528611,0.0132733376020279,0,0,16.677433064173396,140.6530384745756,GNAT2;GRM6;ABCA4;REEP6
38,GO_Biological_Process_2021,regulation of developmental growth (GO:0048638),5/31,0.0002293287084777044,0.0136421180427762,0,0,10.445344129554655,87.53568328985418,APP;OLFM1;NRCAM;APOE;IGF1
39,GO_Biological_Process_2021,negative regulation of cell projection organization (GO:0031345),6/49,0.0002594918678460262,0.0145267636112692,0,0,7.593410852713179,62.6971622978286,PTPRS;STMN2;SPRY2;APOE;YWHAH;ITM2C
40,GO_Biological_Process_2021,neuron projection morphogenesis (GO:0048812),10/140,0.0002601142974666412,0.0145267636112692,0,0,4.2143474503025065,34.78686499715643,APP;GPM6A;CNTNAP2;IMPACT;DTNBP1;MAP6;NRCAM;ANK3;PAK3;ISL1
41,GO_Biological_Process_2021,positive regulation of supramolecular fiber organization (GO:1902905),8/91,0.0002641567228502521,0.0145267636112692,0,0,5.263781382513294,43.36812628423206,APP;PRKCE;STMN2;PROX1;MAPT;APOE;CLU;CDK5R1
42,GO_Biological_Process_2021,pulmonary valve development (GO:0003177),4/18,0.0002755075857309693,0.0145267636112692,0,0,15.485398579321233,126.93219230979147,ROBO2;TGFB2;JAG1;SLIT2
43,GO_Biological_Process_2021,positive regulation of CREB transcription factor activity (GO:0032793),4/18,0.0002755075857309693,0.0145267636112692,0,0,15.485398579321233,126.93219230979147,EPHA5;ADCY1;CD200;VEGFA
44,GO_Biological_Process_2021,regulation of extent of cell growth (GO:0061387),3/8,0.000317914911709457,0.0163456010837162,0,0,32.444628099173556,261.30017032665984,OLFM1;NRCAM;APOE
45,GO_Biological_Process_2021,regulation of axonogenesis (GO:0050770),6/51,0.00032409381459092484,0.0163456010837162,0,0,7.255185185185185,58.29162236723422,ROBO2;CDH2;CHN1;MAP6;SLIT2;PAK3
46,GO_Biological_Process_2021,negative regulation of epithelial cell proliferation (GO:0050680),7/72,0.0003443241567982312,0.0169964264632318,0,0,5.870280694236126,46.80918988982295,CDKN1C;TGFB2;SPARC;FBXW7;MAGED1;APOE;SCG2
47,GO_Biological_Process_2021,regulation of amyloid-beta formation (GO:1902003),5/34,0.0003590486161212647,0.0172564564922755,0,0,9.363358486961506,74.27065350778041,RTN1;APOE;IGF1;HAP1;CLU
48,GO_Biological_Process_2021,neuron differentiation (GO:0030182),11/174,0.0003743281772323038,0.0172564564922755,0,0,3.701391169100493,29.2053742140919,EPHA5;PTPRD;TGFB2;NEUROD4;MYT1L;PAX6;LHX4;SOX4;ITM2C;VEGFA;CDK5R1
49,GO_Biological_Process_2021,positive regulation of synaptic transmission (GO:0050806),7/73,0.0003749511445499998,0.0172564564922755,0,0,5.781041613910695,45.604988664413085,APP;SLC24A1;NRXN1;DTNBP1;HAP1;ADCY1;CACNG4
50,GO_Biological_Process_2021,axon guidance (GO:0007411),12/203,0.0003793445177181254,0.0172564564922755,0,0,3.450705475197444,27.18143390532893,EPHA5;ROBO2;DAB1;KIF5C;NRXN1;BSG;CHN1;LRTM1;NRXN3;SLIT2;VEGFA;CDK5R1
51,GO_Biological_Process_2021,brain development (GO:0007420),10/150,0.0004516217140921446,0.0201492764748802,0,0,3.9113162118780096,30.1275610090968,ROBO2;CNTNAP2;NDRG4;ZFHX3;CDH2;SIX3;NNAT;PROX1;HAP1;CDK5R1
52,GO_Biological_Process_2021,cell morphogenesis involved in neuron differentiation (GO:0048667),7/76,0.0004801137648657185,0.0206271098979345,0,0,5.528844212990998,42.24859378825403,APP;CDHR1;MAP6;NRCAM;ANK3;PAK3;ISL1
53,GO_Biological_Process_2021,chloride transport (GO:0006821),7/76,0.0004801137648657185,0.0206271098979345,0,0,5.528844212990998,42.24859378825403,GABRB3;GABRA1;TTYH1;SLC4A10;SLC6A1;ANO2;GABRG2
54,GO_Biological_Process_2021,regulation of axon extension (GO:0030516),5/38,0.0006100490546560571,0.0252734608357509,0,0,8.226727104843448,60.89399698975392,OLFM1;PTPRS;NRCAM;APOE;MAPT
55,GO_Biological_Process_2021,ventricular septum development (GO:0003281),5/38,0.0006100490546560571,0.0252734608357509,0,0,8.226727104843448,60.89399698975392,ROBO2;TGFB2;SLIT2;PROX1;SOX4
56,GO_Biological_Process_2021,response to histamine (GO:0034776),3/10,0.000662915521353268,0.0265166208541307,0,0,23.17237308146399,169.59542384461926,GABRB3;DRD4;GABRG2
57,GO_Biological_Process_2021,ionotropic glutamate receptor signaling pathway (GO:0035235),3/10,0.000662915521353268,0.0265166208541307,0,0,23.17237308146399,169.59542384461926,APP;GRIA2;CDK5R1
58,GO_Biological_Process_2021,regulation of microtubule polymerization (GO:0031113),5/40,0.0007761775013682454,0.0305208780199038,0,0,7.75583696082311,55.5405515005439,STMN1;STMN2;MAPT;CAMSAP2;CDK5R1
59,GO_Biological_Process_2021,supramolecular fiber organization (GO:0097435),16/351,0.0008003424880493568,0.0309465762045751,0,0,2.63355223880597,18.778467370281916,APP;TGFB2;MARCKSL1;TPM3;COL23A1;TMOD2;TPM1;STMN2;STMN3;MYO5A;CAMSAP2;CCDC88A;MARCKS;STMN1;MYO6;MAPT
64,GO_Biological_Process_2021,inhibitory synapse assembly (GO:1904862),3/11,0.0008991781187740562,0.032093742085474,0,0,20.274793388429753,142.20799717349615,GABRB3;GABRA1;GABRG2
62,GO_Biological_Process_2021,detection of light stimulus involved in sensory perception (GO:0050962),3/11,0.0008991781187740562,0.032093742085474,0,0,20.274793388429753,142.20799717349615,GNAT2;GRM6;REEP6
63,GO_Biological_Process_2021,detection of light stimulus involved in visual perception (GO:0050908),3/11,0.0008991781187740562,0.032093742085474,0,0,20.274793388429753,142.20799717349615,GNAT2;GRM6;REEP6
60,GO_Biological_Process_2021,positive regulation of neuron apoptotic process (GO:0043525),4/24,0.0008772862992755265,0.032093742085474,0,0,10.83646408839779,76.27437233780306,TFAP2B;TGFB2;FBXW7;CDK5R1
61,GO_Biological_Process_2021,atrial septum morphogenesis (GO:0060413),3/11,0.0008991781187740562,0.032093742085474,0,0,20.274793388429753,142.20799717349615,TGFB2;ISL1;SOX4
65,GO_Biological_Process_2021,regulation of rhodopsin mediated signaling pathway (GO:0022400),4/25,0.001029442367127,0.0361864589656786,0,0,10.31991581162852,70.98799719972837,GRK1;GUCA1B;CNGA1;GUCA1A
66,GO_Biological_Process_2021,signal release from synapse (GO:0099643),5/43,0.0010857374646694,0.0370428076181341,0,0,7.142440589007144,48.75069847011449,SLC32A1;NRXN1;NRXN2;LIN7A;CPLX3
67,GO_Biological_Process_2021,positive regulation of neuron differentiation (GO:0045666),5/43,0.0010857374646694,0.0370428076181341,0,0,7.142440589007144,48.75069847011449,IMPACT;PCP4;NRCAM;TCF4;PROX1
68,GO_Biological_Process_2021,cell differentiation in hindbrain (GO:0021533),3/12,0.0011826999869568,0.0377376225626144,0,0,18.021120293847567,121.4615457723229,CEND1;FAIM2;PROX1
69,GO_Biological_Process_2021,positive regulation of sodium ion transmembrane transport (GO:1902307),3/12,0.0011826999869568,0.0377376225626144,0,0,18.021120293847567,121.4615457723229,DMD;ANK3;ATP1B1
70,GO_Biological_Process_2021,negative regulation of cell motility (GO:2000146),8/114,0.0011904169914339,0.0377376225626144,0,0,4.116791398756193,27.72021571426541,JAG1;DUSP3;LIMCH1;TPM1;SPOCK3;ADARB1;SRGAP3;SLIT2
71,GO_Biological_Process_2021,negative regulation of cell development (GO:0010721),4/26,0.0011992136429517,0.0377376225626144,0,0,9.850326469111,66.25417482048981,FBXW7;PAX6;IGF1;APPL2
72,GO_Biological_Process_2021,inorganic anion transmembrane transport (GO:0098661),6/65,0.00119978265884,0.0377376225626144,0,0,5.529661016949152,37.19037028548264,GABRB3;GABRA1;SLC26A2;SLC6A1;ANO2;GABRG2
73,GO_Biological_Process_2021,neurotransmitter secretion (GO:0007269),5/44,0.0012068004742763,0.0377376225626144,0,0,6.958945947865615,46.762604296173144,SLC32A1;NRXN1;NRXN2;LIN7A;CPLX3
74,GO_Biological_Process_2021,regulation of cation channel activity (GO:2001257),7/89,0.001236232463258,0.0377376225626144,0,0,4.649228887832054,31.12978077599905,APP;GRIA2;KCNE2;DMD;ANK3;CACNG4;GRIA4
75,GO_Biological_Process_2021,regulation of endothelial cell migration (GO:0010594),7/89,0.001236232463258,0.0377376225626144,0,0,4.649228887832054,31.12978077599905,SCARB1;SPARC;PROX1;APOE;SLIT2;GLUL;VEGFA
76,GO_Biological_Process_2021,action potential (GO:0001508),5/45,0.0013375608517959,0.0403005347554099,0,0,6.784626038781163,44.893243487624275,KCNE2;DMD;ANK3;SLC4A3;YWHAH
77,GO_Biological_Process_2021,negative regulation of cell migration (GO:0030336),9/144,0.0013601383753576,0.0404553978311514,0,0,3.641269841269841,24.032995736455653,NDRG4;JAG1;DUSP3;LIMCH1;TPM1;ADARB1;SRGAP3;SLIT2;TRIB1
78,GO_Biological_Process_2021,microtubule polymerization or depolymerization (GO:0031109),4/27,0.0013876509571889,0.0407512686161826,0,0,9.42157098246457,61.99528359825242,STMN1;STMN2;STMN3;MAPT
79,GO_Biological_Process_2021,relaxation of cardiac muscle (GO:0055119),3/13,0.0015167478695782,0.04398568821777,0,0,16.21818181818182,105.27524766908168,CHGA;RGS2;ATP1B1
80,GO_Biological_Process_2021,positive regulation of neuron death (GO:1901216),5/47,0.0016300321585151,0.0466873408364826,0,0,6.460889064767181,41.47345180246313,TFAP2B;TGFB2;MAPT;CLU;CDK5R1
81,GO_Biological_Process_2021,kidney development (GO:0001822),6/70,0.0017646784971589,0.0499274891879118,0,0,5.096354166666667,32.30979866894832,ROBO2;TFAP2B;TGFB2;PROX1;SOX4;VEGFA
82,GO_Biological_Process_2021,anterograde trans-synaptic signaling (GO:0098916),12/244,0.0018789374924923,0.0519778859940263,0,0,2.8348918760958504,17.794754721191346,GABRB3;GABRA1;GRIA2;RIT2;NRXN1;NRXN2;DLGAP1;HAP1;SLC6A1;GABRG2;DRD4;GRIA4
83,GO_Biological_Process_2021,aorta development (GO:0035904),3/14,0.0019043622023673,0.0519778859940263,0,0,14.74305033809166,92.34468993462498,ROBO2;TFAP2B;JAG1
84,GO_Biological_Process_2021,neuron fate commitment (GO:0048663),3/14,0.0019043622023673,0.0519778859940263,0,0,14.74305033809166,92.34468993462498,MYT1L;PAX6;ISL1
85,GO_Biological_Process_2021,negative regulation of protein phosphorylation (GO:0001933),9/152,0.0019759405104296,0.0533044416767072,0,0,3.436152083210907,21.395925239441343,IMPACT;DTNBP1;SPRY2;DMD;SLIT2;TRIB1;PPEF2;SAMSN1;YWHAG
86,GO_Biological_Process_2021,regulation of MAP kinase activity (GO:0043405),7/97,0.002035983419435,0.0534989407010288,0,0,4.234230888269885,26.238581718877565,RGS2;UCHL1;SPRY2;APOE;TRIB1;PPEF2;VEGFA
87,GO_Biological_Process_2021,negative regulation of supramolecular fiber organization (GO:1902904),6/72,0.0020397102714662,0.0534989407010288,0,0,4.941414141414142,30.61180120654197,STMN1;STMN2;APOE;SLIT2;CLU;CAMSAP2
88,GO_Biological_Process_2021,artery morphogenesis (GO:0048844),4/30,0.0020753899409881,0.0534989407010288,0,0,8.333191670208246,51.47917669088952,TFAP2B;TGFB2;JAG1;VEGFA
89,GO_Biological_Process_2021,cardiac muscle cell action potential (GO:0086001),4/30,0.0020753899409881,0.0534989407010288,0,0,8.333191670208246,51.47917669088952,KCNE2;DMD;SLC4A3;ATP1B1
90,GO_Biological_Process_2021,chloride transmembrane transport (GO:1902476),5/50,0.0021531910433924,0.0544420735545912,0,0,6.029239766081871,37.02438166794541,GABRB3;GABRA1;SLC6A1;ANO2;GABRG2
91,GO_Biological_Process_2021,regulation of neuron apoptotic process (GO:0043523),7/98,0.0021589098133717,0.0544420735545912,0,0,4.187486608099421,25.703428882785555,TFAP2B;TGFB2;FAIM2;NDNF;APOE;ISL1;CDK5R1
92,GO_Biological_Process_2021,regulation of amyloid fibril formation (GO:1905906),3/15,0.0023483659034539,0.0579596691065238,0,0,13.513774104683195,81.81286888406383,APP;APOE;CLU
93,GO_Biological_Process_2021,"phototransduction, visible light (GO:0007603)",3/15,0.0023483659034539,0.0579596691065238,0,0,13.513774104683195,81.81286888406383,GRK1;ABCA4;CNGA1
94,GO_Biological_Process_2021,cellular response to growth factor stimulus (GO:0071363),9/158,0.0025697858313019,0.062756875038111,0,0,3.2967683717782417,19.661704755032,PLK5;DUSP3;STMN2;SPRY2;NDNF;MAPT;NR3C1;APPL2;VEGFA
95,GO_Biological_Process_2021,cell junction assembly (GO:0034329),7/102,0.0027088888885771,0.0654648148072803,0,0,4.010350388506084,23.706050319245097,GPM6A;CDH2;NRXN1;SPOCK2;DNER;NRXN2;NRCAM
109,GO_Biological_Process_2021,protein localization to axon (GO:0099612),2/5,0.0032199265339722,0.0679111778074148,0,0,35.95421245421245,206.31953536475484,CNTNAP2;ANK3
107,GO_Biological_Process_2021,positive regulation of cardiac muscle contraction (GO:0060452),2/5,0.0032199265339722,0.0679111778074148,0,0,35.95421245421245,206.31953536475484,CHGA;RGS2
106,GO_Biological_Process_2021,striated muscle cell proliferation (GO:0014855),2/5,0.0032199265339722,0.0679111778074148,0,0,35.95421245421245,206.31953536475484,NDRG4;TGFB2
105,GO_Biological_Process_2021,regulation of retinal ganglion cell axon guidance (GO:0090259),2/5,0.0032199265339722,0.0679111778074148,0,0,35.95421245421245,206.31953536475484,SLIT2;VEGFA
104,GO_Biological_Process_2021,cerebellar Purkinje cell differentiation (GO:0021702),2/5,0.0032199265339722,0.0679111778074148,0,0,35.95421245421245,206.31953536475484,CEND1;FAIM2
103,GO_Biological_Process_2021,regulation of heart growth (GO:0060420),2/5,0.0032199265339722,0.0679111778074148,0,0,35.95421245421245,206.31953536475484,BASP1;PROX1
108,GO_Biological_Process_2021,postsynaptic density protein 95 clustering (GO:0097119),2/5,0.0032199265339722,0.0679111778074148,0,0,35.95421245421245,206.31953536475484,NRXN1;NRXN2
101,GO_Biological_Process_2021,cardiac muscle cell proliferation (GO:0060038),2/5,0.0032199265339722,0.0679111778074148,0,0,35.95421245421245,206.31953536475484,NDRG4;TGFB2
100,GO_Biological_Process_2021,axon choice point recognition (GO:0016198),2/5,0.0032199265339722,0.0679111778074148,0,0,35.95421245421245,206.31953536475484,ROBO2;APP
99,GO_Biological_Process_2021,negative regulation of macromolecule metabolic process (GO:0010605),10/194,0.0031403600029133,0.0679111778074148,0,0,2.9692843185149,17.11322619858733,APP;OLFM1;TGFB2;SLC24A3;FBXW7;TET1;APOE;IGF1;MAPT;VEGFA
98,GO_Biological_Process_2021,regulation of insulin secretion (GO:0050796),7/104,0.0030212864057121,0.0679111778074148,0,0,3.9272607184906527,22.786251714087477,EPHA5;CHGA;TFAP2B;NNAT;CACNA2D2;ISL1;SOX4
97,GO_Biological_Process_2021,positive regulation of cell differentiation (GO:0045597),12/258,0.0029723125712424,0.0679111778074148,0,0,2.671627394240044,15.54463686668497,CDS1;OLFM1;PCP4;TGFB2;IMPACT;NEUROD4;CDH2;CTNNA1;NRCAM;TCF4;IGF1;ISL1
102,GO_Biological_Process_2021,regulation of Fc-gamma receptor signaling pathway involved in phagocytosis (GO:1905449),2/5,0.0032199265339722,0.0679111778074148,0,0,35.95421245421245,206.31953536475484,CD47;APPL2
96,GO_Biological_Process_2021,neural tube development (GO:0021915),3/16,0.0028513728896011,0.0679111778074148,0,0,12.47361729179911,73.09483208847139,ARL13B;PROX1;SOX4
110,GO_Biological_Process_2021,ventricular cardiac muscle tissue morphogenesis (GO:0055010),4/34,0.003316202518393,0.0693116202042509,0,0,7.220626151012891,41.22208514225068,TGFB2;TPM1;PROX1;ISL1
111,GO_Biological_Process_2021,reverse cholesterol transport (GO:0043691),3/17,0.0034157963261581,0.0707557810418463,0,0,11.582054309327036,65.77847792662618,SCARB1;APOE;CLU
112,GO_Biological_Process_2021,positive regulation of cell adhesion (GO:0045785),6/80,0.0034737508093035,0.0713194856423386,0,0,4.405405405405405,24.945697731370252,TGFB2;ZFHX3;TPM1;NDNF;CD47;VEGFA
113,GO_Biological_Process_2021,regulation of cell migration (GO:0030334),16/408,0.0036687364431561,0.074458967819074,0,0,2.2439650145772596,12.58394928878773,JAG1;DUSP3;LMO4;LIMCH1;TPM1;ADARB1;IGF1;SYNE2;MYLK;VEGFA;PODXL;SPRY2;SLIT2;SRGAP3;TMSB10;APPL2
114,GO_Biological_Process_2021,negative regulation of Ras protein signal transduction (GO:0046580),4/35,0.003690854008273,0.074458967819074,0,0,6.9873462840848335,39.142397045656296,TGFB2;STMN1;STMN3;SPRY2
115,GO_Biological_Process_2021,regulation of G protein-coupled receptor signaling pathway (GO:0008277),6/82,0.0039268199190812,0.0785363983816245,0,0,4.289035087719299,23.760934259076464,GRK1;RGS2;GUCA1B;CNGA1;GUCA1A;RGS20
116,GO_Biological_Process_2021,microtubule depolymerization (GO:0007019),3/18,0.0040438566181739,0.0798001884946196,0,0,10.809366391184572,59.56562351331454,STMN1;STMN2;STMN3
117,GO_Biological_Process_2021,cyclic-nucleotide-mediated signaling (GO:0019935),4/36,0.0040931993236464,0.0798001884946196,0,0,6.768646408839779,37.21691753555679,EPHA5;ADCY1;APOE;NUDT4
118,GO_Biological_Process_2021,membrane assembly (GO:0071709),4/36,0.0040931993236464,0.0798001884946196,0,0,6.768646408839779,37.21691753555679,PTPRD;NRXN1;NRXN2;ANK3
119,GO_Biological_Process_2021,regulation of neurotransmitter receptor activity (GO:0099601),5/58,0.004135253192392,0.0799482283862458,0,0,5.117075210369519,28.083566560631173,APP;GRIA2;DLGAP1;CACNG4;GRIA4
130,GO_Biological_Process_2021,retinal ganglion cell axon guidance (GO:0031290),2/6,0.0047715547751659,0.0813971108704782,0,0,26.964285714285715,144.12634729579378,ROBO2;SLIT2
132,GO_Biological_Process_2021,spinal cord motor neuron differentiation (GO:0021522),2/6,0.0047715547751659,0.0813971108704782,0,0,26.964285714285715,144.12634729579378,ISL1;SOX4
129,GO_Biological_Process_2021,renal filtration cell differentiation (GO:0061318),2/6,0.0047715547751659,0.0813971108704782,0,0,26.964285714285715,144.12634729579378,BASP1;PROM1
134,GO_Biological_Process_2021,venous blood vessel morphogenesis (GO:0048845),2/6,0.0047715547751659,0.0813971108704782,0,0,26.964285714285715,144.12634729579378,PROX1;VEGFA
135,GO_Biological_Process_2021,postsynaptic density assembly (GO:0097107),2/6,0.0047715547751659,0.0813971108704782,0,0,26.964285714285715,144.12634729579378,NRXN1;NRXN2
133,GO_Biological_Process_2021,magnesium ion homeostasis (GO:0010960),2/6,0.0047715547751659,0.0813971108704782,0,0,26.964285714285715,144.12634729579378,TFAP2B;ANK3
128,GO_Biological_Process_2021,glomerular epithelial cell differentiation (GO:0072311),2/6,0.0047715547751659,0.0813971108704782,0,0,26.964285714285715,144.12634729579378,BASP1;PROM1
131,GO_Biological_Process_2021,inner ear auditory receptor cell differentiation (GO:0042491),2/6,0.0047715547751659,0.0813971108704782,0,0,26.964285714285715,144.12634729579378,SLC4A7;MYO6
126,GO_Biological_Process_2021,axo-dendritic transport (GO:0008088),2/6,0.0047715547751659,0.0813971108704782,0,0,26.964285714285715,144.12634729579378,APP;MAPT
125,GO_Biological_Process_2021,postsynaptic membrane organization (GO:0001941),3/19,0.0047375891516993,0.0813971108704782,0,0,10.133264462809915,54.23553054589257,NRXN1;NRXN2;APOE
124,GO_Biological_Process_2021,negative regulation of protein localization to nucleus (GO:1900181),3/19,0.0047375891516993,0.0813971108704782,0,0,10.133264462809915,54.23553054589257,CTNNA1;OTUD7B;CABP1
127,GO_Biological_Process_2021,erythrose 4-phosphate/phosphoenolpyruvate family amino acid metabolic process (GO:1902221),2/6,0.0047715547751659,0.0813971108704782,0,0,26.964285714285715,144.12634729579378,QDPR;ASRGL1
123,GO_Biological_Process_2021,negative regulation of nervous system development (GO:0051961),3/19,0.0047375891516993,0.0813971108704782,0,0,10.133264462809915,54.23553054589257,ROBO2;PAX6;APPL2
122,GO_Biological_Process_2021,cardiac atrium morphogenesis (GO:0003209),3/19,0.0047375891516993,0.0813971108704782,0,0,10.133264462809915,54.23553054589257,TGFB2;PROX1;ISL1
121,GO_Biological_Process_2021,atrioventricular valve morphogenesis (GO:0003181),3/19,0.0047375891516993,0.0813971108704782,0,0,10.133264462809915,54.23553054589257,OLFM1;TGFB2;SOX4
120,GO_Biological_Process_2021,regulation of cytoskeleton organization (GO:0051493),7/112,0.0045539254944026,0.0813971108704782,0,0,3.6265552460538535,19.55353608309667,EPHA5;CCDC88A;CYLD;STMN3;MAP6;MAPT;PAK3
136,GO_Biological_Process_2021,positive regulation of insulin secretion (GO:0032024),4/38,0.0049846483137585,0.084411562685546,0,0,6.36984075398115,33.7690255340459,NNAT;ISL1;SOX4;C2CD2L
137,GO_Biological_Process_2021,positive regulation of transcription by RNA polymerase II (GO:0045944),28/908,0.0051137726586098,0.0859706707824264,0,0,1.7654384077461,9.3141314784539,APP;ARF4;CASZ1;HLF;RAX;NRL;NR3C1;NR2E3;NHLH2;MYO6;DPF3;SOX4;TFAP2B;TGFB2;ZFHX3;JAG1;AUTS2;ESRRB;TET1;PAX6;IGF1;PROX1;ISL1;VEGFA;ZEB2;NCOA7;TCF4;LHX4
138,GO_Biological_Process_2021,vesicle cytoskeletal trafficking (GO:0099518),4/39,0.0054755377208322,0.0886799475818337,0,0,6.187529597474349,32.2213425422374,SYT4;MYO6;MYO5A;HAP1
139,GO_Biological_Process_2021,negative regulation of protein secretion (GO:0050709),4/39,0.0054755377208322,0.0886799475818337,0,0,6.187529597474349,32.2213425422374,CHGA;APOE;DRD4;CD200
140,GO_Biological_Process_2021,negative regulation of secretion by cell (GO:1903531),4/39,0.0054755377208322,0.0886799475818337,0,0,6.187529597474349,32.2213425422374,CHGA;SYT4;APOE;DRD4
141,GO_Biological_Process_2021,cellular monovalent inorganic cation homeostasis (GO:0030004),3/20,0.0054988517880183,0.0886799475818337,0,0,9.536703937773456,49.62153027169975,TFAP2B;KCNMA1;ATP1B1
142,GO_Biological_Process_2021,positive regulation of heart contraction (GO:0045823),3/20,0.0054988517880183,0.0886799475818337,0,0,9.536703937773456,49.62153027169975,CHGA;TGFB2;RGS2
143,GO_Biological_Process_2021,negative regulation of kinase activity (GO:0033673),5/62,0.0055042726085276,0.0886799475818337,0,0,4.757010254167274,24.747064548553155,CDKN1C;DTNBP1;MAPT;TRIB1;YWHAG
144,GO_Biological_Process_2021,positive regulation of neuron projection development (GO:0010976),6/88,0.005549215508651,0.0887874481384174,0,0,3.9739837398373985,20.641263820653055,NDRG4;PLK5;RIT2;STMN2;NDNF;APOE
145,GO_Biological_Process_2021,regulation of sodium ion transmembrane transporter activity (GO:2000649),4/40,0.005997690437338,0.094512982566183,0,0,6.015346838551259,30.776805136079897,PRKCE;DMD;ANK3;YWHAH
159,GO_Biological_Process_2021,positive regulation of cardiac epithelial to mesenchymal transition (GO:0062043),2/7,0.006599613437811,0.094512982566183,0,0,21.57032967032967,108.29910762092877,TGFB2;JAG1
158,GO_Biological_Process_2021,negative regulation of catecholamine secretion (GO:0033604),2/7,0.006599613437811,0.094512982566183,0,0,21.57032967032967,108.29910762092877,CHGA;SYT4
157,GO_Biological_Process_2021,vascular wound healing (GO:0061042),2/7,0.006599613437811,0.094512982566183,0,0,21.57032967032967,108.29910762092877,NDNF;VEGFA
156,GO_Biological_Process_2021,glomerular visceral epithelial cell development (GO:0072015),2/7,0.006599613437811,0.094512982566183,0,0,21.57032967032967,108.29910762092877,JAG1;PODXL
155,GO_Biological_Process_2021,glomerular epithelial cell development (GO:0072310),2/7,0.006599613437811,0.094512982566183,0,0,21.57032967032967,108.29910762092877,JAG1;PODXL
154,GO_Biological_Process_2021,glandular epithelial cell development (GO:0002068),2/7,0.006599613437811,0.094512982566183,0,0,21.57032967032967,108.29910762092877,CDH2;PAX6
160,GO_Biological_Process_2021,positive regulation of membrane depolarization (GO:1904181),2/7,0.006599613437811,0.094512982566183,0,0,21.57032967032967,108.29910762092877,MLLT11;ANK3
153,GO_Biological_Process_2021,cellular response to histamine (GO:0071420),2/7,0.006599613437811,0.094512982566183,0,0,21.57032967032967,108.29910762092877,GABRB3;GABRG2
151,GO_Biological_Process_2021,positive regulation of purine nucleotide metabolic process (GO:1900544),3/21,0.0063293321223739,0.094512982566183,0,0,9.006427915518824,45.595586736152875,PFKFB2;APP;IGF1
150,GO_Biological_Process_2021,positive regulation of glycolytic process (GO:0045821),3/21,0.0063293321223739,0.094512982566183,0,0,9.006427915518824,45.595586736152875,PFKFB2;APP;IGF1
149,GO_Biological_Process_2021,negative regulation of small GTPase mediated signal transduction (GO:0051058),3/21,0.0063293321223739,0.094512982566183,0,0,9.006427915518824,45.595586736152875,TGFB2;SPRY2;SLIT2
148,GO_Biological_Process_2021,actin filament-based transport (GO:0099515),3/21,0.0063293321223739,0.094512982566183,0,0,9.006427915518824,45.595586736152875,MYO6;MYO5A;SYNE2
147,GO_Biological_Process_2021,positive regulation of binding (GO:0051099),6/90,0.0061853667196147,0.094512982566183,0,0,3.878968253968254,19.72676063889808,APP;VTN;STMN1;APOE;IGF1;NME1
146,GO_Biological_Process_2021,negative regulation of protein kinase activity (GO:0006469),6/90,0.0061853667196147,0.094512982566183,0,0,3.878968253968254,19.72676063889808,CDKN1C;DUSP3;DTNBP1;ADARB1;TRIB1;YWHAG
152,GO_Biological_Process_2021,visual system development (GO:0150063),4/41,0.0065519423182901,0.094512982566183,0,0,5.852471255786173,29.426188815090153,SIX6;TGFB2;SIX3;PAX6
161,GO_Biological_Process_2021,positive regulation of striated muscle contraction (GO:0045989),2/7,0.006599613437811,0.094512982566183,0,0,21.57032967032967,108.29910762092877,CHGA;RGS2
162,GO_Biological_Process_2021,actin filament organization (GO:0007015),8/152,0.0069936174065259,0.0995410575652766,0,0,3.0245189323401616,15.009953546369664,MARCKSL1;MARCKS;TPM3;TMOD2;TPM1;MYO6;MYO5A;PROX1
163,GO_Biological_Process_2021,potassium ion transport (GO:0006813),7/122,0.0072188198246704,0.1011412386421754,0,0,3.3095070848976627,16.31939057763258,SLC24A1;KCNV2;KCNE2;SLC24A3;KCNC1;KCNMA1;KCNJ14
164,GO_Biological_Process_2021,microglial cell activation (GO:0001774),3/22,0.0072305545099065,0.1011412386421754,0,0,8.531970421922574,42.05783243770793,APP;MAPT;CLU
165,GO_Biological_Process_2021,regulation of epithelial cell proliferation (GO:0050678),6/93,0.0072368300062935,0.1011412386421754,0,0,3.7446360153256704,18.45570826363508,CDKN1C;TGFB2;MAGED1;IGF1;NME1;VEGFA
166,GO_Biological_Process_2021,negative regulation of MAPK cascade (GO:0043409),6/94,0.0076143796264415,0.1051509567460982,0,0,3.701893939393939,18.056790124002415,RGS2;UCHL1;DUSP3;SPRY2;APOE;PPEF2
167,GO_Biological_Process_2021,positive regulation of epithelial cell migration (GO:0010634),6/94,0.0076143796264415,0.1051509567460982,0,0,3.701893939393939,18.056790124002415,SCARB1;TGFB2;SPARC;PRKCE;PROX1;VEGFA
168,GO_Biological_Process_2021,positive regulation of axonogenesis (GO:0050772),4/43,0.0077599648464233,0.1065273280692442,0,0,5.551777872219861,26.974853271175387,ROBO2;MAP6;SLIT2;MAPT
169,GO_Biological_Process_2021,cytoskeleton-dependent intracellular transport (GO:0030705),3/23,0.0082038868664192,0.1100542879134042,0,0,8.10495867768595,38.92930981322514,CCDC88A;KIF5C;MAP6
170,GO_Biological_Process_2021,regulation of neural precursor cell proliferation (GO:2000177),3/23,0.0082038868664192,0.1100542879134042,0,0,8.10495867768595,38.92930981322514,SIX3;PROX1;APPL2
171,GO_Biological_Process_2021,regulation of supramolecular fiber organization (GO:1902903),3/23,0.0082038868664192,0.1100542879134042,0,0,8.10495867768595,38.92930981322514,APOE;MAPT;CAMSAP2
172,GO_Biological_Process_2021,regulation of protein secretion (GO:0050708),7/125,0.0082066344004391,0.1100542879134042,0,0,3.2248713469619,15.48845202461637,TFAP2B;TGFB2;CACNA2D2;APOE;IGF1;DRD4;LLGL2
173,GO_Biological_Process_2021,positive regulation of stress fiber assembly (GO:0051496),4/44,0.0084152830427921,0.1122037739038951,0,0,5.412707182320442,25.86032258743129,CCDC88A;LIMCH1;TPM1;CD47
174,GO_Biological_Process_2021,regulation of Cdc42 protein signal transduction (GO:0032489),2/8,0.0086935213887101,0.1126758079430595,0,0,17.974358974358974,85.29151836617663,RIT2;APOE
175,GO_Biological_Process_2021,negative regulation of long-term synaptic potentiation (GO:1900272),2/8,0.0086935213887101,0.1126758079430595,0,0,17.974358974358974,85.29151836617663,APP;APOE
176,GO_Biological_Process_2021,negative regulation of phospholipase activity (GO:0010519),2/8,0.0086935213887101,0.1126758079430595,0,0,17.974358974358974,85.29151836617663,RGS2;PLA2R1
177,GO_Biological_Process_2021,neuron fate specification (GO:0048665),2/8,0.0086935213887101,0.1126758079430595,0,0,17.974358974358974,85.29151836617663,MYT1L;ISL1
178,GO_Biological_Process_2021,postsynaptic density organization (GO:0097106),2/8,0.0086935213887101,0.1126758079430595,0,0,17.974358974358974,85.29151836617663,NRXN1;NRXN2
179,GO_Biological_Process_2021,calcium ion homeostasis (GO:0055074),6/97,0.0088321364683726,0.113836425592359,0,0,3.5793040293040295,16.927811355171315,TFAP2B;SLC24A1;SLC24A3;ATP2B1;ATP1B1;DRD4
180,GO_Biological_Process_2021,positive regulation of carbohydrate metabolic process (GO:0045913),3/24,0.0092505472549159,0.1179190639088182,0,0,7.7186147186147185,36.14683284023757,PFKFB2;APP;IGF1
181,GO_Biological_Process_2021,potassium ion homeostasis (GO:0055075),3/24,0.0092505472549159,0.1179190639088182,0,0,7.7186147186147185,36.14683284023757,TFAP2B;KCNMA1;ATP1B1
182,GO_Biological_Process_2021,"regulation of synaptic transmission, glutamatergic (GO:0051966)",4/46,0.0098322068519066,0.1246487426034072,0,0,5.154433043935806,23.824263058071963,CDH2;GRM6;NRXN1;CACNG4
183,GO_Biological_Process_2021,protein localization to membrane (GO:0072657),9/195,0.0099649625781414,0.1256451803330883,0,0,2.6359447004608296,12.148225834719128,RAB3C;DPP6;NRXN1;BSG;MYO5A;NRXN2;LIN7A;ANK3;ATP1B1
187,GO_Biological_Process_2021,ventricular cardiac muscle tissue development (GO:0003229),3/25,0.0103716102510084,0.1273128877372469,0,0,7.367392937640871,33.65928278781203,TPM1;PROX1;ISL1
186,GO_Biological_Process_2021,positive regulation of protein secretion (GO:0050714),5/72,0.0102694853328311,0.1273128877372469,0,0,4.044941497498656,18.52008164814344,TGFB2;NNAT;IGF1;ISL1;SOX4
188,GO_Biological_Process_2021,outflow tract septum morphogenesis (GO:0003148),3/25,0.0103716102510084,0.1273128877372469,0,0,7.367392937640871,33.65928278781203,ROBO2;TGFB2;ISL1
184,GO_Biological_Process_2021,cell junction organization (GO:0034330),5/72,0.0102694853328311,0.1273128877372469,0,0,4.044941497498656,18.52008164814344,APP;TGFB2;MAPT;SLC6A1;PAK3
185,GO_Biological_Process_2021,positive regulation of neurogenesis (GO:0050769),5/72,0.0102694853328311,0.1273128877372469,0,0,4.044941497498656,18.52008164814344,ROBO2;PTPRD;MAP6;SLIT2;VEGFA
189,GO_Biological_Process_2021,regulation of synapse assembly (GO:0051963),4/47,0.0105952017214829,0.1293729894412651,0,0,5.034305537710394,22.89276966644945,ROBO2;PTPRD;APP;NRXN1
190,GO_Biological_Process_2021,epithelial cell differentiation (GO:0030855),6/101,0.0106646800739272,0.1295395694843522,0,0,3.4278947368421053,15.56544586697498,CPT1A;JAG1;BASP1;SIX3;PROX1;VEGFA
191,GO_Biological_Process_2021,neurotransmitter transport (GO:0006836),5/73,0.0108636551278634,0.1312691661283495,0,0,3.9852533811308457,18.02264069955129,SLC32A1;NRXN1;NRXN2;LIN7A;GLUL
192,GO_Biological_Process_2021,L-phenylalanine metabolic process (GO:0006558),2/9,0.0110429903113149,0.1313832693448753,0,0,15.405808477237048,69.41794772715501,QDPR;ASRGL1
193,GO_Biological_Process_2021,neuronal ion channel clustering (GO:0045161),2/9,0.0110429903113149,0.1313832693448753,0,0,15.405808477237048,69.41794772715501,CNTNAP2;NRCAM
194,GO_Biological_Process_2021,postsynaptic membrane assembly (GO:0097104),2/9,0.0110429903113149,0.1313832693448753,0,0,15.405808477237048,69.41794772715501,NRXN1;NRXN2
199,GO_Biological_Process_2021,positive regulation of microtubule polymerization or depolymerization (GO:0031112),3/26,0.0115680131186227,0.1341889521760242,0,0,7.046712181099533,31.424893864502405,STMN2;MAPT;CDK5R1
198,GO_Biological_Process_2021,positive regulation of ion transmembrane transporter activity (GO:0032414),3/26,0.0115680131186227,0.1341889521760242,0,0,7.046712181099533,31.424893864502405,DMD;ANK3;ATP1B1
195,GO_Biological_Process_2021,negative regulation of MAP kinase activity (GO:0043407),4/48,0.0113954326047371,0.1341889521760242,0,0,4.9196383726770465,22.013131733763977,RGS2;UCHL1;SPRY2;APOE
196,GO_Biological_Process_2021,positive regulation of endocytosis (GO:0045807),4/48,0.0113954326047371,0.1341889521760242,0,0,4.9196383726770465,22.013131733763977,VTN;APOE;CLU;APPL2
197,GO_Biological_Process_2021,regulation of stress fiber assembly (GO:0051492),5/74,0.0114808816098567,0.1341889521760242,0,0,3.9272953550925367,17.54351149252457,CCDC88A;LIMCH1;STMN1;TPM1;CD47
200,GO_Biological_Process_2021,cellular metal ion homeostasis (GO:0006875),6/104,0.0122051671702291,0.1408755613678189,0,0,3.3224489795918366,14.638364265267276,SLC24A1;SLC24A3;KCNMA1;ATP2B1;ATP1B1;DRD4
201,GO_Biological_Process_2021,protein localization to plasma membrane (GO:0072659),7/136,0.0126900551897413,0.1457471685158417,0,0,2.948219645440608,12.874688416593926,RAB3C;CCDC88A;DPP6;BSG;MYO5A;ANK3;ATP1B1
202,GO_Biological_Process_2021,response to glucocorticoid (GO:0051384),3/27,0.0128405617598853,0.1460299180535978,0,0,6.752754820936639,29.409234706644472,SLIT2;NR3C1;ISL1
203,GO_Biological_Process_2021,negative regulation of protein polymerization (GO:0032272),3/27,0.0128405617598853,0.1460299180535978,0,0,6.752754820936639,29.409234706644472,STMN1;STMN2;SLIT2
204,GO_Biological_Process_2021,positive regulation of ion transport (GO:0043270),4/50,0.0131100782448826,0.1483677147713551,0,0,4.705260629353831,20.394359395738697,ANK3;ATP2B1;DRD4;MYLK
205,GO_Biological_Process_2021,inorganic cation import across plasma membrane (GO:0098659),5/77,0.0134747816425786,0.1492462303529135,0,0,3.7630809479839953,16.207346423570847,SLC24A1;KCNE2;KCNJ14;SLC6A1;ATP1B1
206,GO_Biological_Process_2021,aromatic amino acid family metabolic process (GO:0009072),2/10,0.0136380176012145,0.1492462303529135,0,0,13.479395604395604,57.8925749583042,QDPR;ASRGL1
207,GO_Biological_Process_2021,smooth muscle tissue development (GO:0048745),2/10,0.0136380176012145,0.1492462303529135,0,0,13.479395604395604,57.8925749583042,PROX1;MYLK
208,GO_Biological_Process_2021,negative regulation of delayed rectifier potassium channel activity (GO:1902260),2/10,0.0136380176012145,0.1492462303529135,0,0,13.479395604395604,57.8925749583042,KCNE2;ANK3
209,GO_Biological_Process_2021,negative regulation of leukocyte migration (GO:0002686),2/10,0.0136380176012145,0.1492462303529135,0,0,13.479395604395604,57.8925749583042,SLIT2;CD200
210,GO_Biological_Process_2021,neuron projection fasciculation (GO:0106030),2/10,0.0136380176012145,0.1492462303529135,0,0,13.479395604395604,57.8925749583042,NRCAM;CDK5R1
211,GO_Biological_Process_2021,positive regulation of vascular endothelial growth factor receptor signaling pathway (GO:0030949),2/10,0.0136380176012145,0.1492462303529135,0,0,13.479395604395604,57.8925749583042,VTN;PRKCB
216,GO_Biological_Process_2021,protein depolymerization (GO:0051261),3/28,0.0141899364945486,0.1517080768080774,0,0,6.482314049586777,27.583687060769932,STMN1;STMN2;STMN3
215,GO_Biological_Process_2021,positive regulation of response to wounding (GO:1903036),3/28,0.0141899364945486,0.1517080768080774,0,0,6.482314049586777,27.583687060769932,VTN;PRKCE;MYLK
212,GO_Biological_Process_2021,positive regulation of actin filament bundle assembly (GO:0032233),4/51,0.0140256608106204,0.1517080768080774,0,0,4.604913600564241,19.648552554167058,CCDC88A;LIMCH1;TPM1;CD47
213,GO_Biological_Process_2021,potassium ion transmembrane transport (GO:0071805),7/139,0.0141700086097051,0.1517080768080774,0,0,2.8807715033341776,12.26237154131434,SLC24A1;KCNV2;KCNE2;SLC24A3;KCNC1;KCNJ14;ATP1B1
214,GO_Biological_Process_2021,negative regulation of protein serine/threonine kinase activity (GO:0071901),5/78,0.014188072906159,0.1517080768080774,0,0,3.7113421621826737,15.79307324368389,CDKN1C;RGS2;UCHL1;SPRY2;APOE
217,GO_Biological_Process_2021,protein localization to cell periphery (GO:1990778),7/140,0.0146896445127887,0.1563301617874766,0,0,2.8589649611493915,12.066583218795715,RAB3C;DPP6;BSG;MYO5A;LIN7A;ANK3;ATP1B1
218,GO_Biological_Process_2021,regulation of ion transport (GO:0043269),5/79,0.014926296592144,0.1581233246291055,0,0,3.66100172194355,15.393160414536952,SYT4;KCNJ14;DTNBP1;ANK3;YWHAH
219,GO_Biological_Process_2021,regulation of intracellular signal transduction (GO:1902531),15/437,0.0152248517102282,0.1605529816714976,0,0,1.9455583910560217,8.141823738871643,ARHGEF26;WWC2;RPA1;VEGFA;CYLD;ARHGAP10;ARHGEF9;RIT2;CCNG1;CHN1;MAPT;SRGAP3;PAK3;IER3;CDK5R1
220,GO_Biological_Process_2021,regulation of neuronal synaptic plasticity (GO:0048168),3/29,0.0156166976382868,0.163230217399727,0,0,6.2326764144945965,25.92428512423474,APP;SLC4A10;APOE
221,GO_Biological_Process_2021,regulation of organelle organization (GO:0033043),5/80,0.0156898010690254,0.163230217399727,0,0,3.612003693444137,15.00695208617169,ZEB2;STMN3;MYO5A;MAPT;CAMSAP2
222,GO_Biological_Process_2021,negative regulation of cellular component organization (GO:0051129),5/80,0.0156898010690254,0.163230217399727,0,0,3.612003693444137,15.00695208617169,IMPACT;SPRY2;CLU;ISL1;VEGFA
229,GO_Biological_Process_2021,"synaptic transmission, GABAergic (GO:0051932)",2/11,0.0164688794085017,0.1633807975242019,0,0,11.98107448107448,49.19767977301533,GABRA1;GABRG2
232,GO_Biological_Process_2021,postsynapse assembly (GO:0099068),2/11,0.0164688794085017,0.1633807975242019,0,0,11.98107448107448,49.19767977301533,NRXN1;NRXN2
231,GO_Biological_Process_2021,positive regulation of phospholipid transport (GO:2001140),2/11,0.0164688794085017,0.1633807975242019,0,0,11.98107448107448,49.19767977301533,DBI;APOE
233,GO_Biological_Process_2021,negative regulation of protein modification process (GO:0031400),5/81,0.0164789252675272,0.1633807975242019,0,0,3.564295086747339,14.63382999824265,IMPACT;DBI;DMD;MAPT;SLIT2
228,GO_Biological_Process_2021,induction of positive chemotaxis (GO:0050930),2/11,0.0164688794085017,0.1633807975242019,0,0,11.98107448107448,49.19767977301533,SCG2;VEGFA
230,GO_Biological_Process_2021,negative regulation of voltage-gated potassium channel activity (GO:1903817),2/11,0.0164688794085017,0.1633807975242019,0,0,11.98107448107448,49.19767977301533,KCNE2;ANK3
226,GO_Biological_Process_2021,cell differentiation in spinal cord (GO:0021515),2/11,0.0164688794085017,0.1633807975242019,0,0,11.98107448107448,49.19767977301533,ISL1;SOX4
225,GO_Biological_Process_2021,axonal transport of mitochondrion (GO:0019896),2/11,0.0164688794085017,0.1633807975242019,0,0,11.98107448107448,49.19767977301533,HAP1;MAPT
224,GO_Biological_Process_2021,angiogenesis involved in wound healing (GO:0060055),2/11,0.0164688794085017,0.1633807975242019,0,0,11.98107448107448,49.19767977301533,NDNF;VEGFA
223,GO_Biological_Process_2021,heart morphogenesis (GO:0003007),4/53,0.0159760529568397,0.1633807975242019,0,0,4.416506934265419,18.269606866439982,OLFM1;TGFB2;ISL1;VEGFA
227,GO_Biological_Process_2021,rhodopsin mediated signaling pathway (GO:0016056),2/11,0.0164688794085017,0.1633807975242019,0,0,11.98107448107448,49.19767977301533,GRK1;CNGA1
234,GO_Biological_Process_2021,cytoplasmic microtubule organization (GO:0031122),4/54,0.0170118603609519,0.167600822273968,0,0,4.327955801104973,17.631418979386808,CCDC88A;STMN3;MAPT;CAMSAP2
235,GO_Biological_Process_2021,regulation of catecholamine secretion (GO:0050433),3/30,0.0171212908960907,0.167600822273968,0,0,6.00153045607591,24.410820076608605,CHGA;SYT4;DTNBP1
236,GO_Biological_Process_2021,ion homeostasis (GO:0050801),3/30,0.0171212908960907,0.167600822273968,0,0,6.00153045607591,24.410820076608605,SLC4A7;SLC4A10;SLC4A3
237,GO_Biological_Process_2021,"positive regulation of transcription, DNA-templated (GO:0045893)",32/1183,0.0177474070370146,0.1729999341423274,0,0,1.538511161863935,6.202532143923598,CDKN1C;APP;ARF4;CASZ1;HLF;RAX;NRL;NR3C1;NR2E3;NHLH2;HMGN5;MYO6;DPF3;APOE;SOX4;YWHAH;TFAP2B;ZFHX3;JAG1;AUTS2;ESRRB;TET1;PAX6;IGF1;PROX1;ISL1;VEGFA;MLLT11;ZEB2;NCOA7;TCF4;LHX4
238,GO_Biological_Process_2021,regulated exocytosis (GO:0045055),8/180,0.0180441493787973,0.1751565964803761,0,0,2.5285176042614004,10.1518307449108,APP;SYT4;TGFB2;SPARC;IGF1;CLU;CPLX3;VEGFA
253,GO_Biological_Process_2021,negative regulation of microtubule polymerization (GO:0031115),2/12,0.0195261238343727,0.1776494403754694,0,0,10.782417582417583,42.43961745145137,STMN1;STMN2
252,GO_Biological_Process_2021,negative regulation of hemostasis (GO:1900047),2/12,0.0195261238343727,0.1776494403754694,0,0,10.782417582417583,42.43961745145137,VTN;APOE
251,GO_Biological_Process_2021,negative regulation of glucose transmembrane transport (GO:0010829),2/12,0.0195261238343727,0.1776494403754694,0,0,10.782417582417583,42.43961745145137,PRKCB;APPL2
250,GO_Biological_Process_2021,negative regulation of amyloid fibril formation (GO:1905907),2/12,0.0195261238343727,0.1776494403754694,0,0,10.782417582417583,42.43961745145137,APOE;CLU
249,GO_Biological_Process_2021,mitochondrion distribution (GO:0048311),2/12,0.0195261238343727,0.1776494403754694,0,0,10.782417582417583,42.43961745145137,HAP1;MAPT
248,GO_Biological_Process_2021,eye photoreceptor cell differentiation (GO:0001754),2/12,0.0195261238343727,0.1776494403754694,0,0,10.782417582417583,42.43961745145137,PROM1;VEGFA
254,GO_Biological_Process_2021,negative regulation of vascular permeability (GO:0043116),2/12,0.0195261238343727,0.1776494403754694,0,0,10.782417582417583,42.43961745145137,SLIT2;VEGFA
247,GO_Biological_Process_2021,axonal fasciculation (GO:0007413),2/12,0.0195261238343727,0.1776494403754694,0,0,10.782417582417583,42.43961745145137,NRCAM;CDK5R1
245,GO_Biological_Process_2021,positive regulation of transferase activity (GO:0051347),7/148,0.0193454581678846,0.1776494403754694,0,0,2.695647879254825,10.635133127509487,EPHA5;POLG2;FBXW7;LMO4;DBI;DRD4;CD200
244,GO_Biological_Process_2021,sensory organ development (GO:0007423),4/56,0.019206979066464,0.1776494403754694,0,0,4.161070973225669,16.4465563454157,SIX6;TGFB2;SIX3;PAX6
243,GO_Biological_Process_2021,positive regulation of proteolysis involved in cellular protein catabolic process (GO:1903052),3/31,0.0187040525830308,0.1776494403754694,0,0,5.78689492325856,23.026142067244415,KCNE2;FBXW7;CLU
242,GO_Biological_Process_2021,regulation of potassium ion transport (GO:0043266),3/31,0.0187040525830308,0.1776494403754694,0,0,5.78689492325856,23.026142067244415,DPP6;KCNE2;ANK3
241,GO_Biological_Process_2021,regulation of cellular pH (GO:0030641),3/31,0.0187040525830308,0.1776494403754694,0,0,5.78689492325856,23.026142067244415,SLC4A7;SLC4A10;SLC4A3
240,GO_Biological_Process_2021,positive regulation of cellular component organization (GO:0051130),6/114,0.0184622113687917,0.1776494403754694,0,0,3.0132716049382715,12.029068429171245,TGFB2;NRXN1;ASAP1;APOE;CLU;VEGFA
239,GO_Biological_Process_2021,activation of protein kinase activity (GO:0032147),6/114,0.0184622113687917,0.1776494403754694,0,0,3.0132716049382715,12.029068429171245,CCDC88A;TGFB2;IGF1;ADCY1;PAK3;VEGFA
246,GO_Biological_Process_2021,protein localization to synapse (GO:0035418),2/12,0.0195261238343727,0.1776494403754694,0,0,10.782417582417583,42.43961745145137,NRXN1;NRXN2
261,GO_Biological_Process_2021,positive regulation of cell junction assembly (GO:1901890),4/57,0.0203671176650532,0.1803500495531436,0,0,4.082351714792036,15.895998101680814,PTPRD;CNTNAP2;NRXN1;VEGFA
255,GO_Biological_Process_2021,aortic valve morphogenesis (GO:0003180),3/32,0.0203652146631027,0.1803500495531436,0,0,5.587061840980336,21.755610937348408,ROBO2;JAG1;SLIT2
256,GO_Biological_Process_2021,cardiac muscle tissue morphogenesis (GO:0055008),3/32,0.0203652146631027,0.1803500495531436,0,0,5.587061840980336,21.755610937348408,TPM1;PROX1;ISL1
257,GO_Biological_Process_2021,regulation of NMDA receptor activity (GO:2000310),3/32,0.0203652146631027,0.1803500495531436,0,0,5.587061840980336,21.755610937348408,APP;GRIA2;GRIA4
258,GO_Biological_Process_2021,negative regulation of chemotaxis (GO:0050922),3/32,0.0203652146631027,0.1803500495531436,0,0,5.587061840980336,21.755610937348408,ROBO2;DUSP3;SLIT2
259,GO_Biological_Process_2021,negative regulation of microtubule polymerization or depolymerization (GO:0031111),3/32,0.0203652146631027,0.1803500495531436,0,0,5.587061840980336,21.755610937348408,STMN1;STMN2;CAMSAP2
260,GO_Biological_Process_2021,renal system development (GO:0072001),4/57,0.0203671176650532,0.1803500495531436,0,0,4.082351714792036,15.895998101680814,TFAP2B;TGFB2;PROX1;VEGFA
263,GO_Biological_Process_2021,negative regulation of cellular amide metabolic process (GO:0034249),5/86,0.0208200213948828,0.1829638243792735,0,0,3.3434219075954994,12.945195307882376,RTN1;HAP1;APOE;IGF1;CLU
262,GO_Biological_Process_2021,regulation of neuron death (GO:1901214),5/86,0.0208200213948828,0.1829638243792735,0,0,3.3434219075954994,12.945195307882376,CHGA;FAIM2;MAPT;CLU;CD200
264,GO_Biological_Process_2021,eye development (GO:0001654),4/58,0.0215694801597081,0.1881247893628679,0,0,4.006547984448537,15.371024860751351,SIX6;TGFB2;SIX3;PAX6
265,GO_Biological_Process_2021,negative regulation of neuron projection development (GO:0010977),4/58,0.0215694801597081,0.1881247893628679,0,0,4.006547984448537,15.371024860751351,PTPRS;STMN2;APOE;ITM2C
266,GO_Biological_Process_2021,muscle cell development (GO:0055001),3/33,0.0221049096346314,0.1906445738005385,0,0,5.400550964187328,20.586660165463833,DMD;IGF1;VEGFA
267,GO_Biological_Process_2021,negative regulation of smooth muscle cell proliferation (GO:0048662),3/33,0.0221049096346314,0.1906445738005385,0,0,5.400550964187328,20.586660165463833,NDRG4;TPM1;TRIB1
268,GO_Biological_Process_2021,positive regulation of ATP metabolic process (GO:1903580),3/33,0.0221049096346314,0.1906445738005385,0,0,5.400550964187328,20.586660165463833,PFKFB2;APP;IGF1
277,GO_Biological_Process_2021,extracellular matrix organization (GO:0030198),11/300,0.0228719277127404,0.1908736413437335,0,0,2.074126419416151,7.835728090769577,APP;VTN;TGFB2;SPARC;CAPNS1;SPOCK2;BSG;COL23A1;HTRA1;NDNF;CD47
275,GO_Biological_Process_2021,positive regulation of lipid transport (GO:0032370),2/13,0.0228005642891311,0.1908736413437335,0,0,9.801698301698302,37.05992716704788,DBI;APOE
274,GO_Biological_Process_2021,negative regulation of stem cell differentiation (GO:2000737),2/13,0.0228005642891311,0.1908736413437335,0,0,9.801698301698302,37.05992716704788,JAG1;ESRRB
273,GO_Biological_Process_2021,negative regulation of locomotion (GO:0040013),2/13,0.0228005642891311,0.1908736413437335,0,0,9.801698301698302,37.05992716704788,DUSP3;SPOCK3
276,GO_Biological_Process_2021,regulation of secretion by cell (GO:1903530),4/59,0.0228144096864485,0.1908736413437335,0,0,3.933500753390256,14.870060468096092,RAB3C;HAP1;LLGL2;CPLX3
271,GO_Biological_Process_2021,regulation of platelet-derived growth factor receptor signaling pathway (GO:0010640),2/13,0.0228005642891311,0.1908736413437335,0,0,9.801698301698302,37.05992716704788,IFT20;NDRG4
270,GO_Biological_Process_2021,cellular potassium ion homeostasis (GO:0030007),2/13,0.0228005642891311,0.1908736413437335,0,0,9.801698301698302,37.05992716704788,KCNMA1;ATP1B1
269,GO_Biological_Process_2021,cardiac cell development (GO:0055006),2/13,0.0228005642891311,0.1908736413437335,0,0,9.801698301698302,37.05992716704788,JAG1;VEGFA
272,GO_Biological_Process_2021,negative regulation of alcohol biosynthetic process (GO:1902931),2/13,0.0228005642891311,0.1908736413437335,0,0,9.801698301698302,37.05992716704788,APOE;DKK3
278,GO_Biological_Process_2021,negative regulation of cell population proliferation (GO:0008285),13/379,0.0230087465633577,0.191327211566272,0,0,1.9387606619297513,7.312774213426914,CDKN1C;APP;TFAP2B;TGFB2;NDRG4;MAGED1;ADARB1;PROX1;NME1;TRIB1;CD200;SOX4;APPL2
279,GO_Biological_Process_2021,cardiac muscle contraction (GO:0060048),3/34,0.0239231752246922,0.1968147748981777,0,0,5.226073047187417,19.508447875448574,TPM1;DMD;ATP1B1
280,GO_Biological_Process_2021,negative regulation of mitochondrion organization (GO:0010823),3/34,0.0239231752246922,0.1968147748981777,0,0,5.226073047187417,19.508447875448574,IGF1;MAPT;CLU
281,GO_Biological_Process_2021,positive regulation of epidermal growth factor receptor signaling pathway (GO:0045742),3/34,0.0239231752246922,0.1968147748981777,0,0,5.226073047187417,19.508447875448574,CCDC88A;FBXW7;HAP1
291,GO_Biological_Process_2021,synaptic membrane adhesion (GO:0099560),2/14,0.0262832729854002,0.2046214541145254,0,0,8.984432234432234,32.6927546162681,PTPRD;PTPRS
297,GO_Biological_Process_2021,positive regulation of long-term synaptic potentiation (GO:1900273),2/14,0.0262832729854002,0.2046214541145254,0,0,8.984432234432234,32.6927546162681,APP;ADCY1
296,GO_Biological_Process_2021,pancreas development (GO:0031016),2/14,0.0262832729854002,0.2046214541145254,0,0,8.984432234432234,32.6927546162681,PROX1;ISL1
294,GO_Biological_Process_2021,negative regulation of coagulation (GO:0050819),2/14,0.0262832729854002,0.2046214541145254,0,0,8.984432234432234,32.6927546162681,VTN;APOE
293,GO_Biological_Process_2021,negative regulation of cell activation (GO:0050866),2/14,0.0262832729854002,0.2046214541145254,0,0,8.984432234432234,32.6927546162681,APOE;CD200
292,GO_Biological_Process_2021,membrane repolarization during action potential (GO:0086011),2/14,0.0262832729854002,0.2046214541145254,0,0,8.984432234432234,32.6927546162681,KCNE2;ATP1B1
290,GO_Biological_Process_2021,relaxation of muscle (GO:0090075),2/14,0.0262832729854002,0.2046214541145254,0,0,8.984432234432234,32.6927546162681,RGS2;ATP1B1
295,GO_Biological_Process_2021,negative regulation of neuroinflammatory response (GO:0150079),2/14,0.0262832729854002,0.2046214541145254,0,0,8.984432234432234,32.6927546162681,IGF1;CD200
288,GO_Biological_Process_2021,atrial septum development (GO:0003283),2/14,0.0262832729854002,0.2046214541145254,0,0,8.984432234432234,32.6927546162681,TGFB2;ISL1
287,GO_Biological_Process_2021,negative regulation of neurogenesis (GO:0050768),3/35,0.0258199589650862,0.2046214541145254,0,0,5.0625,18.51157538184431,PAX6;APPL2;YWHAH
286,GO_Biological_Process_2021,respiratory system development (GO:0060541),3/35,0.0258199589650862,0.2046214541145254,0,0,5.0625,18.51157538184431,BASP1;PROX1;VEGFA
285,GO_Biological_Process_2021,regulation of protein polymerization (GO:0032271),3/35,0.0258199589650862,0.2046214541145254,0,0,5.0625,18.51157538184431,MAPT;PAK3;CAMSAP2
284,GO_Biological_Process_2021,regulation of postsynaptic membrane potential (GO:0060078),3/35,0.0258199589650862,0.2046214541145254,0,0,5.0625,18.51157538184431,GABRA1;DRD4;GABRG2
289,GO_Biological_Process_2021,endothelial cell differentiation (GO:0045446),2/14,0.0262832729854002,0.2046214541145254,0,0,8.984432234432234,32.6927546162681,JAG1;PROX1
283,GO_Biological_Process_2021,bicarbonate transport (GO:0015701),3/35,0.0258199589650862,0.2046214541145254,0,0,5.0625,18.51157538184431,SLC4A7;SLC4A10;SLC4A3
282,GO_Biological_Process_2021,regulation of anatomical structure morphogenesis (GO:0022603),6/123,0.0257146139580381,0.2046214541145254,0,0,2.7801994301994304,10.177464411194906,SPARC;CDH2;CHN1;MAPT;PAK3;CDK5R1
299,GO_Biological_Process_2021,regulation of peptidyl-tyrosine phosphorylation (GO:0050730),5/92,0.0269371719724724,0.2083141299204536,0,0,3.1118858853121916,11.247127612770104,APP;VTN;IGF1;SAMSN1;VEGFA
298,GO_Biological_Process_2021,regulation of endothelial cell proliferation (GO:0001936),5/92,0.0269371719724724,0.2083141299204536,0,0,3.1118858853121916,11.247127612770104,SPARC;PROX1;APOE;SCG2;VEGFA
300,GO_Biological_Process_2021,platelet degranulation (GO:0002576),6/125,0.0275506375107241,0.20936585825172,0,0,2.7331932773109244,9.816891206247917,APP;TGFB2;SPARC;IGF1;CLU;VEGFA
301,GO_Biological_Process_2021,aortic valve development (GO:0003176),3/36,0.0277951225610042,0.20936585825172,0,0,4.908840470823942,17.587858609755646,ROBO2;JAG1;SLIT2
302,GO_Biological_Process_2021,axonal transport (GO:0098930),3/36,0.0277951225610042,0.20936585825172,0,0,4.908840470823942,17.587858609755646,DTNBP1;HAP1;MAPT
303,GO_Biological_Process_2021,regulation of cardiac muscle contraction (GO:0055117),3/36,0.0277951225610042,0.20936585825172,0,0,4.908840470823942,17.587858609755646,CHGA;RGS2;ATP1B1
304,GO_Biological_Process_2021,regulation of cell cycle G1/S phase transition (GO:1902806),3/36,0.0277951225610042,0.20936585825172,0,0,4.908840470823942,17.587858609755646,PLK5;FBXW7;APPL2
305,GO_Biological_Process_2021,regulation of microtubule-based process (GO:0032886),3/36,0.0277951225610042,0.20936585825172,0,0,4.908840470823942,17.587858609755646,CYLD;MAP6;MAPT
306,GO_Biological_Process_2021,macrophage activation (GO:0042116),3/36,0.0277951225610042,0.20936585825172,0,0,4.908840470823942,17.587858609755646,APP;MAPT;CLU
307,GO_Biological_Process_2021,negative regulation of cellular protein localization (GO:1903828),3/36,0.0277951225610042,0.20936585825172,0,0,4.908840470823942,17.587858609755646,CTNNA1;OTUD7B;MAPT
308,GO_Biological_Process_2021,regulation of heart contraction (GO:0008016),5/93,0.0280565111572058,0.2106508281058818,0,0,3.0763661546210024,10.993500733172194,TGFB2;ASPH;TPM1;ATP2B1;ATP1B1
309,GO_Biological_Process_2021,positive regulation of apoptotic process (GO:0043065),11/310,0.0281769657212448,0.210872775720284,0,0,2.0037213246031373,7.15178324594941,MLLT11;OLFM1;TFAP2B;ARHGEF9;TGFB2;ARHGEF26;KCNMA1;SLIT2;CLU;SOX4;CDK5R1
325,GO_Biological_Process_2021,myoblast differentiation (GO:0045445),2/15,0.0299655745917572,0.2125997952687361,0,0,8.292899408284024,29.089053590893705,JAG1;IGF1
324,GO_Biological_Process_2021,membrane repolarization during cardiac muscle cell action potential (GO:0086013),2/15,0.0299655745917572,0.2125997952687361,0,0,8.292899408284024,29.089053590893705,KCNE2;ATP1B1
323,GO_Biological_Process_2021,response to muscle stretch (GO:0035994),2/15,0.0299655745917572,0.2125997952687361,0,0,8.292899408284024,29.089053590893705,CDH2;DMD
322,GO_Biological_Process_2021,regulation of triglyceride biosynthetic process (GO:0010866),2/15,0.0299655745917572,0.2125997952687361,0,0,8.292899408284024,29.089053590893705,SCARB1;FBXW7
321,GO_Biological_Process_2021,G protein-coupled glutamate receptor signaling pathway (GO:0007216),2/15,0.0299655745917572,0.2125997952687361,0,0,8.292899408284024,29.089053590893705,TRPM1;GRM6
320,GO_Biological_Process_2021,eye photoreceptor cell development (GO:0042462),2/15,0.0299655745917572,0.2125997952687361,0,0,8.292899408284024,29.089053590893705,NRL;VEGFA
319,GO_Biological_Process_2021,clathrin coat assembly (GO:0048268),2/15,0.0299655745917572,0.2125997952687361,0,0,8.292899408284024,29.089053590893705,NSG2;NSG1
326,GO_Biological_Process_2021,photoreceptor cell development (GO:0042461),2/15,0.0299655745917572,0.2125997952687361,0,0,8.292899408284024,29.089053590893705,CDHR1;VEGFA
318,GO_Biological_Process_2021,positive regulation of calcium ion transport (GO:0051928),3/37,0.0298484461612406,0.2125997952687361,0,0,4.76421973748177,16.730141203161285,GRM6;ATP2B1;MYLK
316,GO_Biological_Process_2021,regulation of transport (GO:0051049),3/37,0.0298484461612406,0.2125997952687361,0,0,4.76421973748177,16.730141203161285,REEP5;MYO6;REEP6
315,GO_Biological_Process_2021,regulation of intracellular pH (GO:0051453),3/37,0.0298484461612406,0.2125997952687361,0,0,4.76421973748177,16.730141203161285,SLC4A7;SLC4A10;SLC4A3
314,GO_Biological_Process_2021,anterograde axonal transport (GO:0008089),3/37,0.0298484461612406,0.2125997952687361,0,0,4.76421973748177,16.730141203161285,KIF5C;DTNBP1;HAP1
313,GO_Biological_Process_2021,regulation of signal transduction (GO:0009966),8/198,0.0297396004291855,0.2125997952687361,0,0,2.286856806821523,8.038932330502146,GRK1;APP;RGS2;DTNBP1;RGS20;CLU;YWHAG;LLGL2
312,GO_Biological_Process_2021,diterpenoid metabolic process (GO:0016101),4/64,0.0296876296693076,0.2125997952687361,0,0,3.6047882136279927,12.67812965201688,RBP3;ABCA4;APOE;RLBP1
311,GO_Biological_Process_2021,negative regulation of cell death (GO:0060548),5/94,0.0292049470916528,0.2125997952687361,0,0,3.041644620125121,10.747399304834325,CHGA;IMPACT;CLU;SOX4;CD200
310,GO_Biological_Process_2021,regulation of kinase activity (GO:0043549),5/94,0.0292049470916528,0.2125997952687361,0,0,3.041644620125121,10.747399304834325,CDKN1C;EPHA5;LMO4;MAPT;DRD4
317,GO_Biological_Process_2021,negative regulation of endothelial cell proliferation (GO:0001937),3/37,0.0298484461612406,0.2125997952687361,0,0,4.76421973748177,16.730141203161285,SPARC;APOE;SCG2
327,GO_Biological_Process_2021,chemical homeostasis (GO:0048878),4/65,0.0311936188608764,0.2206377919427844,0,0,3.5455121818675845,12.29421144050375,SLC4A7;FBXW7;SLC4A10;SLC4A3
328,GO_Biological_Process_2021,muscle contraction (GO:0006936),6/129,0.031477960019588,0.2219722408676119,0,0,2.6437669376693766,9.143382454401076,ASPH;TPM3;TMOD2;TPM1;DMD;MYLK
329,GO_Biological_Process_2021,actin-myosin filament sliding (GO:0033275),3/38,0.0319796324573573,0.2241472728128971,0,0,4.627863046044864,15.932140781294576,TPM3;TPM1;DMD
330,GO_Biological_Process_2021,muscle filament sliding (GO:0030049),3/38,0.0319796324573573,0.2241472728128971,0,0,4.627863046044864,15.932140781294576,TPM3;TPM1;DMD
331,GO_Biological_Process_2021,regulation of response to external stimulus (GO:0032101),6/130,0.0325138701840541,0.2272053579126674,0,0,2.622311827956989,8.984272412373649,GRK1;CYLD;GUCA1B;CNGA1;GUCA1A;APPL2
332,GO_Biological_Process_2021,plasma membrane bounded cell projection assembly (GO:0120031),10/278,0.0326802702518217,0.2274420206232184,0,0,2.0298088210632232,6.943942970917404,IFT20;CCDC88A;ARF4;FAM161A;ARL13B;MAK;CEP164;ASAP1;CC2D2A;MYLK
333,GO_Biological_Process_2021,positive regulation of cell cycle (GO:0045787),4/66,0.0327438081414461,0.2274420206232184,0,0,3.488148280163964,11.926123376286291,APP;TGFB2;DUSP3;PROX1
345,GO_Biological_Process_2021,regulation of peptidyl-threonine phosphorylation (GO:0010799),3/39,0.0341883106339507,0.2292395395108832,0,0,4.499081726354453,15.18832172068587,APP;SPRY2;PPEF2
343,GO_Biological_Process_2021,regulation of intracellular transport (GO:0032386),3/39,0.0341883106339507,0.2292395395108832,0,0,4.499081726354453,15.18832172068587,REEP5;HAP1;REEP6
342,GO_Biological_Process_2021,negative regulation of neuron death (GO:1901215),5/98,0.0340933350461328,0.2292395395108832,0,0,2.910225478807375,9.832643112668883,CHGA;NDNF;APOE;ISL1;CD200
341,GO_Biological_Process_2021,negative regulation of release of cytochrome c from mitochondria (GO:0090201),2/16,0.0338390400321544,0.2292395395108832,0,0,7.700156985871272,26.07381044233361,IGF1;CLU
340,GO_Biological_Process_2021,motor neuron axon guidance (GO:0008045),2/16,0.0338390400321544,0.2292395395108832,0,0,7.700156985871272,26.07381044233361,CHN1;SLIT2
344,GO_Biological_Process_2021,regulation of nitric-oxide synthase activity (GO:0050999),3/39,0.0341883106339507,0.2292395395108832,0,0,4.499081726354453,15.18832172068587,SCARB1;APOE;CYGB
338,GO_Biological_Process_2021,sympathetic nervous system development (GO:0048485),2/16,0.0338390400321544,0.2292395395108832,0,0,7.700156985871272,26.07381044233361,TFAP2B;SOX4
337,GO_Biological_Process_2021,regulation of Rac protein signal transduction (GO:0035020),2/16,0.0338390400321544,0.2292395395108832,0,0,7.700156985871272,26.07381044233361,AUTS2;STMN3
336,GO_Biological_Process_2021,cellular response to corticosteroid stimulus (GO:0071384),2/16,0.0338390400321544,0.2292395395108832,0,0,7.700156985871272,26.07381044233361,NR3C1;ISL1
335,GO_Biological_Process_2021,body fluid secretion (GO:0007589),2/16,0.0338390400321544,0.2292395395108832,0,0,7.700156985871272,26.07381044233361,GUCA1B;VEGFA
334,GO_Biological_Process_2021,regulation of amyloid-beta clearance (GO:1900221),2/16,0.0338390400321544,0.2292395395108832,0,0,7.700156985871272,26.07381044233361,APOE;CLU
339,GO_Biological_Process_2021,membrane repolarization (GO:0086009),2/16,0.0338390400321544,0.2292395395108832,0,0,7.700156985871272,26.07381044233361,KCNE2;ATP1B1
346,GO_Biological_Process_2021,regulation of epidermal growth factor receptor signaling pathway (GO:0042058),4/67,0.0343383242788471,0.2295818799046839,0,0,3.4326054547049023,11.573006026535902,CCDC88A;DUSP3;SPRY2;HAP1
347,GO_Biological_Process_2021,positive regulation of wound healing (GO:0090303),3/40,0.0364740401937789,0.2431602679585261,0,0,4.377261559079741,14.49378930466286,VTN;PRKCE;MYLK
358,GO_Biological_Process_2021,positive regulation of positive chemotaxis (GO:0050927),2/17,0.0378954804016604,0.244215318144034,0,0,7.186446886446887,23.520690354443044,SCG2;VEGFA
357,GO_Biological_Process_2021,pharyngeal system development (GO:0060037),2/17,0.0378954804016604,0.244215318144034,0,0,7.186446886446887,23.520690354443044,TGFB2;ISL1
356,GO_Biological_Process_2021,negative regulation of peptidyl-threonine phosphorylation (GO:0010801),2/17,0.0378954804016604,0.244215318144034,0,0,7.186446886446887,23.520690354443044,SPRY2;PPEF2
355,GO_Biological_Process_2021,muscle tissue morphogenesis (GO:0060415),2/17,0.0378954804016604,0.244215318144034,0,0,7.186446886446887,23.520690354443044,PROX1;MYLK
354,GO_Biological_Process_2021,mesonephric tubule development (GO:0072164),2/17,0.0378954804016604,0.244215318144034,0,0,7.186446886446887,23.520690354443044,ROBO2;SLIT2
350,GO_Biological_Process_2021,regulation of Golgi organization (GO:1903358),2/17,0.0378954804016604,0.244215318144034,0,0,7.186446886446887,23.520690354443044,MYO5A;CAMSAP2
352,GO_Biological_Process_2021,gliogenesis (GO:0042063),2/17,0.0378954804016604,0.244215318144034,0,0,7.186446886446887,23.520690354443044,TGFB2;CDH2
351,GO_Biological_Process_2021,regulation of neuroblast proliferation (GO:1902692),2/17,0.0378954804016604,0.244215318144034,0,0,7.186446886446887,23.520690354443044,SIX3;VEGFA
349,GO_Biological_Process_2021,regulation of cellular response to growth factor stimulus (GO:0090287),2/17,0.0378954804016604,0.244215318144034,0,0,7.186446886446887,23.520690354443044,TFAP2B;SLIT2
348,GO_Biological_Process_2021,cell-cell adhesion via plasma-membrane adhesion molecules (GO:0098742),7/170,0.0372499874496325,0.244215318144034,0,0,2.3291863902797476,7.663264693287205,PTPRD;ROBO2;CRB1;TGFB2;PTPRS;CDH2;BSG
359,GO_Biological_Process_2021,positive regulation of smooth muscle cell migration (GO:0014911),2/17,0.0378954804016604,0.244215318144034,0,0,7.186446886446887,23.520690354443044,VTN;IGF1
353,GO_Biological_Process_2021,mesenchyme morphogenesis (GO:0072132),2/17,0.0378954804016604,0.244215318144034,0,0,7.186446886446887,23.520690354443044,TGFB2;ISL1
362,GO_Biological_Process_2021,negative regulation of cell-cell adhesion (GO:0022408),3/41,0.0388363146548676,0.248210055094471,0,0,4.261852979556329,13.844201195957565,JAG1;PODXL;VEGFA
360,GO_Biological_Process_2021,regulation of release of cytochrome c from mitochondria (GO:0090199),3/41,0.0388363146548676,0.248210055094471,0,0,4.261852979556329,13.844201195957565,MLLT11;IGF1;CLU
361,GO_Biological_Process_2021,heart contraction (GO:0060047),3/41,0.0388363146548676,0.248210055094471,0,0,4.261852979556329,13.844201195957565,TPM1;DMD;ATP1B1
363,GO_Biological_Process_2021,cellular calcium ion homeostasis (GO:0006874),6/136,0.0391940511530719,0.2496771268098172,0,0,2.5005128205128204,8.099736893746233,SCGN;SLC24A1;SLC24A3;ATP2B1;ATP1B1;DRD4
364,GO_Biological_Process_2021,carbohydrate homeostasis (GO:0033500),4/70,0.0393887191432728,0.2496771268098172,0,0,3.276075673865729,10.595732335934017,TFAP2B;PAX6;APPL2;SOX4
365,GO_Biological_Process_2021,wound healing (GO:0042060),4/70,0.0393887191432728,0.2496771268098172,0,0,3.276075673865729,10.595732335934017,SCARB1;TGFB2;TPM1;IGF1
377,GO_Biological_Process_2021,high-density lipoprotein particle remodeling (GO:0034375),2/18,0.042126941062326,0.2551814706647424,0,0,6.736950549450549,21.33637924118801,SCARB1;APOE
382,GO_Biological_Process_2021,"positive regulation of synaptic transmission, glutamatergic (GO:0051968)",2/18,0.042126941062326,0.2551814706647424,0,0,6.736950549450549,21.33637924118801,NRXN1;CACNG4
381,GO_Biological_Process_2021,positive regulation of nitric-oxide synthase activity (GO:0051000),2/18,0.042126941062326,0.2551814706647424,0,0,6.736950549450549,21.33637924118801,SCARB1;APOE
380,GO_Biological_Process_2021,positive regulation of cell adhesion mediated by integrin (GO:0033630),2/18,0.042126941062326,0.2551814706647424,0,0,6.736950549450549,21.33637924118801,TGFB2;PODXL
379,GO_Biological_Process_2021,positive chemotaxis (GO:0050918),2/18,0.042126941062326,0.2551814706647424,0,0,6.736950549450549,21.33637924118801,SCG2;VEGFA
378,GO_Biological_Process_2021,nitric oxide mediated signal transduction (GO:0007263),2/18,0.042126941062326,0.2551814706647424,0,0,6.736950549450549,21.33637924118801,NDNF;APOE
376,GO_Biological_Process_2021,regulation of transforming growth factor beta production (GO:0071634),2/18,0.042126941062326,0.2551814706647424,0,0,6.736950549450549,21.33637924118801,TGFB2;CD200
374,GO_Biological_Process_2021,regulation of presynapse assembly (GO:1905606),2/18,0.042126941062326,0.2551814706647424,0,0,6.736950549450549,21.33637924118801,PTPRD;APP
375,GO_Biological_Process_2021,regulation of presynapse organization (GO:0099174),2/18,0.042126941062326,0.2551814706647424,0,0,6.736950549450549,21.33637924118801,PTPRD;APP
372,GO_Biological_Process_2021,cellular response to glucocorticoid stimulus (GO:0071385),2/18,0.042126941062326,0.2551814706647424,0,0,6.736950549450549,21.33637924118801,NR3C1;ISL1
371,GO_Biological_Process_2021,regulation of delayed rectifier potassium channel activity (GO:1902259),2/18,0.042126941062326,0.2551814706647424,0,0,6.736950549450549,21.33637924118801,KCNE2;ANK3
370,GO_Biological_Process_2021,cell migration involved in sprouting angiogenesis (GO:0002042),2/18,0.042126941062326,0.2551814706647424,0,0,6.736950549450549,21.33637924118801,SLIT2;VEGFA
369,GO_Biological_Process_2021,amyloid precursor protein metabolic process (GO:0042982),2/18,0.042126941062326,0.2551814706647424,0,0,6.736950549450549,21.33637924118801,NSG1;APOE
368,GO_Biological_Process_2021,potassium ion import across plasma membrane (GO:1990573),3/42,0.0412745651149516,0.2551814706647424,0,0,4.152362788726425,13.235693035800011,KCNE2;KCNJ14;ATP1B1
367,GO_Biological_Process_2021,positive regulation of epithelial to mesenchymal transition (GO:0010718),3/42,0.0412745651149516,0.2551814706647424,0,0,4.152362788726425,13.235693035800011,OLFM1;TGFB2;JAG1
366,GO_Biological_Process_2021,cellular response to organonitrogen compound (GO:0071417),5/103,0.0408782628870589,0.2551814706647424,0,0,2.7610379331788115,8.827471277579015,GABRB3;IMPACT;CTNNA1;SLIT2;GABRG2
373,GO_Biological_Process_2021,regulation of multicellular organism growth (GO:0040014),2/18,0.042126941062326,0.2551814706647424,0,0,6.736950549450549,21.33637924118801,APP;IGF1
383,GO_Biological_Process_2021,positive regulation of secretion by cell (GO:1903532),4/72,0.0429784712745958,0.2596615972840164,0,0,3.1793955151121223,10.005735594530346,TGFB2;CADPS;DTNBP1;IGF1
384,GO_Biological_Process_2021,regulation of cell-cell adhesion (GO:0022407),3/43,0.0437881636621625,0.2625026865535325,0,0,4.048347107438016,12.664815627853878,JAG1;PODXL;CD47
385,GO_Biological_Process_2021,substantia nigra development (GO:0021762),3/43,0.0437881636621625,0.2625026865535325,0,0,4.048347107438016,12.664815627853878,BASP1;INA;YWHAH
386,GO_Biological_Process_2021,positive regulation of peptide hormone secretion (GO:0090277),3/43,0.0437881636621625,0.2625026865535325,0,0,4.048347107438016,12.664815627853878,NNAT;ISL1;SOX4
387,GO_Biological_Process_2021,positive regulation of developmental process (GO:0051094),7/177,0.0446785413701831,0.2671500411825386,0,0,2.2324758315582502,6.939119684787286,NEUROD4;BASP1;NRXN1;ESRRB;APOE;ISL1;VEGFA
396,GO_Biological_Process_2021,ureteric bud development (GO:0001657),2/19,0.0465256958406312,0.2705253492487831,0,0,6.340336134453781,19.450569475296906,ROBO2;SLIT2
395,GO_Biological_Process_2021,endocardial cushion morphogenesis (GO:0003203),2/19,0.0465256958406312,0.2705253492487831,0,0,6.340336134453781,19.450569475296906,TGFB2;ISL1
398,GO_Biological_Process_2021,positive regulation of cilium assembly (GO:0045724),2/19,0.0465256958406312,0.2705253492487831,0,0,6.340336134453781,19.450569475296906,CCDC88A;HAP1
397,GO_Biological_Process_2021,vesicle transport along actin filament (GO:0030050),2/19,0.0465256958406312,0.2705253492487831,0,0,6.340336134453781,19.450569475296906,MYO6;MYO5A
393,GO_Biological_Process_2021,regulation of neuroinflammatory response (GO:0150077),2/19,0.0465256958406312,0.2705253492487831,0,0,6.340336134453781,19.450569475296906,IGF1;CD200
394,GO_Biological_Process_2021,dopamine metabolic process (GO:0042417),2/19,0.0465256958406312,0.2705253492487831,0,0,6.340336134453781,19.450569475296906,TGFB2;DRD4
392,GO_Biological_Process_2021,regulation of nervous system process (GO:0031644),2/19,0.0465256958406312,0.2705253492487831,0,0,6.340336134453781,19.450569475296906,APP;DLGAP1
391,GO_Biological_Process_2021,positive regulation of receptor-mediated endocytosis (GO:0048260),3/44,0.0463764267247877,0.2705253492487831,0,0,3.949405361822213,12.12848166217928,VTN;CLU;VEGFA
390,GO_Biological_Process_2021,neurogenesis (GO:0022008),3/44,0.0463764267247877,0.2705253492487831,0,0,3.949405361822213,12.12848166217928,TGFB2;HAP1;MAPT
389,GO_Biological_Process_2021,extracellular structure organization (GO:0043062),8/216,0.0458265038952724,0.2705253492487831,0,0,2.0870219166308552,6.434064563833798,APP;VTN;SPARC;SPOCK2;BSG;COL23A1;NDNF;CD47
388,GO_Biological_Process_2021,regulation of small GTPase mediated signal transduction (GO:0051056),6/141,0.0453818485490983,0.2705253492487831,0,0,2.407283950617284,7.444870016745831,ARHGAP10;ARHGEF9;ARHGEF26;CHN1;SRGAP3;SLIT2
399,GO_Biological_Process_2021,external encapsulating structure organization (GO:0045229),8/217,0.0468594182148569,0.2717846256461702,0,0,2.0769292454091044,6.356656422131489,APP;VTN;SPARC;SPOCK2;BSG;COL23A1;NDNF;CD47
400,GO_Biological_Process_2021,positive regulation of Notch signaling pathway (GO:0045747),3/45,0.049038618216897,0.2837146989107262,0,0,3.8551751279024007,11.62392035517946,ROBO2;TGFB2;JAG1
401,GO_Biological_Process_2021,modulation of chemical synaptic transmission (GO:0050804),5/109,0.0500273150643319,0.2887148531075871,0,0,2.600948220754315,7.79032401337588,APP;CDH2;GRM6;DLGAP1;CPLX3
403,GO_Biological_Process_2021,regulation of hippo signaling (GO:0035330),2/20,0.0510842413346979,0.2926307157938251,0,0,5.987789987789988,17.809359322956368,SCHIP1;WWC2
404,GO_Biological_Process_2021,regulation of T cell migration (GO:2000404),2/20,0.0510842413346979,0.2926307157938251,0,0,5.987789987789988,17.809359322956368,APP;CD200
402,GO_Biological_Process_2021,cardiac epithelial to mesenchymal transition (GO:0060317),2/20,0.0510842413346979,0.2926307157938251,0,0,5.987789987789988,17.809359322956368,OLFM1;TGFB2
405,GO_Biological_Process_2021,establishment of protein localization to extracellular region (GO:0035592),3/46,0.0517739526737123,0.2958511581354993,0,0,3.7653276955602535,11.14863866104344,RAB3C;ARL4D;SCG2
406,GO_Biological_Process_2021,cellular divalent inorganic cation homeostasis (GO:0072503),5/111,0.0533233064321687,0.3039559482128536,0,0,2.5516123974285265,7.479750077380375,SLC24A1;SLC24A3;ATP2B1;ATP1B1;DRD4
416,GO_Biological_Process_2021,regulation of dendritic spine development (GO:0060998),2/21,0.0557952914711014,0.3052949910682911,0,0,5.672353961827646,16.370786748596018,PTPRS;APOE
422,GO_Biological_Process_2021,positive regulation of immune system process (GO:0002684),2/21,0.0557952914711014,0.3052949910682911,0,0,5.672353961827646,16.370786748596018,TGFB2;VEGFA
421,GO_Biological_Process_2021,negative regulation of microtubule depolymerization (GO:0007026),2/21,0.0557952914711014,0.3052949910682911,0,0,5.672353961827646,16.370786748596018,STMN2;CAMSAP2
420,GO_Biological_Process_2021,error-prone translesion synthesis (GO:0042276),2/21,0.0557952914711014,0.3052949910682911,0,0,5.672353961827646,16.370786748596018,RPA1;REV3L
419,GO_Biological_Process_2021,epithelial cell development (GO:0002064),2/21,0.0557952914711014,0.3052949910682911,0,0,5.672353961827646,16.370786748596018,SLC4A7;SIX3
418,GO_Biological_Process_2021,endocardial cushion development (GO:0003197),2/21,0.0557952914711014,0.3052949910682911,0,0,5.672353961827646,16.370786748596018,TGFB2;ISL1
417,GO_Biological_Process_2021,regulation of fibroblast migration (GO:0010762),2/21,0.0557952914711014,0.3052949910682911,0,0,5.672353961827646,16.370786748596018,PRKCE;APPL2
415,GO_Biological_Process_2021,regulation of cholesterol metabolic process (GO:0090181),2/21,0.0557952914711014,0.3052949910682911,0,0,5.672353961827646,16.370786748596018,GNB3;APOE
409,GO_Biological_Process_2021,positive regulation of cell-cell adhesion (GO:0022409),3/47,0.0545815981719849,0.3052949910682911,0,0,3.679564237415477,10.7003879938286,PODXL;ANK3;CD47
413,GO_Biological_Process_2021,regulation of cardiac muscle contraction by calcium ion signaling (GO:0010882),2/21,0.0557952914711014,0.3052949910682911,0,0,5.672353961827646,16.370786748596018,DMD;ATP1B1
412,GO_Biological_Process_2021,autonomic nervous system development (GO:0048483),2/21,0.0557952914711014,0.3052949910682911,0,0,5.672353961827646,16.370786748596018,TFAP2B;SOX4
411,GO_Biological_Process_2021,purinergic nucleotide receptor signaling pathway (GO:0035590),2/21,0.0557952914711014,0.3052949910682911,0,0,5.672353961827646,16.370786748596018,APP;NT5E
410,GO_Biological_Process_2021,regulation of apoptotic process (GO:0042981),20/742,0.0553318178498861,0.3052949910682911,0,0,1.514098602148816,4.382417847002996,ARF4;TFAP2B;PLK5;ARHGEF26;MAGED1;FAIM2;IGF1;CLU;NDRG1;NME1;VEGFA;MLLT11;OLFM1;ARHGAP10;ARHGEF9;HMGN5;KCNMA1;SPRY2;SLIT2;SOX4
423,GO_Biological_Process_2021,positive regulation of transcription regulatory region DNA binding (GO:2000679),2/21,0.0557952914711014,0.3052949910682911,0,0,5.672353961827646,16.370786748596018,PAX6;IGF1
408,GO_Biological_Process_2021,regulation of wound healing (GO:0061041),3/47,0.0545815981719849,0.3052949910682911,0,0,3.679564237415477,10.7003879938286,VTN;PRKCE;MYLK
407,GO_Biological_Process_2021,regulation of protein localization to nucleus (GO:1900180),3/47,0.0545815981719849,0.3052949910682911,0,0,3.679564237415477,10.7003879938286,CTNNA1;OTUD7B;GLUL
414,GO_Biological_Process_2021,regulation of cell-substrate junction assembly (GO:0090109),2/21,0.0557952914711014,0.3052949910682911,0,0,5.672353961827646,16.370786748596018,DUSP3;LIMCH1
424,GO_Biological_Process_2021,purine ribonucleotide biosynthetic process (GO:0009152),3/48,0.0574606792206025,0.3136677077454071,0,0,3.597612488521579,10.277135561902607,SLC26A2;ACOT7;ADCY1
425,GO_Biological_Process_2021,cellular response to organic cyclic compound (GO:0071407),6/150,0.0579770183196992,0.3157433861542308,0,0,2.255787037037037,6.423824106396075,GABRB3;IMPACT;CTNNA1;ADCY1;NR3C1;GABRG2
426,GO_Biological_Process_2021,cilium organization (GO:0044782),8/228,0.0592306103921533,0.321815026018257,0,0,1.9719654647028948,5.573399128398267,IFT20;ARF4;FAM161A;ARL13B;MAK;CEP164;ASAP1;CC2D2A
427,GO_Biological_Process_2021,positive regulation of cell migration (GO:0030335),9/269,0.0601138044515375,0.3219956774544714,0,0,1.8785391079508729,5.28154233115425,VTN;TGFB2;PODXL;PRKCE;SPRY2;IGF1;SYNE2;MYLK;VEGFA
428,GO_Biological_Process_2021,regulation of cellular localization (GO:0060341),3/49,0.06041027950751,0.3219956774544714,0,0,3.519223859144808,9.877039599143489,EPHA5;REEP5;REEP6
429,GO_Biological_Process_2021,regulation of smooth muscle cell proliferation (GO:0048660),3/49,0.06041027950751,0.3219956774544714,0,0,3.519223859144808,9.877039599143489,NDRG4;IGF1;TRIB1
430,GO_Biological_Process_2021,cellular response to nerve growth factor stimulus (GO:1990090),2/22,0.0606517720032776,0.3219956774544714,0,0,5.388461538461539,15.101736940126903,STMN2;MAPT
431,GO_Biological_Process_2021,regulation of voltage-gated calcium channel activity (GO:1901385),2/22,0.0606517720032776,0.3219956774544714,0,0,5.388461538461539,15.101736940126903,DMD;DRD4
432,GO_Biological_Process_2021,limb morphogenesis (GO:0035108),2/22,0.0606517720032776,0.3219956774544714,0,0,5.388461538461539,15.101736940126903,TFAP2B;TGFB2
433,GO_Biological_Process_2021,negative regulation of lymphocyte activation (GO:0051250),2/22,0.0606517720032776,0.3219956774544714,0,0,5.388461538461539,15.101736940126903,DUSP3;SAMSN1
434,GO_Biological_Process_2021,positive regulation of axon extension (GO:0045773),2/22,0.0606517720032776,0.3219956774544714,0,0,5.388461538461539,15.101736940126903,MAPT;VEGFA
435,GO_Biological_Process_2021,positive regulation of calcium ion transmembrane transporter activity (GO:1901021),2/22,0.0606517720032776,0.3219956774544714,0,0,5.388461538461539,15.101736940126903,HAP1;ATP1B1
436,GO_Biological_Process_2021,positive regulation of neural precursor cell proliferation (GO:2000179),2/22,0.0606517720032776,0.3219956774544714,0,0,5.388461538461539,15.101736940126903,PROX1;VEGFA
437,GO_Biological_Process_2021,regulation of protein-containing complex assembly (GO:0043254),5/116,0.0621031249336355,0.3289480590092112,0,0,2.4360510094582115,6.769685804881832,IMPACT;APOE;CLU;ISL1;VEGFA
566,GO_Biological_Process_2021,salivary gland development (GO:0007431),1/5,0.0882200268335659,0.3333395150714542,0,0,13.445205479452056,32.64390049940206,TGFB2
549,GO_Biological_Process_2021,diadenosine pentaphosphate metabolic process (GO:1901906),1/5,0.0882200268335659,0.3333395150714542,0,0,13.445205479452056,32.64390049940206,NUDT4
550,GO_Biological_Process_2021,diaphragm development (GO:0060539),1/5,0.0882200268335659,0.3333395150714542,0,0,13.445205479452056,32.64390049940206,BASP1
551,GO_Biological_Process_2021,diphosphoinositol polyphosphate metabolic process (GO:0071543),1/5,0.0882200268335659,0.3333395150714542,0,0,13.445205479452056,32.64390049940206,NUDT4
552,GO_Biological_Process_2021,dopamine biosynthetic process (GO:0042416),1/5,0.0882200268335659,0.3333395150714542,0,0,13.445205479452056,32.64390049940206,TGFB2
553,GO_Biological_Process_2021,erythrose 4-phosphate/phosphoenolpyruvate family amino acid catabolic process (GO:1902222),1/5,0.0882200268335659,0.3333395150714542,0,0,13.445205479452056,32.64390049940206,QDPR
554,GO_Biological_Process_2021,regulation of sodium:proton antiporter activity (GO:0032415),1/5,0.0882200268335659,0.3333395150714542,0,0,13.445205479452056,32.64390049940206,DRD4
555,GO_Biological_Process_2021,regulation of sterol transport (GO:0032371),1/5,0.0882200268335659,0.3333395150714542,0,0,13.445205479452056,32.64390049940206,OSBPL6
556,GO_Biological_Process_2021,forebrain regionalization (GO:0021871),1/5,0.0882200268335659,0.3333395150714542,0,0,13.445205479452056,32.64390049940206,SIX3
557,GO_Biological_Process_2021,"fructose 2,6-bisphosphate metabolic process (GO:0006003)",1/5,0.0882200268335659,0.3333395150714542,0,0,13.445205479452056,32.64390049940206,PFKFB2
558,GO_Biological_Process_2021,regulation of triglyceride metabolic process (GO:0090207),1/5,0.0882200268335659,0.3333395150714542,0,0,13.445205479452056,32.64390049940206,GNB3
559,GO_Biological_Process_2021,glutamate catabolic process (GO:0006538),1/5,0.0882200268335659,0.3333395150714542,0,0,13.445205479452056,32.64390049940206,GLUL
560,GO_Biological_Process_2021,regulation of vascular associated smooth muscle contraction (GO:0003056),1/5,0.0882200268335659,0.3333395150714542,0,0,13.445205479452056,32.64390049940206,ATP2B1
561,GO_Biological_Process_2021,heart field specification (GO:0003128),1/5,0.0882200268335659,0.3333395150714542,0,0,13.445205479452056,32.64390049940206,ISL1
562,GO_Biological_Process_2021,response to indole-3-methanol (GO:0071680),1/5,0.0882200268335659,0.3333395150714542,0,0,13.445205479452056,32.64390049940206,CTNNA1
563,GO_Biological_Process_2021,histone-threonine phosphorylation (GO:0035405),1/5,0.0882200268335659,0.3333395150714542,0,0,13.445205479452056,32.64390049940206,PRKCB
564,GO_Biological_Process_2021,ribose phosphate metabolic process (GO:0019693),1/5,0.0882200268335659,0.3333395150714542,0,0,13.445205479452056,32.64390049940206,TKT
565,GO_Biological_Process_2021,Roundabout signaling pathway (GO:0035385),1/5,0.0882200268335659,0.3333395150714542,0,0,13.445205479452056,32.64390049940206,SLIT2
567,GO_Biological_Process_2021,salivary gland morphogenesis (GO:0007435),1/5,0.0882200268335659,0.3333395150714542,0,0,13.445205479452056,32.64390049940206,TGFB2
548,GO_Biological_Process_2021,diadenosine pentaphosphate catabolic process (GO:1901907),1/5,0.0882200268335659,0.3333395150714542,0,0,13.445205479452056,32.64390049940206,NUDT4
527,GO_Biological_Process_2021,regulation of cardioblast differentiation (GO:0051890),1/5,0.0882200268335659,0.3333395150714542,0,0,13.445205479452056,32.64390049940206,TGFB2
546,GO_Biological_Process_2021,diadenosine hexaphosphate catabolic process (GO:1901909),1/5,0.0882200268335659,0.3333395150714542,0,0,13.445205479452056,32.64390049940206,NUDT4
568,GO_Biological_Process_2021,secondary heart field specification (GO:0003139),1/5,0.0882200268335659,0.3333395150714542,0,0,13.445205479452056,32.64390049940206,ISL1
528,GO_Biological_Process_2021,camera-type eye photoreceptor cell differentiation (GO:0060219),1/5,0.0882200268335659,0.3333395150714542,0,0,13.445205479452056,32.64390049940206,PROM1
529,GO_Biological_Process_2021,cardiac cell fate commitment (GO:0060911),1/5,0.0882200268335659,0.3333395150714542,0,0,13.445205479452056,32.64390049940206,ISL1
530,GO_Biological_Process_2021,regulation of core promoter binding (GO:1904796),1/5,0.0882200268335659,0.3333395150714542,0,0,13.445205479452056,32.64390049940206,PAX6
531,GO_Biological_Process_2021,cellular response to brain-derived neurotrophic factor stimulus (GO:1990416),1/5,0.0882200268335659,0.3333395150714542,0,0,13.445205479452056,32.64390049940206,MAPT
532,GO_Biological_Process_2021,cellular response to heparin (GO:0071504),1/5,0.0882200268335659,0.3333395150714542,0,0,13.445205479452056,32.64390049940206,SLIT2
533,GO_Biological_Process_2021,cellular response to indole-3-methanol (GO:0071681),1/5,0.0882200268335659,0.3333395150714542,0,0,13.445205479452056,32.64390049940206,CTNNA1
534,GO_Biological_Process_2021,regulation of granulocyte colony-stimulating factor production (GO:0071655),1/5,0.0882200268335659,0.3333395150714542,0,0,13.445205479452056,32.64390049940206,ISL1
535,GO_Biological_Process_2021,regulation of guanyl-nucleotide exchange factor activity (GO:1905097),1/5,0.0882200268335659,0.3333395150714542,0,0,13.445205479452056,32.64390049940206,STMN1
536,GO_Biological_Process_2021,regulation of guanylate cyclase activity (GO:0031282),1/5,0.0882200268335659,0.3333395150714542,0,0,13.445205479452056,32.64390049940206,GUCA1A
537,GO_Biological_Process_2021,regulation of histone H4-K16 acetylation (GO:2000618),1/5,0.0882200268335659,0.3333395150714542,0,0,13.445205479452056,32.64390049940206,AUTS2
538,GO_Biological_Process_2021,regulation of hormone metabolic process (GO:0032350),1/5,0.0882200268335659,0.3333395150714542,0,0,13.445205479452056,32.64390049940206,GNB3
539,GO_Biological_Process_2021,regulation of integrin biosynthetic process (GO:0045113),1/5,0.0882200268335659,0.3333395150714542,0,0,13.445205479452056,32.64390049940206,TGFB2
540,GO_Biological_Process_2021,cerebellar granule cell differentiation (GO:0021707),1/5,0.0882200268335659,0.3333395150714542,0,0,13.445205479452056,32.64390049940206,PROX1
541,GO_Biological_Process_2021,regulation of interleukin-1 alpha production (GO:0032650),1/5,0.0882200268335659,0.3333395150714542,0,0,13.445205479452056,32.64390049940206,ISL1
542,GO_Biological_Process_2021,regulation of inward rectifier potassium channel activity (GO:1901979),1/5,0.0882200268335659,0.3333395150714542,0,0,13.445205479452056,32.64390049940206,KCNE2
543,GO_Biological_Process_2021,regulation of low-density lipoprotein particle receptor catabolic process (GO:0032803),1/5,0.0882200268335659,0.3333395150714542,0,0,13.445205479452056,32.64390049940206,APOE
544,GO_Biological_Process_2021,coronary artery morphogenesis (GO:0060982),1/5,0.0882200268335659,0.3333395150714542,0,0,13.445205479452056,32.64390049940206,VEGFA
545,GO_Biological_Process_2021,regulation of microvillus assembly (GO:0032534),1/5,0.0882200268335659,0.3333395150714542,0,0,13.445205479452056,32.64390049940206,PODXL
547,GO_Biological_Process_2021,diadenosine hexaphosphate metabolic process (GO:1901908),1/5,0.0882200268335659,0.3333395150714542,0,0,13.445205479452056,32.64390049940206,NUDT4
569,GO_Biological_Process_2021,intracellular distribution of mitochondria (GO:0048312),1/5,0.0882200268335659,0.3333395150714542,0,0,13.445205479452056,32.64390049940206,MAPT
592,GO_Biological_Process_2021,negative regulation of sterol biosynthetic process (GO:0106119),1/5,0.0882200268335659,0.3333395150714542,0,0,13.445205479452056,32.64390049940206,APOE
571,GO_Biological_Process_2021,kidney morphogenesis (GO:0060993),1/5,0.0882200268335659,0.3333395150714542,0,0,13.445205479452056,32.64390049940206,SOX4
596,GO_Biological_Process_2021,neuroinflammatory response (GO:0150076),1/5,0.0882200268335659,0.3333395150714542,0,0,13.445205479452056,32.64390049940206,ADCY1
597,GO_Biological_Process_2021,positive regulation of axon extension involved in axon guidance (GO:0048842),1/5,0.0882200268335659,0.3333395150714542,0,0,13.445205479452056,32.64390049940206,VEGFA
598,GO_Biological_Process_2021,positive regulation of cardioblast differentiation (GO:0051891),1/5,0.0882200268335659,0.3333395150714542,0,0,13.445205479452056,32.64390049940206,TGFB2
599,GO_Biological_Process_2021,positive regulation of endothelial cell chemotaxis by VEGF-activated vascular endothelial growth factor receptor signaling pathway (GO:0038033),1/5,0.0882200268335659,0.3333395150714542,0,0,13.445205479452056,32.64390049940206,VEGFA
600,GO_Biological_Process_2021,positive regulation of epithelial to mesenchymal transition involved in endocardial cushion formation (GO:1905007),1/5,0.0882200268335659,0.3333395150714542,0,0,13.445205479452056,32.64390049940206,TGFB2
601,GO_Biological_Process_2021,positive regulation of gamma-delta T cell activation (GO:0046645),1/5,0.0882200268335659,0.3333395150714542,0,0,13.445205479452056,32.64390049940206,SOX4
602,GO_Biological_Process_2021,positive regulation of glycoprotein metabolic process (GO:1903020),1/5,0.0882200268335659,0.3333395150714542,0,0,13.445205479452056,32.64390049940206,IGF1
603,GO_Biological_Process_2021,positive regulation of hippo signaling (GO:0035332),1/5,0.0882200268335659,0.3333395150714542,0,0,13.445205479452056,32.64390049940206,SCHIP1
595,GO_Biological_Process_2021,negative regulation of tubulin deacetylation (GO:1904428),1/5,0.0882200268335659,0.3333395150714542,0,0,13.445205479452056,32.64390049940206,MAPT
604,GO_Biological_Process_2021,positive regulation of mast cell chemotaxis (GO:0060754),1/5,0.0882200268335659,0.3333395150714542,0,0,13.445205479452056,32.64390049940206,VEGFA
606,GO_Biological_Process_2021,positive regulation of neurotransmitter transport (GO:0051590),1/5,0.0882200268335659,0.3333395150714542,0,0,13.445205479452056,32.64390049940206,DTNBP1
607,GO_Biological_Process_2021,positive regulation of non-motile cilium assembly (GO:1902857),1/5,0.0882200268335659,0.3333395150714542,0,0,13.445205479452056,32.64390049940206,HAP1
608,GO_Biological_Process_2021,positive regulation of oxidative stress-induced neuron death (GO:1903223),1/5,0.0882200268335659,0.3333395150714542,0,0,13.445205479452056,32.64390049940206,FBXW7
609,GO_Biological_Process_2021,positive regulation of protein localization to cilium (GO:1903566),1/5,0.0882200268335659,0.3333395150714542,0,0,13.445205479452056,32.64390049940206,CCDC88A
610,GO_Biological_Process_2021,positive regulation of protein localization to synapse (GO:1902474),1/5,0.0882200268335659,0.3333395150714542,0,0,13.445205479452056,32.64390049940206,MAPT
611,GO_Biological_Process_2021,positive regulation of transcription from RNA polymerase II promoter in response to hypoxia (GO:0061419),1/5,0.0882200268335659,0.3333395150714542,0,0,13.445205479452056,32.64390049940206,VEGFA
612,GO_Biological_Process_2021,positive regulation of translation in response to stress (GO:0032056),1/5,0.0882200268335659,0.3333395150714542,0,0,13.445205479452056,32.64390049940206,IMPACT
613,GO_Biological_Process_2021,protein lipoylation (GO:0009249),1/5,0.0882200268335659,0.3333395150714542,0,0,13.445205479452056,32.64390049940206,NNAT
605,GO_Biological_Process_2021,positive regulation of mitochondrial depolarization (GO:0051901),1/5,0.0882200268335659,0.3333395150714542,0,0,13.445205479452056,32.64390049940206,MLLT11
570,GO_Biological_Process_2021,sinoatrial node cell differentiation (GO:0060921),1/5,0.0882200268335659,0.3333395150714542,0,0,13.445205479452056,32.64390049940206,ISL1
594,GO_Biological_Process_2021,negative regulation of T cell migration (GO:2000405),1/5,0.0882200268335659,0.3333395150714542,0,0,13.445205479452056,32.64390049940206,CD200
591,GO_Biological_Process_2021,negative regulation of smooth muscle contraction (GO:0045986),1/5,0.0882200268335659,0.3333395150714542,0,0,13.445205479452056,32.64390049940206,KCNMA1
572,GO_Biological_Process_2021,L-phenylalanine catabolic process (GO:0006559),1/5,0.0882200268335659,0.3333395150714542,0,0,13.445205479452056,32.64390049940206,QDPR
573,GO_Biological_Process_2021,thorax and anterior abdomen determination (GO:0007356),1/5,0.0882200268335659,0.3333395150714542,0,0,13.445205479452056,32.64390049940206,BASP1
574,GO_Biological_Process_2021,tonic smooth muscle contraction (GO:0014820),1/5,0.0882200268335659,0.3333395150714542,0,0,13.445205479452056,32.64390049940206,MYLK
575,GO_Biological_Process_2021,membrane repolarization during ventricular cardiac muscle cell action potential (GO:0098915),1/5,0.0882200268335659,0.3333395150714542,0,0,13.445205479452056,32.64390049940206,KCNE2
576,GO_Biological_Process_2021,trivalent inorganic anion homeostasis (GO:0072506),1/5,0.0882200268335659,0.3333395150714542,0,0,13.445205479452056,32.64390049940206,TFAP2B
577,GO_Biological_Process_2021,vascular endothelial growth factor receptor-2 signaling pathway (GO:0036324),1/5,0.0882200268335659,0.3333395150714542,0,0,13.445205479452056,32.64390049940206,VEGFA
578,GO_Biological_Process_2021,monocyte extravasation (GO:0035696),1/5,0.0882200268335659,0.3333395150714542,0,0,13.445205479452056,32.64390049940206,CD47
579,GO_Biological_Process_2021,"zygotic determination of anterior/posterior axis, embryo (GO:0007354)",1/5,0.0882200268335659,0.3333395150714542,0,0,13.445205479452056,32.64390049940206,BASP1
593,GO_Biological_Process_2021,negative regulation of synapse organization (GO:1905809),1/5,0.0882200268335659,0.3333395150714542,0,0,13.445205479452056,32.64390049940206,ROBO2
581,GO_Biological_Process_2021,negative regulation of calcium ion-dependent exocytosis (GO:0045955),1/5,0.0882200268335659,0.3333395150714542,0,0,13.445205479452056,32.64390049940206,SYT4
583,GO_Biological_Process_2021,negative regulation of cholesterol biosynthetic process (GO:0045541),1/5,0.0882200268335659,0.3333395150714542,0,0,13.445205479452056,32.64390049940206,APOE
584,GO_Biological_Process_2021,negative regulation of cholesterol metabolic process (GO:0090206),1/5,0.0882200268335659,0.3333395150714542,0,0,13.445205479452056,32.64390049940206,APOE
585,GO_Biological_Process_2021,negative regulation of collateral sprouting (GO:0048671),1/5,0.0882200268335659,0.3333395150714542,0,0,13.445205479452056,32.64390049940206,PTPRS
586,GO_Biological_Process_2021,negative regulation of heterochromatin assembly (GO:0031452),1/5,0.0882200268335659,0.3333395150714542,0,0,13.445205479452056,32.64390049940206,TET1
587,GO_Biological_Process_2021,negative regulation of interferon-alpha production (GO:0032687),1/5,0.0882200268335659,0.3333395150714542,0,0,13.445205479452056,32.64390049940206,PTPRS
588,GO_Biological_Process_2021,negative regulation of macrophage cytokine production (GO:0010936),1/5,0.0882200268335659,0.3333395150714542,0,0,13.445205479452056,32.64390049940206,TGFB2
589,GO_Biological_Process_2021,negative regulation of organ growth (GO:0046621),1/5,0.0882200268335659,0.3333395150714542,0,0,13.445205479452056,32.64390049940206,WWC2
590,GO_Biological_Process_2021,negative regulation of smooth muscle cell apoptotic process (GO:0034392),1/5,0.0882200268335659,0.3333395150714542,0,0,13.445205479452056,32.64390049940206,IGF1
582,GO_Biological_Process_2021,negative regulation of cell volume (GO:0045794),1/5,0.0882200268335659,0.3333395150714542,0,0,13.445205479452056,32.64390049940206,KCNMA1
526,GO_Biological_Process_2021,atrial cardiac muscle tissue morphogenesis (GO:0055009),1/5,0.0882200268335659,0.3333395150714542,0,0,13.445205479452056,32.64390049940206,PROX1
580,GO_Biological_Process_2021,negative regulation of adaptive immune response (GO:0002820),1/5,0.0882200268335659,0.3333395150714542,0,0,13.445205479452056,32.64390049940206,SAMSN1
524,GO_Biological_Process_2021,anterograde dendritic transport of neurotransmitter receptor complex (GO:0098971),1/5,0.0882200268335659,0.3333395150714542,0,0,13.445205479452056,32.64390049940206,KIF5C
462,GO_Biological_Process_2021,endocrine system development (GO:0035270),2/24,0.0707737551189527,0.3333395150714542,0,0,4.898101898101898,12.971481802645105,SIX3;DKK3
463,GO_Biological_Process_2021,regulation of vascular endothelial growth factor receptor signaling pathway (GO:0030947),2/24,0.0707737551189527,0.3333395150714542,0,0,4.898101898101898,12.971481802645105,VTN;PRKCB
464,GO_Biological_Process_2021,long-chain fatty-acyl-CoA metabolic process (GO:0035336),2/24,0.0707737551189527,0.3333395150714542,0,0,4.898101898101898,12.971481802645105,ACOT7;ELOVL6
465,GO_Biological_Process_2021,negative regulation of protein depolymerization (GO:1901880),2/24,0.0707737551189527,0.3333395150714542,0,0,4.898101898101898,12.971481802645105,STMN2;CAMSAP2
466,GO_Biological_Process_2021,positive regulation of cell-substrate junction organization (GO:0150117),2/24,0.0707737551189527,0.3333395150714542,0,0,4.898101898101898,12.971481802645105,DUSP3;VEGFA
467,GO_Biological_Process_2021,positive regulation of cellular response to transforming growth factor beta stimulus (GO:1903846),2/24,0.0707737551189527,0.3333395150714542,0,0,4.898101898101898,12.971481802645105,CDKN1C;ZEB2
468,GO_Biological_Process_2021,positive regulation of transforming growth factor beta receptor signaling pathway (GO:0030511),2/24,0.0707737551189527,0.3333395150714542,0,0,4.898101898101898,12.971481802645105,CDKN1C;ZEB2
469,GO_Biological_Process_2021,negative regulation of intracellular signal transduction (GO:1902532),7/198,0.0723906178772757,0.3333395150714542,0,0,1.9848765477110648,5.211647825976249,CYLD;DUSP3;PPM1N;WWC2;OTUD7B;SLIT2;PPEF2
461,GO_Biological_Process_2021,cholesterol efflux (GO:0033344),2/24,0.0707737551189527,0.3333395150714542,0,0,4.898101898101898,12.971481802645105,SCARB1;APOE
470,GO_Biological_Process_2021,positive regulation of phagocytosis (GO:0050766),3/53,0.072894263738173,0.3333395150714542,0,0,3.23702479338843,8.476943560076597,TUB;CD47;APPL2
471,GO_Biological_Process_2021,glucose homeostasis (GO:0042593),4/86,0.0730481486926503,0.3333395150714542,0,0,2.6346853523783857,6.894013817217722,TFAP2B;PAX6;APPL2;SOX4
472,GO_Biological_Process_2021,transport across blood-brain barrier (GO:0150104),4/86,0.0730481486926503,0.3333395150714542,0,0,2.6346853523783857,6.894013817217722,SLC24A3;SLC16A1;SLC4A3;SLC6A1
473,GO_Biological_Process_2021,negative regulation of phosphorylation (GO:0042326),4/86,0.0730481486926503,0.3333395150714542,0,0,2.6346853523783857,6.894013817217722,CDKN1C;IMPACT;MAPT;SLIT2
474,GO_Biological_Process_2021,positive regulation of endothelial cell migration (GO:0010595),4/86,0.0730481486926503,0.3333395150714542,0,0,2.6346853523783857,6.894013817217722,SCARB1;SPARC;PROX1;VEGFA
475,GO_Biological_Process_2021,positive regulation of proteasomal protein catabolic process (GO:1901800),4/86,0.0730481486926503,0.3333395150714542,0,0,2.6346853523783857,6.894013817217722,KCNE2;FBXW7;TRIB1;CLU
476,GO_Biological_Process_2021,negative regulation of gene expression (GO:0010629),10/322,0.0732276491860537,0.3333395150714542,0,0,1.7395923365024488,4.547611335627658,APP;OLFM1;TGFB2;SLC24A3;FBXW7;APOE;IGF1;MAPT;ATP2B1;VEGFA
477,GO_Biological_Process_2021,calcium ion transmembrane transport (GO:0070588),4/87,0.0755194141761204,0.3333395150714542,0,0,2.602809026159888,6.72400707869005,TRPM1;SLC24A1;SLC24A3;ATP2B1
478,GO_Biological_Process_2021,sodium ion transmembrane transport (GO:0035725),4/87,0.0755194141761204,0.3333395150714542,0,0,2.602809026159888,6.72400707869005,SLC24A1;SLC24A3;SLC6A1;ATP1B1
525,GO_Biological_Process_2021,regulation of adherens junction organization (GO:1903391),1/5,0.0882200268335659,0.3333395150714542,0,0,13.445205479452056,32.64390049940206,VEGFA
460,GO_Biological_Process_2021,regulation of cardiac muscle hypertrophy (GO:0010611),2/24,0.0707737551189527,0.3333395150714542,0,0,4.898101898101898,12.971481802645105,RGS2;IGF1
459,GO_Biological_Process_2021,axon extension (GO:0048675),2/24,0.0707737551189527,0.3333395150714542,0,0,4.898101898101898,12.971481802645105,AUTS2;SLIT2
458,GO_Biological_Process_2021,purine ribonucleotide catabolic process (GO:0009154),2/24,0.0707737551189527,0.3333395150714542,0,0,4.898101898101898,12.971481802645105,NT5E;NUDT4
438,GO_Biological_Process_2021,regulation of cyclin-dependent protein serine/threonine kinase activity (GO:0000079),4/82,0.0635865072476542,0.3333395150714542,0,0,2.7703640742314777,7.633333681687281,CDKN1C;CCNG1;PROX1;CDK5R1
439,GO_Biological_Process_2021,ephrin receptor signaling pathway (GO:0048013),4/82,0.0635865072476542,0.3333395150714542,0,0,2.7703640742314777,7.633333681687281,EPHA5;CHN1;PAK3;CDK5R1
440,GO_Biological_Process_2021,artery development (GO:0060840),2/23,0.0656468152859169,0.3333395150714542,0,0,5.1316064887493456,13.97575677201272,ROBO2;VEGFA
441,GO_Biological_Process_2021,blood vessel endothelial cell migration (GO:0043534),2/23,0.0656468152859169,0.3333395150714542,0,0,5.1316064887493456,13.97575677201272,SLIT2;VEGFA
442,GO_Biological_Process_2021,regulation of steroid metabolic process (GO:0019218),2/23,0.0656468152859169,0.3333395150714542,0,0,5.1316064887493456,13.97575677201272,GNB3;APOE
443,GO_Biological_Process_2021,glucose 6-phosphate metabolic process (GO:0051156),2/23,0.0656468152859169,0.3333395150714542,0,0,5.1316064887493456,13.97575677201272,TKT;PGM2L1
444,GO_Biological_Process_2021,mitotic cell cycle checkpoint signaling (GO:0007093),2/23,0.0656468152859169,0.3333395150714542,0,0,5.1316064887493456,13.97575677201272,PLK5;ZWINT
445,GO_Biological_Process_2021,negative regulation of G protein-coupled receptor signaling pathway (GO:0045744),2/23,0.0656468152859169,0.3333395150714542,0,0,5.1316064887493456,13.97575677201272,RGS2;STMN1
446,GO_Biological_Process_2021,negative regulation of response to external stimulus (GO:0032102),5/118,0.0658304573412264,0.3333395150714542,0,0,2.392689922290589,6.509726079885347,PTPRS;DUSP3;APOE;TRIB1;ISL1
447,GO_Biological_Process_2021,inorganic cation transmembrane transport (GO:0098662),9/274,0.0658657051445037,0.3333395150714542,0,0,1.8426193118756935,5.01217766817504,TRPM1;SLC24A1;KCNV2;KCNE2;SLC24A3;KCNC1;KCNJ14;SLC6A1;ATP1B1
448,GO_Biological_Process_2021,positive regulation of MAPK cascade (GO:0043410),9/274,0.0658657051445037,0.3333395150714542,0,0,1.8426193118756935,5.01217766817504,APP;NDRG4;TGFB2;RIT2;FBXW7;SPRY2;APOE;IGF1;VEGFA
449,GO_Biological_Process_2021,regulation of Notch signaling pathway (GO:0008593),4/83,0.0658878342228841,0.3333395150714542,0,0,2.735156304636688,7.439082122123115,TGFB2;JAG1;FBXW7;LLGL2
450,GO_Biological_Process_2021,regulation of epithelial cell migration (GO:0010632),3/51,0.0665171842311186,0.3333395150714542,0,0,3.372245179063361,9.139779096552754,TGFB2;PRKCE;GLUL
451,GO_Biological_Process_2021,cholesterol transport (GO:0030301),3/51,0.0665171842311186,0.3333395150714542,0,0,3.372245179063361,9.139779096552754,SCARB1;APOE;CLU
452,GO_Biological_Process_2021,vascular transport (GO:0010232),4/84,0.068232064967066,0.3333395150714542,0,0,2.700828729281768,7.251294798378895,SLC24A3;SLC16A1;SLC4A3;SLC6A1
453,GO_Biological_Process_2021,positive regulation of cellular process (GO:0048522),17/625,0.0685799008995904,0.3333395150714542,0,0,1.5242893228773942,4.084723118772806,TUB;TFAP2B;TGFB2;ZFHX3;TPM1;TET1;IGF1;PROX1;ISL1;VEGFA;GNAI2;NEUROD4;HMGN5;CAPNS1;MAPT;CD47;SOX4
455,GO_Biological_Process_2021,negative regulation of protein-containing complex assembly (GO:0031333),3/52,0.0696724752980832,0.3333395150714542,0,0,3.3032551863720694,8.79970646107912,IMPACT;CLU;ISL1
456,GO_Biological_Process_2021,plasma membrane bounded cell projection morphogenesis (GO:0120039),3/52,0.0696724752980832,0.3333395150714542,0,0,3.3032551863720694,8.79970646107912,CNTNAP2;GPM6A;DTNBP1
457,GO_Biological_Process_2021,regulation of cell population proliferation (GO:0042127),20/764,0.0699480266494054,0.3333395150714542,0,0,1.46761762695009,3.903866981081179,APP;TFAP2B;TGFB2;JAG1;TET1;ADARB1;IGF1;PROX1;CLU;NME1;VEGFA;GNAI2;CCDC88A;HMGN5;CAPNS1;TRNP1;SIX3;CD47;CD200;SOX4
479,GO_Biological_Process_2021,positive regulation of epithelial cell proliferation (GO:0050679),5/123,0.0756830832469187,0.3333395150714542,0,0,2.290717874078595,5.912802384196523,IGF1;PROX1;SCG2;NME1;VEGFA
480,GO_Biological_Process_2021,acylglycerol homeostasis (GO:0055090),2/25,0.0760261216827846,0.3333395150714542,0,0,4.684902054467272,12.071485421066436,SCARB1;APOE
454,GO_Biological_Process_2021,regulation of exocytosis (GO:0017157),3/52,0.0696724752980832,0.3333395150714542,0,0,3.3032551863720694,8.79970646107912,RAB3C;CADPS;HAP1
482,GO_Biological_Process_2021,regulation of dopamine secretion (GO:0014059),2/25,0.0760261216827846,0.3333395150714542,0,0,4.684902054467272,12.071485421066436,SYT4;DTNBP1
506,GO_Biological_Process_2021,positive regulation of establishment of protein localization to mitochondrion (GO:1903749),3/56,0.0829476581298948,0.3333395150714542,0,0,3.053329175113052,7.601401892819979,FBXW7;YWHAG;YWHAH
507,GO_Biological_Process_2021,sodium ion transport (GO:0006814),4/90,0.0831822365248351,0.3333395150714542,0,0,2.511627906976744,6.245719008925361,SLC24A1;SLC24A3;SLC6A1;ATP1B1
508,GO_Biological_Process_2021,positive regulation of DNA-binding transcription factor activity (GO:0051091),8/246,0.0835574566603286,0.3333395150714542,0,0,1.821135157973804,4.5204595323906185,EPHA5;APP;NHLH2;PRKCB;ADCY1;CLU;CD200;VEGFA
509,GO_Biological_Process_2021,carboxylic acid transport (GO:0046942),3/57,0.0864243576752904,0.3333395150714542,0,0,2.9966329966329965,7.33721311641461,SLC16A1;SLC16A6;LLGL2
510,GO_Biological_Process_2021,regulation of blood coagulation (GO:0030193),2/27,0.0868822083116241,0.3333395150714542,0,0,4.30967032967033,10.529395191063877,VTN;APOE
511,GO_Biological_Process_2021,bile acid biosynthetic process (GO:0006699),2/27,0.0868822083116241,0.3333395150714542,0,0,4.30967032967033,10.529395191063877,OSBPL6;OSBPL1A
512,GO_Biological_Process_2021,regulation of epidermal growth factor-activated receptor activity (GO:0007176),2/27,0.0868822083116241,0.3333395150714542,0,0,4.30967032967033,10.529395191063877,APP;FBXW7
513,GO_Biological_Process_2021,modulation of excitatory postsynaptic potential (GO:0098815),2/27,0.0868822083116241,0.3333395150714542,0,0,4.30967032967033,10.529395191063877,APP;NRXN1
505,GO_Biological_Process_2021,blood vessel morphogenesis (GO:0048514),3/56,0.0829476581298948,0.3333395150714542,0,0,3.053329175113052,7.601401892819979,CDH2;PROX1;VEGFA
514,GO_Biological_Process_2021,negative regulation of endothelial cell apoptotic process (GO:2000352),2/27,0.0868822083116241,0.3333395150714542,0,0,4.30967032967033,10.529395191063877,NDNF;SCG2
517,GO_Biological_Process_2021,positive regulation of muscle cell differentiation (GO:0051149),2/27,0.0868822083116241,0.3333395150714542,0,0,4.30967032967033,10.529395191063877,CDH2;CTNNA1
518,GO_Biological_Process_2021,positive regulation of striated muscle cell differentiation (GO:0051155),2/27,0.0868822083116241,0.3333395150714542,0,0,4.30967032967033,10.529395191063877,IGF1;PROX1
519,GO_Biological_Process_2021,adenosine 5'-(hexahydrogen pentaphosphate) catabolic process (GO:1901911),1/5,0.0882200268335659,0.3333395150714542,0,0,13.445205479452056,32.64390049940206,NUDT4
520,GO_Biological_Process_2021,adenosine 5'-(hexahydrogen pentaphosphate) metabolic process (GO:1901910),1/5,0.0882200268335659,0.3333395150714542,0,0,13.445205479452056,32.64390049940206,NUDT4
521,GO_Biological_Process_2021,pulmonary artery morphogenesis (GO:0061156),1/5,0.0882200268335659,0.3333395150714542,0,0,13.445205479452056,32.64390049940206,JAG1
522,GO_Biological_Process_2021,amacrine cell differentiation (GO:0035881),1/5,0.0882200268335659,0.3333395150714542,0,0,13.445205479452056,32.64390049940206,NEUROD4
523,GO_Biological_Process_2021,anterograde dendritic transport (GO:0098937),1/5,0.0882200268335659,0.3333395150714542,0,0,13.445205479452056,32.64390049940206,KIF5C
481,GO_Biological_Process_2021,cAMP-mediated signaling (GO:0019933),2/25,0.0760261216827846,0.3333395150714542,0,0,4.684902054467272,12.071485421066436,EPHA5;ADCY1
515,GO_Biological_Process_2021,positive regulation of cellular component movement (GO:0051272),2/27,0.0868822083116241,0.3333395150714542,0,0,4.30967032967033,10.529395191063877,SPOCK2;VEGFA
504,GO_Biological_Process_2021,positive regulation of protein insertion into mitochondrial membrane involved in apoptotic signaling pathway (GO:1900740),2/26,0.0813976366360135,0.3333395150714542,0,0,4.489468864468864,11.261424286006887,YWHAG;YWHAH
516,GO_Biological_Process_2021,positive regulation of mitotic cell cycle (GO:0045931),2/27,0.0868822083116241,0.3333395150714542,0,0,4.30967032967033,10.529395191063877,APP;DUSP3
502,GO_Biological_Process_2021,negative regulation of protein transport (GO:0051224),2/26,0.0813976366360135,0.3333395150714542,0,0,4.489468864468864,11.261424286006887,APOE;DRD4
484,GO_Biological_Process_2021,divalent inorganic cation homeostasis (GO:0072507),2/25,0.0760261216827846,0.3333395150714542,0,0,4.684902054467272,12.071485421066436,TFAP2B;ANK3
485,GO_Biological_Process_2021,sodium ion homeostasis (GO:0055078),2/25,0.0760261216827846,0.3333395150714542,0,0,4.684902054467272,12.071485421066436,TFAP2B;ATP1B1
486,GO_Biological_Process_2021,negative regulation of actin filament polymerization (GO:0030837),2/25,0.0760261216827846,0.3333395150714542,0,0,4.684902054467272,12.071485421066436,SLIT2;TMSB10
487,GO_Biological_Process_2021,positive regulation of ERBB signaling pathway (GO:1901186),2/25,0.0760261216827846,0.3333395150714542,0,0,4.684902054467272,12.071485421066436,CCDC88A;HAP1
488,GO_Biological_Process_2021,regulation of cyclin-dependent protein kinase activity (GO:1904029),3/54,0.076181466970812,0.3333395150714542,0,0,3.1733916707178738,8.17033180601389,CDKN1C;CCNG1;CDK5R1
489,GO_Biological_Process_2021,regulation of focal adhesion assembly (GO:0051893),3/54,0.076181466970812,0.3333395150714542,0,0,3.1733916707178738,8.17033180601389,DUSP3;LIMCH1;VEGFA
490,GO_Biological_Process_2021,regulation of potassium ion transmembrane transport (GO:1901379),3/54,0.076181466970812,0.3333395150714542,0,0,3.1733916707178738,8.17033180601389,DPP6;KCNE2;KCNMA1
491,GO_Biological_Process_2021,regulation of proteasomal protein catabolic process (GO:0061136),3/54,0.076181466970812,0.3333395150714542,0,0,3.1733916707178738,8.17033180601389,KCNE2;FBXW7;APOE
493,GO_Biological_Process_2021,regulation of tumor necrosis factor production (GO:0032680),5/124,0.0777444695082643,0.3333395150714542,0,0,2.271351753997998,5.801777070046859,APP;IGF1;CD47;CLU;ISL1
492,GO_Biological_Process_2021,striated muscle contraction (GO:0006941),3/54,0.076181466970812,0.3333395150714542,0,0,3.1733916707178738,8.17033180601389,TPM1;DMD;ATP1B1
495,GO_Biological_Process_2021,pyruvate metabolic process (GO:0006090),3/55,0.0795329761300004,0.3333395150714542,0,0,3.1122059758423393,7.878809450279802,PFKFB2;SLC16A1;BSG
496,GO_Biological_Process_2021,regulation of cardiac conduction (GO:1903779),3/55,0.0795329761300004,0.3333395150714542,0,0,3.1122059758423393,7.878809450279802,ASPH;ATP2B1;ATP1B1
497,GO_Biological_Process_2021,regulation of angiogenesis (GO:0045765),7/203,0.0802137055923223,0.3333395150714542,0,0,1.9337445284520496,4.878955183326992,TGFB2;SPARC;PRKCB;SPRY2;GLUL;ISL1;VEGFA
498,GO_Biological_Process_2021,regulation of potassium ion transmembrane transporter activity (GO:1901016),2/26,0.0813976366360135,0.3333395150714542,0,0,4.489468864468864,11.261424286006887,KCNE2;ATP1B1
483,GO_Biological_Process_2021,regulation of microtubule depolymerization (GO:0031114),2/25,0.0760261216827846,0.3333395150714542,0,0,4.684902054467272,12.071485421066436,STMN2;CAMSAP2
499,GO_Biological_Process_2021,regulation of protein insertion into mitochondrial membrane involved in apoptotic signaling pathway (GO:1900739),2/26,0.0813976366360135,0.3333395150714542,0,0,4.489468864468864,11.261424286006887,YWHAG;YWHAH
500,GO_Biological_Process_2021,glial cell development (GO:0021782),2/26,0.0813976366360135,0.3333395150714542,0,0,4.489468864468864,11.261424286006887,APP;SOX4
501,GO_Biological_Process_2021,metanephros development (GO:0001656),2/26,0.0813976366360135,0.3333395150714542,0,0,4.489468864468864,11.261424286006887,ROBO2;BASP1
494,GO_Biological_Process_2021,protein transport (GO:0015031),11/369,0.0780887100619351,0.3333395150714542,0,0,1.668392477771658,4.25425031271832,ARF4;RAB3C;ARL4D;PRKCB;MYO6;ANK3;APOE;RAB6B;SCG2;CLU;YWHAH
503,GO_Biological_Process_2021,positive regulation of histone methylation (GO:0031062),2/26,0.0813976366360135,0.3333395150714542,0,0,4.489468864468864,11.261424286006887,AUTS2;TET1
614,GO_Biological_Process_2021,retinoid metabolic process (GO:0001523),4/92,0.0884947729947944,0.3338339404031271,0,0,2.4542943244600703,5.951201816334413,RBP3;ABCA4;APOE;RLBP1
615,GO_Biological_Process_2021,cellular protein-containing complex assembly (GO:0034622),6/168,0.0888562362398945,0.3346533572671354,0,0,2.0032921810699587,4.849440576591675,NSG2;TCF4;DMD;NSG1;MAPT;CLU
618,GO_Biological_Process_2021,positive regulation of protein binding (GO:0032092),3/58,0.0899618992380426,0.3371754543332131,0,0,2.941998497370398,7.085418097045918,APP;VTN;APOE
617,GO_Biological_Process_2021,regulation of phagocytosis (GO:0050764),3/58,0.0899618992380426,0.3371754543332131,0,0,2.941998497370398,7.085418097045918,TUB;SCARB1;CD47
616,GO_Biological_Process_2021,chordate embryonic development (GO:0043009),3/58,0.0899618992380426,0.3371754543332131,0,0,2.941998497370398,7.085418097045918,PROX1;ISL1;VEGFA
753,GO_Biological_Process_2021,cardiac pacemaker cell development (GO:0060926),1/7,0.1212947861176155,0.3405789435158879,0,0,8.96255707762557,18.90679600367555,ISL1
754,GO_Biological_Process_2021,regulation of cortisol biosynthetic process (GO:2000064),1/7,0.1212947861176155,0.3405789435158879,0,0,8.96255707762557,18.90679600367555,DKK3
755,GO_Biological_Process_2021,cellular hypotonic response (GO:0071476),1/7,0.1212947861176155,0.3405789435158879,0,0,8.96255707762557,18.90679600367555,MYLK
756,GO_Biological_Process_2021,regulation of dopamine metabolic process (GO:0042053),1/7,0.1212947861176155,0.3405789435158879,0,0,8.96255707762557,18.90679600367555,DRD4
757,GO_Biological_Process_2021,regulation of histone deacetylase activity (GO:1901725),1/7,0.1212947861176155,0.3405789435158879,0,0,8.96255707762557,18.90679600367555,VEGFA
758,GO_Biological_Process_2021,chemical homeostasis within a tissue (GO:0048875),1/7,0.1212947861176155,0.3405789435158879,0,0,8.96255707762557,18.90679600367555,VEGFA
759,GO_Biological_Process_2021,regulation of lens fiber cell differentiation (GO:1902746),1/7,0.1212947861176155,0.3405789435158879,0,0,8.96255707762557,18.90679600367555,SPRY2
760,GO_Biological_Process_2021,chylomicron remnant clearance (GO:0034382),1/7,0.1212947861176155,0.3405789435158879,0,0,8.96255707762557,18.90679600367555,APOE
761,GO_Biological_Process_2021,dense core granule cytoskeletal transport (GO:0099519),1/7,0.1212947861176155,0.3405789435158879,0,0,8.96255707762557,18.90679600367555,SYT4
762,GO_Biological_Process_2021,detection of molecule of bacterial origin (GO:0032490),1/7,0.1212947861176155,0.3405789435158879,0,0,8.96255707762557,18.90679600367555,SCARB1
763,GO_Biological_Process_2021,detection of muscle stretch (GO:0035995),1/7,0.1212947861176155,0.3405789435158879,0,0,8.96255707762557,18.90679600367555,CDH2
764,GO_Biological_Process_2021,regulation of oxidative stress-induced neuron intrinsic apoptotic signaling pathway (GO:1903376),1/7,0.1212947861176155,0.3405789435158879,0,0,8.96255707762557,18.90679600367555,FBXW7
766,GO_Biological_Process_2021,regulation of skeletal muscle contraction (GO:0014819),1/7,0.1212947861176155,0.3405789435158879,0,0,8.96255707762557,18.90679600367555,DMD
767,GO_Biological_Process_2021,"fatty acid elongation, monounsaturated fatty acid (GO:0034625)",1/7,0.1212947861176155,0.3405789435158879,0,0,8.96255707762557,18.90679600367555,ELOVL6
768,GO_Biological_Process_2021,"fatty acid elongation, polyunsaturated fatty acid (GO:0034626)",1/7,0.1212947861176155,0.3405789435158879,0,0,8.96255707762557,18.90679600367555,ELOVL6
769,GO_Biological_Process_2021,"fatty acid elongation, saturated fatty acid (GO:0019367)",1/7,0.1212947861176155,0.3405789435158879,0,0,8.96255707762557,18.90679600367555,ELOVL6
770,GO_Biological_Process_2021,"fatty acid elongation, unsaturated fatty acid (GO:0019368)",1/7,0.1212947861176155,0.3405789435158879,0,0,8.96255707762557,18.90679600367555,ELOVL6
771,GO_Biological_Process_2021,gland morphogenesis (GO:0022612),1/7,0.1212947861176155,0.3405789435158879,0,0,8.96255707762557,18.90679600367555,TGFB2
772,GO_Biological_Process_2021,regulation of transforming growth factor beta2 production (GO:0032909),1/7,0.1212947861176155,0.3405789435158879,0,0,8.96255707762557,18.90679600367555,TGFB2
773,GO_Biological_Process_2021,glial cell migration (GO:0008347),1/7,0.1212947861176155,0.3405789435158879,0,0,8.96255707762557,18.90679600367555,TGFB2
775,GO_Biological_Process_2021,regulation of vascular associated smooth muscle cell apoptotic process (GO:1905459),1/7,0.1212947861176155,0.3405789435158879,0,0,8.96255707762557,18.90679600367555,IGF1
774,GO_Biological_Process_2021,regulation of tubulin deacetylation (GO:0090043),1/7,0.1212947861176155,0.3405789435158879,0,0,8.96255707762557,18.90679600367555,MAPT
765,GO_Biological_Process_2021,regulation of phospholipid transport (GO:2001138),1/7,0.1212947861176155,0.3405789435158879,0,0,8.96255707762557,18.90679600367555,DBI
752,GO_Biological_Process_2021,calcium ion export (GO:1901660),1/7,0.1212947861176155,0.3405789435158879,0,0,8.96255707762557,18.90679600367555,ATP2B1
728,GO_Biological_Process_2021,regulation of cilium assembly (GO:1902017),3/64,0.1123969048219067,0.3405789435158879,0,0,2.6518086980084,5.796108334927878,IFT20;CCDC88A;CYLD
750,GO_Biological_Process_2021,regulation of blood-brain barrier permeability (GO:1905603),1/7,0.1212947861176155,0.3405789435158879,0,0,8.96255707762557,18.90679600367555,VEGFA
776,GO_Biological_Process_2021,glyceraldehyde-3-phosphate metabolic process (GO:0019682),1/7,0.1212947861176155,0.3405789435158879,0,0,8.96255707762557,18.90679600367555,TKT
727,GO_Biological_Process_2021,protein secretion (GO:0009306),3/64,0.1123969048219067,0.3405789435158879,0,0,2.6518086980084,5.796108334927878,RAB3C;ARL4D;SCG2
729,GO_Biological_Process_2021,regulation of extrinsic apoptotic signaling pathway (GO:2001236),3/64,0.1123969048219067,0.3405789435158879,0,0,2.6518086980084,5.796108334927878,CYLD;IGF1;SCG2
730,GO_Biological_Process_2021,positive regulation of protein localization to membrane (GO:1905477),4/101,0.1143271005931194,0.3405789435158879,0,0,2.2255510622543713,4.826533973607836,PRKCE;ANK3;YWHAG;YWHAH
731,GO_Biological_Process_2021,regulation of dendrite morphogenesis (GO:0048814),2/32,0.1158001918496197,0.3405789435158879,0,0,3.5904761904761906,7.740668328869328,PTPRD;YWHAH
732,GO_Biological_Process_2021,establishment or maintenance of epithelial cell apical/basal polarity (GO:0045197),2/32,0.1158001918496197,0.3405789435158879,0,0,3.5904761904761906,7.740668328869328,CRB1;LIN7A
733,GO_Biological_Process_2021,regulation of transcription involved in G1/S transition of mitotic cell cycle (GO:0000083),2/32,0.1158001918496197,0.3405789435158879,0,0,3.5904761904761906,7.740668328869328,ESRRB;CDK14
734,GO_Biological_Process_2021,long-chain fatty acid transport (GO:0015909),2/32,0.1158001918496197,0.3405789435158879,0,0,3.5904761904761906,7.740668328869328,CPT1A;APOE
735,GO_Biological_Process_2021,membrane depolarization (GO:0051899),2/32,0.1158001918496197,0.3405789435158879,0,0,3.5904761904761906,7.740668328869328,CACNG4;YWHAH
736,GO_Biological_Process_2021,metal ion export (GO:0070839),2/32,0.1158001918496197,0.3405789435158879,0,0,3.5904761904761906,7.740668328869328,KCNE2;ATP1B1
737,GO_Biological_Process_2021,negative regulation of developmental growth (GO:0048640),2/32,0.1158001918496197,0.3405789435158879,0,0,3.5904761904761906,7.740668328869328,PTPRS;WWC2
738,GO_Biological_Process_2021,protein K63-linked deubiquitination (GO:0070536),2/32,0.1158001918496197,0.3405789435158879,0,0,3.5904761904761906,7.740668328869328,CYLD;OTUD7B
739,GO_Biological_Process_2021,regulation of cell-matrix adhesion (GO:0001952),3/65,0.1163260984103783,0.3405789435158879,0,0,2.6089042921887495,5.612686699409416,DUSP3;JAG1;LIMCH1
740,GO_Biological_Process_2021,positive regulation of cellular catabolic process (GO:0031331),5/141,0.1172501151161294,0.3405789435158879,0,0,1.98570148280919,4.256243681807434,PFKFB2;APP;APOE;IGF1;RNF152
741,GO_Biological_Process_2021,positive regulation of cell growth (GO:0030307),4/102,0.1173828758868781,0.3405789435158879,0,0,2.2027286052542565,4.718936865594769,SYT4;TGFB2;IGF1;MAPT
742,GO_Biological_Process_2021,negative regulation of signal transduction (GO:0009968),8/267,0.1183727408020727,0.3405789435158879,0,0,1.6716636828368672,3.5671912380714876,RGS2;NDRG4;PRKCB;FBXW7;SPRY2;CD47;TRIB1;DKK3
743,GO_Biological_Process_2021,protein localization to organelle (GO:0033365),5/142,0.1198253657184182,0.3405789435158879,0,0,1.9711062134783752,4.182135242348783,IFT20;TUB;APP;RPA1;CNTLN
744,GO_Biological_Process_2021,cellular component disassembly (GO:0022411),3/66,0.1203062097051837,0.3405789435158879,0,0,2.5673619309982945,5.436940971412013,CAPNS1;BSG;HTRA1
745,GO_Biological_Process_2021,extracellular matrix disassembly (GO:0022617),3/66,0.1203062097051837,0.3405789435158879,0,0,2.5673619309982945,5.436940971412013,CAPNS1;BSG;HTRA1
746,GO_Biological_Process_2021,aldehyde biosynthetic process (GO:0046184),1/7,0.1212947861176155,0.3405789435158879,0,0,8.96255707762557,18.90679600367555,TKT
747,GO_Biological_Process_2021,amino-acid betaine metabolic process (GO:0006577),1/7,0.1212947861176155,0.3405789435158879,0,0,8.96255707762557,18.90679600367555,CPT1A
748,GO_Biological_Process_2021,regulation of aldosterone biosynthetic process (GO:0032347),1/7,0.1212947861176155,0.3405789435158879,0,0,8.96255707762557,18.90679600367555,DKK3
749,GO_Biological_Process_2021,atrioventricular valve formation (GO:0003190),1/7,0.1212947861176155,0.3405789435158879,0,0,8.96255707762557,18.90679600367555,OLFM1
751,GO_Biological_Process_2021,bleb assembly (GO:0032060),1/7,0.1212947861176155,0.3405789435158879,0,0,8.96255707762557,18.90679600367555,MYLK
777,GO_Biological_Process_2021,glycosylceramide biosynthetic process (GO:0046476),1/7,0.1212947861176155,0.3405789435158879,0,0,8.96255707762557,18.90679600367555,B3GALT2
824,GO_Biological_Process_2021,regulation of neurotransmitter secretion (GO:0046928),2/33,0.121845053068184,0.3405789435158879,0,0,3.4744771357674584,7.313792084622573,DTNBP1;CPLX3
779,GO_Biological_Process_2021,hexose catabolic process (GO:0019320),1/7,0.1212947861176155,0.3405789435158879,0,0,8.96255707762557,18.90679600367555,PGM2L1
807,GO_Biological_Process_2021,pituitary gland development (GO:0021983),1/7,0.1212947861176155,0.3405789435158879,0,0,8.96255707762557,18.90679600367555,SIX3
808,GO_Biological_Process_2021,platelet dense granule organization (GO:0060155),1/7,0.1212947861176155,0.3405789435158879,0,0,8.96255707762557,18.90679600367555,DTNBP1
809,GO_Biological_Process_2021,positive regulation of amyloid-beta clearance (GO:1900223),1/7,0.1212947861176155,0.3405789435158879,0,0,8.96255707762557,18.90679600367555,APOE
810,GO_Biological_Process_2021,positive regulation of B cell receptor signaling pathway (GO:0050861),1/7,0.1212947861176155,0.3405789435158879,0,0,8.96255707762557,18.90679600367555,PRKCB
811,GO_Biological_Process_2021,positive regulation of blood circulation (GO:1903524),1/7,0.1212947861176155,0.3405789435158879,0,0,8.96255707762557,18.90679600367555,TGFB2
812,GO_Biological_Process_2021,positive regulation of histone H4 acetylation (GO:0090240),1/7,0.1212947861176155,0.3405789435158879,0,0,8.96255707762557,18.90679600367555,AUTS2
813,GO_Biological_Process_2021,positive regulation of icosanoid secretion (GO:0032305),1/7,0.1212947861176155,0.3405789435158879,0,0,8.96255707762557,18.90679600367555,PLA2R1
814,GO_Biological_Process_2021,positive regulation of pinocytosis (GO:0048549),1/7,0.1212947861176155,0.3405789435158879,0,0,8.96255707762557,18.90679600367555,APPL2
815,GO_Biological_Process_2021,positive regulation of podosome assembly (GO:0071803),1/7,0.1212947861176155,0.3405789435158879,0,0,8.96255707762557,18.90679600367555,ASAP1
816,GO_Biological_Process_2021,positive regulation of potassium ion import across plasma membrane (GO:1903288),1/7,0.1212947861176155,0.3405789435158879,0,0,8.96255707762557,18.90679600367555,ATP1B1
817,GO_Biological_Process_2021,positive regulation of receptor catabolic process (GO:2000646),1/7,0.1212947861176155,0.3405789435158879,0,0,8.96255707762557,18.90679600367555,APOE
818,GO_Biological_Process_2021,"positive regulation of synaptic transmission, GABAergic (GO:0032230)",1/7,0.1212947861176155,0.3405789435158879,0,0,8.96255707762557,18.90679600367555,HAP1
819,GO_Biological_Process_2021,positive regulation of trophoblast cell migration (GO:1901165),1/7,0.1212947861176155,0.3405789435158879,0,0,8.96255707762557,18.90679600367555,VEGFA
820,GO_Biological_Process_2021,positive regulation of urine volume (GO:0035810),1/7,0.1212947861176155,0.3405789435158879,0,0,8.96255707762557,18.90679600367555,TFAP2B
821,GO_Biological_Process_2021,protein localization to basolateral plasma membrane (GO:1903361),1/7,0.1212947861176155,0.3405789435158879,0,0,8.96255707762557,18.90679600367555,LIN7A
822,GO_Biological_Process_2021,protein localization to ciliary membrane (GO:1903441),1/7,0.1212947861176155,0.3405789435158879,0,0,8.96255707762557,18.90679600367555,ARL13B
823,GO_Biological_Process_2021,bile acid metabolic process (GO:0008206),2/33,0.121845053068184,0.3405789435158879,0,0,3.4744771357674584,7.313792084622573,OSBPL6;OSBPL1A
726,GO_Biological_Process_2021,positive regulation of cell motility (GO:2000147),7/221,0.112245369405809,0.3405789435158879,0,0,1.769453049748783,3.8699141527295566,PODXL;SPOCK2;SPRY2;IGF1;SYNE2;MYLK;VEGFA
825,GO_Biological_Process_2021,regulation of sprouting angiogenesis (GO:1903670),2/33,0.121845053068184,0.3405789435158879,0,0,3.4744771357674584,7.313792084622573,GLUL;VEGFA
826,GO_Biological_Process_2021,signal transduction by p53 class mediator (GO:0072331),2/33,0.121845053068184,0.3405789435158879,0,0,3.4744771357674584,7.313792084622573,MYO6;NDRG1
827,GO_Biological_Process_2021,negative chemotaxis (GO:0050919),2/33,0.121845053068184,0.3405789435158879,0,0,3.4744771357674584,7.313792084622573,LRTM1;SLIT2
828,GO_Biological_Process_2021,negative regulation of JNK cascade (GO:0046329),2/33,0.121845053068184,0.3405789435158879,0,0,3.4744771357674584,7.313792084622573,CYLD;DUSP3
829,GO_Biological_Process_2021,neuron projection extension (GO:1990138),2/33,0.121845053068184,0.3405789435158879,0,0,3.4744771357674584,7.313792084622573,IMPACT;AUTS2
806,GO_Biological_Process_2021,pharyngeal arch artery morphogenesis (GO:0061626),1/7,0.1212947861176155,0.3405789435158879,0,0,8.96255707762557,18.90679600367555,TGFB2
778,GO_Biological_Process_2021,Golgi disassembly (GO:0090166),1/7,0.1212947861176155,0.3405789435158879,0,0,8.96255707762557,18.90679600367555,PLK5
805,GO_Biological_Process_2021,oxygen transport (GO:0015671),1/7,0.1212947861176155,0.3405789435158879,0,0,8.96255707762557,18.90679600367555,CYGB
803,GO_Biological_Process_2021,noradrenergic neuron differentiation (GO:0003357),1/7,0.1212947861176155,0.3405789435158879,0,0,8.96255707762557,18.90679600367555,SOX4
780,GO_Biological_Process_2021,hindlimb morphogenesis (GO:0035137),1/7,0.1212947861176155,0.3405789435158879,0,0,8.96255707762557,18.90679600367555,TFAP2B
781,GO_Biological_Process_2021,response to lead ion (GO:0010288),1/7,0.1212947861176155,0.3405789435158879,0,0,8.96255707762557,18.90679600367555,MAPT
782,GO_Biological_Process_2021,retinal rod cell development (GO:0046548),1/7,0.1212947861176155,0.3405789435158879,0,0,8.96255707762557,18.90679600367555,NRL
783,GO_Biological_Process_2021,hypotonic response (GO:0006971),1/7,0.1212947861176155,0.3405789435158879,0,0,8.96255707762557,18.90679600367555,MYLK
784,GO_Biological_Process_2021,ribose phosphate biosynthetic process (GO:0046390),1/7,0.1212947861176155,0.3405789435158879,0,0,8.96255707762557,18.90679600367555,TKT
785,GO_Biological_Process_2021,inhibitory postsynaptic potential (GO:0060080),1/7,0.1212947861176155,0.3405789435158879,0,0,8.96255707762557,18.90679600367555,DRD4
786,GO_Biological_Process_2021,long-term synaptic depression (GO:0060292),1/7,0.1212947861176155,0.3405789435158879,0,0,8.96255707762557,18.90679600367555,SLC24A1
787,GO_Biological_Process_2021,lymphoid progenitor cell differentiation (GO:0002320),1/7,0.1212947861176155,0.3405789435158879,0,0,8.96255707762557,18.90679600367555,SOX4
788,GO_Biological_Process_2021,surfactant homeostasis (GO:0043129),1/7,0.1212947861176155,0.3405789435158879,0,0,8.96255707762557,18.90679600367555,VEGFA
789,GO_Biological_Process_2021,membrane biogenesis (GO:0044091),1/7,0.1212947861176155,0.3405789435158879,0,0,8.96255707762557,18.90679600367555,ANK3
790,GO_Biological_Process_2021,tRNA threonylcarbamoyladenosine metabolic process (GO:0070525),1/7,0.1212947861176155,0.3405789435158879,0,0,8.96255707762557,18.90679600367555,OSGEP
791,GO_Biological_Process_2021,type B pancreatic cell development (GO:0003323),1/7,0.1212947861176155,0.3405789435158879,0,0,8.96255707762557,18.90679600367555,CDH2
792,GO_Biological_Process_2021,vascular associated smooth muscle cell development (GO:0097084),1/7,0.1212947861176155,0.3405789435158879,0,0,8.96255707762557,18.90679600367555,VEGFA
793,GO_Biological_Process_2021,mitral valve development (GO:0003174),1/7,0.1212947861176155,0.3405789435158879,0,0,8.96255707762557,18.90679600367555,SOX4
794,GO_Biological_Process_2021,vitamin A metabolic process (GO:0006776),1/7,0.1212947861176155,0.3405789435158879,0,0,8.96255707762557,18.90679600367555,RLBP1
795,GO_Biological_Process_2021,negative regulation of axon regeneration (GO:0048681),1/7,0.1212947861176155,0.3405789435158879,0,0,8.96255707762557,18.90679600367555,PTPRS
796,GO_Biological_Process_2021,negative regulation of centriole replication (GO:0046600),1/7,0.1212947861176155,0.3405789435158879,0,0,8.96255707762557,18.90679600367555,MDM1
797,GO_Biological_Process_2021,negative regulation of dendritic spine development (GO:0061000),1/7,0.1212947861176155,0.3405789435158879,0,0,8.96255707762557,18.90679600367555,PTPRS
798,GO_Biological_Process_2021,negative regulation of low-density lipoprotein receptor activity (GO:1905598),1/7,0.1212947861176155,0.3405789435158879,0,0,8.96255707762557,18.90679600367555,APP
799,GO_Biological_Process_2021,negative regulation of p38MAPK cascade (GO:1903753),1/7,0.1212947861176155,0.3405789435158879,0,0,8.96255707762557,18.90679600367555,CYLD
800,GO_Biological_Process_2021,negative regulation of protein import (GO:1904590),1/7,0.1212947861176155,0.3405789435158879,0,0,8.96255707762557,18.90679600367555,CABP1
801,GO_Biological_Process_2021,negative regulation of protein import into nucleus (GO:0042308),1/7,0.1212947861176155,0.3405789435158879,0,0,8.96255707762557,18.90679600367555,CABP1
802,GO_Biological_Process_2021,negative regulation of protein kinase activity by regulation of protein phosphorylation (GO:0044387),1/7,0.1212947861176155,0.3405789435158879,0,0,8.96255707762557,18.90679600367555,ADARB1
804,GO_Biological_Process_2021,nose development (GO:0043584),1/7,0.1212947861176155,0.3405789435158879,0,0,8.96255707762557,18.90679600367555,PROX1
725,GO_Biological_Process_2021,regulation of transforming growth factor beta receptor signaling pathway (GO:0017015),4/100,0.1113071525219754,0.3405789435158879,0,0,2.248848987108655,4.937261953672519,CDKN1C;ZEB2;SPRY2;DKK3
701,GO_Biological_Process_2021,positive regulation of deacetylase activity (GO:0090045),1/6,0.1049097447596463,0.3405789435158879,0,0,10.755616438356164,24.250203006120717,VEGFA
723,GO_Biological_Process_2021,tube closure (GO:0060606),2/31,0.1098355015332474,0.3405789435158879,0,0,3.714475179992421,8.204426815045412,TGFB2;LMO4
646,GO_Biological_Process_2021,3'-phosphoadenosine 5'-phosphosulfate biosynthetic process (GO:0050428),1/6,0.1049097447596463,0.3405789435158879,0,0,10.755616438356164,24.250203006120717,SLC26A2
724,GO_Biological_Process_2021,organelle transport along microtubule (GO:0072384),2/31,0.1098355015332474,0.3405789435158879,0,0,3.714475179992421,8.204426815045412,HAP1;MAPT
648,GO_Biological_Process_2021,adiponectin-activated signaling pathway (GO:0033211),1/6,0.1049097447596463,0.3405789435158879,0,0,10.755616438356164,24.250203006120717,APPL2
649,GO_Biological_Process_2021,pteridine-containing compound biosynthetic process (GO:0042559),1/6,0.1049097447596463,0.3405789435158879,0,0,10.755616438356164,24.250203006120717,QDPR
650,GO_Biological_Process_2021,purine ribonucleoside bisphosphate biosynthetic process (GO:0034036),1/6,0.1049097447596463,0.3405789435158879,0,0,10.755616438356164,24.250203006120717,SLC26A2
651,GO_Biological_Process_2021,cardiac ventricle formation (GO:0003211),1/6,0.1049097447596463,0.3405789435158879,0,0,10.755616438356164,24.250203006120717,SOX4
652,GO_Biological_Process_2021,regulation of focal adhesion disassembly (GO:0120182),1/6,0.1049097447596463,0.3405789435158879,0,0,10.755616438356164,24.250203006120717,DUSP3
653,GO_Biological_Process_2021,cellular response to magnesium ion (GO:0071286),1/6,0.1049097447596463,0.3405789435158879,0,0,10.755616438356164,24.250203006120717,ANK3
654,GO_Biological_Process_2021,regulation of hepatocyte proliferation (GO:2000345),1/6,0.1049097447596463,0.3405789435158879,0,0,10.755616438356164,24.250203006120717,FBXW7
655,GO_Biological_Process_2021,cholesterol import (GO:0070508),1/6,0.1049097447596463,0.3405789435158879,0,0,10.755616438356164,24.250203006120717,SCARB1
656,GO_Biological_Process_2021,regulation of mast cell chemotaxis (GO:0060753),1/6,0.1049097447596463,0.3405789435158879,0,0,10.755616438356164,24.250203006120717,VEGFA
657,GO_Biological_Process_2021,regulation of membrane tubulation (GO:1903525),1/6,0.1049097447596463,0.3405789435158879,0,0,10.755616438356164,24.250203006120717,ASAP1
658,GO_Biological_Process_2021,dendrite extension (GO:0097484),1/6,0.1049097447596463,0.3405789435158879,0,0,10.755616438356164,24.250203006120717,AUTS2
659,GO_Biological_Process_2021,diadenosine polyphosphate catabolic process (GO:0015961),1/6,0.1049097447596463,0.3405789435158879,0,0,10.755616438356164,24.250203006120717,NUDT4
660,GO_Biological_Process_2021,regulation of nitric oxide mediated signal transduction (GO:0010749),1/6,0.1049097447596463,0.3405789435158879,0,0,10.755616438356164,24.250203006120717,VEGFA
661,GO_Biological_Process_2021,regulation of non-motile cilium assembly (GO:1902855),1/6,0.1049097447596463,0.3405789435158879,0,0,10.755616438356164,24.250203006120717,HAP1
662,GO_Biological_Process_2021,regulation of peptidyl-cysteine S-nitrosylation (GO:2000169),1/6,0.1049097447596463,0.3405789435158879,0,0,10.755616438356164,24.250203006120717,DMD
663,GO_Biological_Process_2021,embryonic camera-type eye morphogenesis (GO:0048596),1/6,0.1049097447596463,0.3405789435158879,0,0,10.755616438356164,24.250203006120717,SIX3
664,GO_Biological_Process_2021,regulation of protein lipidation (GO:1903059),1/6,0.1049097447596463,0.3405789435158879,0,0,10.755616438356164,24.250203006120717,DBI
665,GO_Biological_Process_2021,regulation of protein localization to cilium (GO:1903564),1/6,0.1049097447596463,0.3405789435158879,0,0,10.755616438356164,24.250203006120717,CCDC88A
666,GO_Biological_Process_2021,epithelial tube formation (GO:0072175),1/6,0.1049097447596463,0.3405789435158879,0,0,10.755616438356164,24.250203006120717,PODXL
667,GO_Biological_Process_2021,regulation of relaxation of cardiac muscle (GO:1901897),1/6,0.1049097447596463,0.3405789435158879,0,0,10.755616438356164,24.250203006120717,CHGA
668,GO_Biological_Process_2021,regulation of sarcomere organization (GO:0060297),1/6,0.1049097447596463,0.3405789435158879,0,0,10.755616438356164,24.250203006120717,PROX1
645,GO_Biological_Process_2021,primary neural tube formation (GO:0014020),2/30,0.1039560487710225,0.3405789435158879,0,0,3.847331240188383,8.709538742998605,TGFB2;LMO4
669,GO_Biological_Process_2021,galactolipid biosynthetic process (GO:0019375),1/6,0.1049097447596463,0.3405789435158879,0,0,10.755616438356164,24.250203006120717,B3GALT2
644,GO_Biological_Process_2021,synaptic vesicle cycle (GO:0099504),2/30,0.1039560487710225,0.3405789435158879,0,0,3.847331240188383,8.709538742998605,SLC32A1;CPLX3
642,GO_Biological_Process_2021,respiratory tube development (GO:0030323),2/30,0.1039560487710225,0.3405789435158879,0,0,3.847331240188383,8.709538742998605,PROX1;VEGFA
619,GO_Biological_Process_2021,receptor clustering (GO:0043113),2/28,0.0924739269602526,0.3405789435158879,0,0,4.143702451394759,9.865445077839244,NRXN1;NRXN2
620,GO_Biological_Process_2021,regulation of calcium-mediated signaling (GO:0050848),2/28,0.0924739269602526,0.3405789435158879,0,0,4.143702451394759,9.865445077839244,RIT2;MAPT
621,GO_Biological_Process_2021,regulation of insulin secretion involved in cellular response to glucose stimulus (GO:0061178),2/28,0.0924739269602526,0.3405789435158879,0,0,4.143702451394759,9.865445077839244,EPHA5;C2CD2L
622,GO_Biological_Process_2021,cytosolic calcium ion transport (GO:0060401),2/28,0.0924739269602526,0.3405789435158879,0,0,4.143702451394759,9.865445077839244,TRPM1;ATP2B1
623,GO_Biological_Process_2021,regulation of small molecule metabolic process (GO:0062012),2/28,0.0924739269602526,0.3405789435158879,0,0,4.143702451394759,9.865445077839244,GNB3;APOE
624,GO_Biological_Process_2021,response to ketone (GO:1901654),2/28,0.0924739269602526,0.3405789435158879,0,0,4.143702451394759,9.865445077839244,TGFB2;SLIT2
625,GO_Biological_Process_2021,negative regulation of cellular response to insulin stimulus (GO:1900077),2/28,0.0924739269602526,0.3405789435158879,0,0,4.143702451394759,9.865445077839244,PRKCB;APPL2
626,GO_Biological_Process_2021,positive regulation of microtubule polymerization (GO:0031116),2/28,0.0924739269602526,0.3405789435158879,0,0,4.143702451394759,9.865445077839244,MAPT;CDK5R1
627,GO_Biological_Process_2021,positive regulation of monooxygenase activity (GO:0032770),2/28,0.0924739269602526,0.3405789435158879,0,0,4.143702451394759,9.865445077839244,SCARB1;APOE
628,GO_Biological_Process_2021,positive regulation of synapse assembly (GO:0051965),2/28,0.0924739269602526,0.3405789435158879,0,0,4.143702451394759,9.865445077839244,PTPRD;NRXN1
629,GO_Biological_Process_2021,response to reactive oxygen species (GO:0000302),3/59,0.0935590889082945,0.3405789435158879,0,0,2.8893152302243212,6.845256067210035,TPM1;MAPT;APOE
630,GO_Biological_Process_2021,phospholipid transport (GO:0015914),3/59,0.0935590889082945,0.3405789435158879,0,0,2.8893152302243212,6.845256067210035,SCARB1;ABCA4;APOE
631,GO_Biological_Process_2021,positive regulation of phosphorylation (GO:0042327),8/253,0.0944000339241916,0.3405789435158879,0,0,1.7684642572112643,4.173953826847248,EPHA5;PFKFB2;APP;LIMCH1;LMO4;IGF1;DRD4;VEGFA
632,GO_Biological_Process_2021,positive regulation of macromolecule metabolic process (GO:0010604),11/384,0.0964190284192271,0.3405789435158879,0,0,1.600052864101499,3.7426063824325606,APP;OLFM1;HMGN5;SLC24A3;DTNBP1;SPRY2;PAX6;ANK3;IGF1;CLU;VEGFA
633,GO_Biological_Process_2021,adenylate cyclase-inhibiting G protein-coupled receptor signaling pathway (GO:0007193),3/60,0.0972147161763163,0.3405789435158879,0,0,2.83848049876758,6.616024521590343,ADCY1;DRD4;GNAI2
634,GO_Biological_Process_2021,homophilic cell adhesion via plasma membrane adhesion molecules (GO:0007156),3/60,0.0972147161763163,0.3405789435158879,0,0,2.83848049876758,6.616024521590343,ROBO2;CDH2;BSG
635,GO_Biological_Process_2021,glial cell differentiation (GO:0010001),2/29,0.0981670602692225,0.3405789435158879,0,0,3.99002849002849,9.26119350234664,CDH2;SOX4
636,GO_Biological_Process_2021,negative regulation of transferase activity (GO:0051348),2/29,0.0981670602692225,0.3405789435158879,0,0,3.99002849002849,9.26119350234664,CDKN1C;MAPT
637,GO_Biological_Process_2021,negative regulation of wound healing (GO:0061045),2/29,0.0981670602692225,0.3405789435158879,0,0,3.99002849002849,9.26119350234664,VTN;APOE
638,GO_Biological_Process_2021,regulation of vesicle-mediated transport (GO:0060627),4/96,0.099595412361452,0.3405789435158879,0,0,2.3471054527984627,5.4139253878168585,RAB3C;SCARB1;RIT2;HAP1
639,GO_Biological_Process_2021,negative regulation of response to stimulus (GO:0048585),3/61,0.1009275556558178,0.3405789435158879,0,0,2.7893986890852096,6.397073871997875,SLIT2;CLU;APPL2
640,GO_Biological_Process_2021,"negative regulation of transcription, DNA-templated (GO:0045892)",23/948,0.1036880761641813,0.3405789435158879,0,0,1.3562587660546843,3.073781676389815,CDKN1C;TFAP2B;SAMD7;ZFHX3;MYT1L;WWC2;OTUD7B;PAX6;PROX1;NR3C1;ISL1;NR2E3;DKK3;VEGFA;ZEB2;IMPACT;BASP1;SIX3;DPF3;SAMD11;VSX2;CDK5R1;RUNX1T1
641,GO_Biological_Process_2021,regulation of cation transmembrane transport (GO:1904062),2/30,0.1039560487710225,0.3405789435158879,0,0,3.847331240188383,8.709538742998605,DPP6;KCNE2
643,GO_Biological_Process_2021,long-chain fatty acid biosynthetic process (GO:0042759),2/30,0.1039560487710225,0.3405789435158879,0,0,3.847331240188383,8.709538742998605,ACOT7;ELOVL6
670,GO_Biological_Process_2021,galactose catabolic process (GO:0019388),1/6,0.1049097447596463,0.3405789435158879,0,0,10.755616438356164,24.250203006120717,PGM2L1
647,GO_Biological_Process_2021,protein-DNA complex subunit organization (GO:0071824),1/6,0.1049097447596463,0.3405789435158879,0,0,10.755616438356164,24.250203006120717,TCF4
672,GO_Biological_Process_2021,gamma-aminobutyric acid transport (GO:0015812),1/6,0.1049097447596463,0.3405789435158879,0,0,10.755616438356164,24.250203006120717,SLC6A1
700,GO_Biological_Process_2021,positive regulation of cholesterol storage (GO:0010886),1/6,0.1049097447596463,0.3405789435158879,0,0,10.755616438356164,24.250203006120717,SCARB1
702,GO_Biological_Process_2021,positive regulation of epithelial cell differentiation involved in kidney development (GO:2000698),1/6,0.1049097447596463,0.3405789435158879,0,0,10.755616438356164,24.250203006120717,PROM1
703,GO_Biological_Process_2021,positive regulation of focal adhesion disassembly (GO:0120183),1/6,0.1049097447596463,0.3405789435158879,0,0,10.755616438356164,24.250203006120717,DUSP3
704,GO_Biological_Process_2021,positive regulation of gap junction assembly (GO:1903598),1/6,0.1049097447596463,0.3405789435158879,0,0,10.755616438356164,24.250203006120717,CNTNAP2
705,GO_Biological_Process_2021,positive regulation of heart rate by epinephrine-norepinephrine (GO:0001996),1/6,0.1049097447596463,0.3405789435158879,0,0,10.755616438356164,24.250203006120717,TPM1
706,GO_Biological_Process_2021,positive regulation of neurotransmitter secretion (GO:0001956),1/6,0.1049097447596463,0.3405789435158879,0,0,10.755616438356164,24.250203006120717,DTNBP1
707,GO_Biological_Process_2021,positive regulation of tau-protein kinase activity (GO:1902949),1/6,0.1049097447596463,0.3405789435158879,0,0,10.755616438356164,24.250203006120717,CLU
708,GO_Biological_Process_2021,protein deubiquitination involved in ubiquitin-dependent protein catabolic process (GO:0071947),1/6,0.1049097447596463,0.3405789435158879,0,0,10.755616438356164,24.250203006120717,OTUD7B
709,GO_Biological_Process_2021,protein localization to non-motile cilium (GO:0097499),1/6,0.1049097447596463,0.3405789435158879,0,0,10.755616438356164,24.250203006120717,ARL13B
710,GO_Biological_Process_2021,regulation of peptidyl-serine phosphorylation (GO:0033135),4/98,0.1053767138105069,0.3405789435158879,0,0,2.2969319384036675,5.168587483481589,APP;SPRY2;DMD;VEGFA
699,GO_Biological_Process_2021,positive regulation of cell-cell adhesion mediated by integrin (GO:0033634),1/6,0.1049097447596463,0.3405789435158879,0,0,10.755616438356164,24.250203006120717,PODXL
711,GO_Biological_Process_2021,positive regulation of gene expression (GO:0010628),13/482,0.1068973242125055,0.3405789435158879,0,0,1.5048895546548924,3.364762227230955,APP;SLC24A3;DTNBP1;PAX6;ANK3;IGF1;CLU;VEGFA;OLFM1;HMGN5;SPRY2;PLA2R1;SOX4
713,GO_Biological_Process_2021,actin cytoskeleton reorganization (GO:0031532),3/63,0.1085199052799076,0.3405789435158879,0,0,2.696143250688705,5.987653340450029,AUTS2;DTNBP1;THSD7A
714,GO_Biological_Process_2021,cellular response to reactive oxygen species (GO:0034614),3/63,0.1085199052799076,0.3405789435158879,0,0,2.696143250688705,5.987653340450029,IMPACT;TPM1;MAPT
715,GO_Biological_Process_2021,negative regulation of endopeptidase activity (GO:0010951),3/63,0.1085199052799076,0.3405789435158879,0,0,2.696143250688705,5.987653340450029,VTN;SPOCK2;SPOCK3
716,GO_Biological_Process_2021,negative regulation of peptidase activity (GO:0010466),3/63,0.1085199052799076,0.3405789435158879,0,0,2.696143250688705,5.987653340450029,VTN;SPOCK2;SPOCK3
717,GO_Biological_Process_2021,activation of protein kinase B activity (GO:0032148),2/31,0.1098355015332474,0.3405789435158879,0,0,3.714475179992421,8.204426815045412,CCDC88A;IGF1
718,GO_Biological_Process_2021,purine nucleoside bisphosphate metabolic process (GO:0034032),2/31,0.1098355015332474,0.3405789435158879,0,0,3.714475179992421,8.204426815045412,ACOT7;DBI
719,GO_Biological_Process_2021,regulation of transmembrane receptor protein serine/threonine kinase signaling pathway (GO:0090092),2/31,0.1098355015332474,0.3405789435158879,0,0,3.714475179992421,8.204426815045412,TFAP2B;DKK3
720,GO_Biological_Process_2021,renal water homeostasis (GO:0003091),2/31,0.1098355015332474,0.3405789435158879,0,0,3.714475179992421,8.204426815045412,TFAP2B;ADCY1
671,GO_Biological_Process_2021,galactosylceramide biosynthetic process (GO:0006682),1/6,0.1049097447596463,0.3405789435158879,0,0,10.755616438356164,24.250203006120717,B3GALT2
722,GO_Biological_Process_2021,triglyceride homeostasis (GO:0070328),2/31,0.1098355015332474,0.3405789435158879,0,0,3.714475179992421,8.204426815045412,SCARB1;APOE
712,GO_Biological_Process_2021,organic anion transport (GO:0015711),4/99,0.1083235280093533,0.3405789435158879,0,0,2.272637394591451,5.051238643215914,SLC4A7;SLCO4A1;SLC4A10;SLC4A3
698,GO_Biological_Process_2021,plus-end-directed organelle transport along microtubule (GO:0072386),1/6,0.1049097447596463,0.3405789435158879,0,0,10.755616438356164,24.250203006120717,MAPT
721,GO_Biological_Process_2021,ribonucleoside bisphosphate metabolic process (GO:0033875),2/31,0.1098355015332474,0.3405789435158879,0,0,3.714475179992421,8.204426815045412,ACOT7;DBI
696,GO_Biological_Process_2021,peripheral nervous system neuron development (GO:0048935),1/6,0.1049097447596463,0.3405789435158879,0,0,10.755616438356164,24.250203006120717,ISL1
697,GO_Biological_Process_2021,photoreceptor cell outer segment organization (GO:0035845),1/6,0.1049097447596463,0.3405789435158879,0,0,10.755616438356164,24.250203006120717,CDHR1
673,GO_Biological_Process_2021,response to heparin (GO:0071503),1/6,0.1049097447596463,0.3405789435158879,0,0,10.755616438356164,24.250203006120717,SLIT2
675,GO_Biological_Process_2021,inclusion body assembly (GO:0070841),1/6,0.1049097447596463,0.3405789435158879,0,0,10.755616438356164,24.250203006120717,MAPT
676,GO_Biological_Process_2021,skeletal muscle thin filament assembly (GO:0030240),1/6,0.1049097447596463,0.3405789435158879,0,0,10.755616438356164,24.250203006120717,PROX1
677,GO_Biological_Process_2021,leucine transport (GO:0015820),1/6,0.1049097447596463,0.3405789435158879,0,0,10.755616438356164,24.250203006120717,LLGL2
678,GO_Biological_Process_2021,sterol import (GO:0035376),1/6,0.1049097447596463,0.3405789435158879,0,0,10.755616438356164,24.250203006120717,SCARB1
679,GO_Biological_Process_2021,medium-chain fatty acid biosynthetic process (GO:0051792),1/6,0.1049097447596463,0.3405789435158879,0,0,10.755616438356164,24.250203006120717,ACOT7
680,GO_Biological_Process_2021,transmembrane receptor protein tyrosine phosphatase signaling pathway (GO:0007185),1/6,0.1049097447596463,0.3405789435158879,0,0,10.755616438356164,24.250203006120717,PTPRD
681,GO_Biological_Process_2021,trigeminal nerve development (GO:0021559),1/6,0.1049097447596463,0.3405789435158879,0,0,10.755616438356164,24.250203006120717,ISL1
682,GO_Biological_Process_2021,ventricular cardiac muscle cell development (GO:0055015),1/6,0.1049097447596463,0.3405789435158879,0,0,10.755616438356164,24.250203006120717,PROX1
683,GO_Biological_Process_2021,negative regulation of amyloid precursor protein biosynthetic process (GO:0042985),1/6,0.1049097447596463,0.3405789435158879,0,0,10.755616438356164,24.250203006120717,ITM2C
684,GO_Biological_Process_2021,negative regulation of chemokine-mediated signaling pathway (GO:0070100),1/6,0.1049097447596463,0.3405789435158879,0,0,10.755616438356164,24.250203006120717,SLIT2
674,GO_Biological_Process_2021,hepatocyte differentiation (GO:0070365),1/6,0.1049097447596463,0.3405789435158879,0,0,10.755616438356164,24.250203006120717,PROX1
686,GO_Biological_Process_2021,negative regulation of establishment of protein localization to mitochondrion (GO:1903748),1/6,0.1049097447596463,0.3405789435158879,0,0,10.755616438356164,24.250203006120717,MAPT
685,GO_Biological_Process_2021,negative regulation of cytosolic calcium ion concentration (GO:0051481),1/6,0.1049097447596463,0.3405789435158879,0,0,10.755616438356164,24.250203006120717,ATP2B1
693,GO_Biological_Process_2021,neurotransmitter loading into synaptic vesicle (GO:0098700),1/6,0.1049097447596463,0.3405789435158879,0,0,10.755616438356164,24.250203006120717,SLC32A1
692,GO_Biological_Process_2021,neuroepithelial cell differentiation (GO:0060563),1/6,0.1049097447596463,0.3405789435158879,0,0,10.755616438356164,24.250203006120717,SOX4
691,GO_Biological_Process_2021,nephron tubule development (GO:0072080),1/6,0.1049097447596463,0.3405789435158879,0,0,10.755616438356164,24.250203006120717,TFAP2B
694,GO_Biological_Process_2021,neurotransmitter-gated ion channel clustering (GO:0072578),1/6,0.1049097447596463,0.3405789435158879,0,0,10.755616438356164,24.250203006120717,APOE
689,GO_Biological_Process_2021,negative regulation of monocyte chemotaxis (GO:0090027),1/6,0.1049097447596463,0.3405789435158879,0,0,10.755616438356164,24.250203006120717,SLIT2
688,GO_Biological_Process_2021,negative regulation of lens fiber cell differentiation (GO:1902747),1/6,0.1049097447596463,0.3405789435158879,0,0,10.755616438356164,24.250203006120717,SPRY2
687,GO_Biological_Process_2021,negative regulation of lamellipodium organization (GO:1902744),1/6,0.1049097447596463,0.3405789435158879,0,0,10.755616438356164,24.250203006120717,SLIT2
690,GO_Biological_Process_2021,negative regulation of triglyceride metabolic process (GO:0090209),1/6,0.1049097447596463,0.3405789435158879,0,0,10.755616438356164,24.250203006120717,FBXW7
695,GO_Biological_Process_2021,"pentose-phosphate shunt, non-oxidative branch (GO:0009052)",1/6,0.1049097447596463,0.3405789435158879,0,0,10.755616438356164,24.250203006120717,TKT
830,GO_Biological_Process_2021,monocarboxylic acid metabolic process (GO:0032787),5/143,0.1224270886961998,0.3417940382372847,0,0,1.956722469790036,4.109586057400192,CPT1A;ACOT7;SLC16A1;BSG;IGF1
899,GO_Biological_Process_2021,mast cell activation involved in immune response (GO:0002279),1/8,0.1373806973590629,0.344565640943812,0,0,7.681800391389433,15.248369122327944,CHGA
898,GO_Biological_Process_2021,lymphatic endothelial cell differentiation (GO:0060836),1/8,0.1373806973590629,0.344565640943812,0,0,7.681800391389433,15.248369122327944,PROX1
891,GO_Biological_Process_2021,response to hepatocyte growth factor (GO:0035728),1/8,0.1373806973590629,0.344565640943812,0,0,7.681800391389433,15.248369122327944,APPL2
897,GO_Biological_Process_2021,stress-induced premature senescence (GO:0090400),1/8,0.1373806973590629,0.344565640943812,0,0,7.681800391389433,15.248369122327944,PLA2R1
896,GO_Biological_Process_2021,lens fiber cell differentiation (GO:0070306),1/8,0.1373806973590629,0.344565640943812,0,0,7.681800391389433,15.248369122327944,SIX3
895,GO_Biological_Process_2021,lens fiber cell development (GO:0070307),1/8,0.1373806973590629,0.344565640943812,0,0,7.681800391389433,15.248369122327944,PROX1
894,GO_Biological_Process_2021,skeletal myofibril assembly (GO:0014866),1/8,0.1373806973590629,0.344565640943812,0,0,7.681800391389433,15.248369122327944,PROX1
893,GO_Biological_Process_2021,kidney mesenchyme development (GO:0072074),1/8,0.1373806973590629,0.344565640943812,0,0,7.681800391389433,15.248369122327944,BASP1
892,GO_Biological_Process_2021,internal protein amino acid acetylation (GO:0006475),1/8,0.1373806973590629,0.344565640943812,0,0,7.681800391389433,15.248369122327944,MAPT
885,GO_Biological_Process_2021,regulation of potassium ion import (GO:1903286),1/8,0.1373806973590629,0.344565640943812,0,0,7.681800391389433,15.248369122327944,ATP1B1
889,GO_Biological_Process_2021,galactosylceramide metabolic process (GO:0006681),1/8,0.1373806973590629,0.344565640943812,0,0,7.681800391389433,15.248369122327944,B3GALT2
888,GO_Biological_Process_2021,forebrain neuron development (GO:0021884),1/8,0.1373806973590629,0.344565640943812,0,0,7.681800391389433,15.248369122327944,ROBO2
887,GO_Biological_Process_2021,regulation of stem cell division (GO:2000035),1/8,0.1373806973590629,0.344565640943812,0,0,7.681800391389433,15.248369122327944,ESRRB
886,GO_Biological_Process_2021,regulation of protein localization to nucleolus (GO:1904749),1/8,0.1373806973590629,0.344565640943812,0,0,7.681800391389433,15.248369122327944,GLUL
884,GO_Biological_Process_2021,regulation of positive chemotaxis (GO:0050926),1/8,0.1373806973590629,0.344565640943812,0,0,7.681800391389433,15.248369122327944,VEGFA
883,GO_Biological_Process_2021,regulation of phospholipase A2 activity (GO:0032429),1/8,0.1373806973590629,0.344565640943812,0,0,7.681800391389433,15.248369122327944,PLA2R1
882,GO_Biological_Process_2021,regulation of osteoclast development (GO:2001204),1/8,0.1373806973590629,0.344565640943812,0,0,7.681800391389433,15.248369122327944,FBXW7
881,GO_Biological_Process_2021,regulation of nitrogen compound metabolic process (GO:0051171),1/8,0.1373806973590629,0.344565640943812,0,0,7.681800391389433,15.248369122327944,APOE
900,GO_Biological_Process_2021,mast cell degranulation (GO:0043303),1/8,0.1373806973590629,0.344565640943812,0,0,7.681800391389433,15.248369122327944,CHGA
880,GO_Biological_Process_2021,regulation of nitric oxide metabolic process (GO:0080164),1/8,0.1373806973590629,0.344565640943812,0,0,7.681800391389433,15.248369122327944,CD47
890,GO_Biological_Process_2021,hair cell differentiation (GO:0035315),1/8,0.1373806973590629,0.344565640943812,0,0,7.681800391389433,15.248369122327944,MYO6
901,GO_Biological_Process_2021,mitochondrial DNA replication (GO:0006264),1/8,0.1373806973590629,0.344565640943812,0,0,7.681800391389433,15.248369122327944,POLG2
913,GO_Biological_Process_2021,negative regulation of regulated secretory pathway (GO:1903306),1/8,0.1373806973590629,0.344565640943812,0,0,7.681800391389433,15.248369122327944,SYT4
903,GO_Biological_Process_2021,ventricular cardiac muscle cell membrane repolarization (GO:0099625),1/8,0.1373806973590629,0.344565640943812,0,0,7.681800391389433,15.248369122327944,KCNE2
879,GO_Biological_Process_2021,regulation of microvillus organization (GO:0032530),1/8,0.1373806973590629,0.344565640943812,0,0,7.681800391389433,15.248369122327944,PODXL
923,GO_Biological_Process_2021,positive regulation of secondary metabolite biosynthetic process (GO:1900378),1/8,0.1373806973590629,0.344565640943812,0,0,7.681800391389433,15.248369122327944,ZEB2
922,GO_Biological_Process_2021,positive regulation of membrane invagination (GO:1905155),1/8,0.1373806973590629,0.344565640943812,0,0,7.681800391389433,15.248369122327944,APPL2
921,GO_Biological_Process_2021,positive regulation of melanin biosynthetic process (GO:0048023),1/8,0.1373806973590629,0.344565640943812,0,0,7.681800391389433,15.248369122327944,ZEB2
920,GO_Biological_Process_2021,positive regulation of insulin-like growth factor receptor signaling pathway (GO:0043568),1/8,0.1373806973590629,0.344565640943812,0,0,7.681800391389433,15.248369122327944,IGF1
919,GO_Biological_Process_2021,positive regulation of homotypic cell-cell adhesion (GO:0034112),1/8,0.1373806973590629,0.344565640943812,0,0,7.681800391389433,15.248369122327944,ANK3
918,GO_Biological_Process_2021,positive regulation of fibroblast migration (GO:0010763),1/8,0.1373806973590629,0.344565640943812,0,0,7.681800391389433,15.248369122327944,PRKCE
917,GO_Biological_Process_2021,positive regulation of cell migration by vascular endothelial growth factor signaling pathway (GO:0038089),1/8,0.1373806973590629,0.344565640943812,0,0,7.681800391389433,15.248369122327944,VEGFA
916,GO_Biological_Process_2021,peptidyl-tyrosine dephosphorylation involved in inactivation of protein kinase activity (GO:1990264),1/8,0.1373806973590629,0.344565640943812,0,0,7.681800391389433,15.248369122327944,DUSP3
915,GO_Biological_Process_2021,neurotransmitter receptor diffusion trapping (GO:0099628),1/8,0.1373806973590629,0.344565640943812,0,0,7.681800391389433,15.248369122327944,CACNG4
914,GO_Biological_Process_2021,neuron projection extension involved in neuron projection guidance (GO:1902284),1/8,0.1373806973590629,0.344565640943812,0,0,7.681800391389433,15.248369122327944,SLIT2
912,GO_Biological_Process_2021,negative regulation of neuron projection regeneration (GO:0070571),1/8,0.1373806973590629,0.344565640943812,0,0,7.681800391389433,15.248369122327944,PTPRS
924,GO_Biological_Process_2021,postsynaptic neurotransmitter receptor diffusion trapping (GO:0098970),1/8,0.1373806973590629,0.344565640943812,0,0,7.681800391389433,15.248369122327944,CACNG4
911,GO_Biological_Process_2021,negative regulation of neural precursor cell proliferation (GO:2000178),1/8,0.1373806973590629,0.344565640943812,0,0,7.681800391389433,15.248369122327944,APPL2
910,GO_Biological_Process_2021,negative regulation of muscle hypertrophy (GO:0014741),1/8,0.1373806973590629,0.344565640943812,0,0,7.681800391389433,15.248369122327944,RGS2
909,GO_Biological_Process_2021,negative regulation of muscle cell apoptotic process (GO:0010656),1/8,0.1373806973590629,0.344565640943812,0,0,7.681800391389433,15.248369122327944,IGF1
908,GO_Biological_Process_2021,negative regulation of mitochondrial membrane potential (GO:0010917),1/8,0.1373806973590629,0.344565640943812,0,0,7.681800391389433,15.248369122327944,MAPT
907,GO_Biological_Process_2021,negative regulation of macrophage migration (GO:1905522),1/8,0.1373806973590629,0.344565640943812,0,0,7.681800391389433,15.248369122327944,CD200
906,GO_Biological_Process_2021,negative regulation of glucose import (GO:0046325),1/8,0.1373806973590629,0.344565640943812,0,0,7.681800391389433,15.248369122327944,APPL2
905,GO_Biological_Process_2021,negative regulation of fatty acid oxidation (GO:0046322),1/8,0.1373806973590629,0.344565640943812,0,0,7.681800391389433,15.248369122327944,APPL2
904,GO_Biological_Process_2021,ventricular trabecula myocardium morphogenesis (GO:0003222),1/8,0.1373806973590629,0.344565640943812,0,0,7.681800391389433,15.248369122327944,TGFB2
902,GO_Biological_Process_2021,venous blood vessel development (GO:0060841),1/8,0.1373806973590629,0.344565640943812,0,0,7.681800391389433,15.248369122327944,PROX1
878,GO_Biological_Process_2021,coronary vasculature morphogenesis (GO:0060977),1/8,0.1373806973590629,0.344565640943812,0,0,7.681800391389433,15.248369122327944,VEGFA
843,GO_Biological_Process_2021,positive regulation of protein polymerization (GO:0032273),3/69,0.1325392055761942,0.344565640943812,0,0,2.450288004007012,4.951730146757807,PRKCE;MAPT;CDK5R1
876,GO_Biological_Process_2021,collecting duct development (GO:0072044),1/8,0.1373806973590629,0.344565640943812,0,0,7.681800391389433,15.248369122327944,TFAP2B
851,GO_Biological_Process_2021,lung development (GO:0030324),2/35,0.1341557975120017,0.344565640943812,0,0,3.2635697635697634,6.5557071407006555,PROX1;VEGFA
850,GO_Biological_Process_2021,smoothened signaling pathway (GO:0007224),2/35,0.1341557975120017,0.344565640943812,0,0,3.2635697635697634,6.5557071407006555,ARL13B;CC2D2A
849,GO_Biological_Process_2021,regulation of regulated secretory pathway (GO:1903305),2/35,0.1341557975120017,0.344565640943812,0,0,3.2635697635697634,6.5557071407006555,SYT4;DTNBP1
848,GO_Biological_Process_2021,regulation of muscle cell differentiation (GO:0051147),2/35,0.1341557975120017,0.344565640943812,0,0,3.2635697635697634,6.5557071407006555,CDH2;CTNNA1
847,GO_Biological_Process_2021,regulation of ion transmembrane transport (GO:0034765),2/35,0.1341557975120017,0.344565640943812,0,0,3.2635697635697634,6.5557071407006555,KCNE2;KCNJ14
846,GO_Biological_Process_2021,cellular response to amyloid-beta (GO:1904646),2/35,0.1341557975120017,0.344565640943812,0,0,3.2635697635697634,6.5557071407006555,APP;IGF1
845,GO_Biological_Process_2021,response to calcium ion (GO:0051592),4/107,0.1331811696075493,0.344565640943812,0,0,2.09526363782653,4.22414557157722,SYT4;KCNMA1;GUCA1A;ADCY1
844,GO_Biological_Process_2021,regulation of autophagy (GO:0010506),7/231,0.1325688996680421,0.344565640943812,0,0,1.6895891364902509,3.4140729708604876,UCHL1;CAPNS1;FBXW7;DAPL1;MAPT;RNF152;CDK5R1
842,GO_Biological_Process_2021,cellular response to decreased oxygen levels (GO:0036294),3/69,0.1325392055761942,0.344565640943812,0,0,2.450288004007012,4.951730146757807,NDNF;NDRG1;VEGFA
852,GO_Biological_Process_2021,muscle cell differentiation (GO:0042692),2/35,0.1341557975120017,0.344565640943812,0,0,3.2635697635697634,6.5557071407006555,DMD;SYNE1
841,GO_Biological_Process_2021,cellular response to calcium ion (GO:0071277),3/69,0.1325392055761942,0.344565640943812,0,0,2.450288004007012,4.951730146757807,SYT4;GUCA1A;ADCY1
839,GO_Biological_Process_2021,positive regulation of mitochondrial outer membrane permeabilization involved in apoptotic signaling pathway (GO:1901030),2/34,0.1279651745151103,0.344565640943812,0,0,3.365728021978022,6.9199271406973555,YWHAG;YWHAH
838,GO_Biological_Process_2021,positive regulation of DNA binding (GO:0043388),2/34,0.1279651745151103,0.344565640943812,0,0,3.365728021978022,6.9199271406973555,IGF1;NME1
837,GO_Biological_Process_2021,neural tube closure (GO:0001843),2/34,0.1279651745151103,0.344565640943812,0,0,3.365728021978022,6.9199271406973555,TGFB2;LMO4
836,GO_Biological_Process_2021,response to steroid hormone (GO:0048545),2/34,0.1279651745151103,0.344565640943812,0,0,3.365728021978022,6.9199271406973555,TGFB2;NR3C1
834,GO_Biological_Process_2021,epithelial tube morphogenesis (GO:0060562),2/34,0.1279651745151103,0.344565640943812,0,0,3.365728021978022,6.9199271406973555,PODXL;SLIT2
833,GO_Biological_Process_2021,regulation of lamellipodium assembly (GO:0010591),2/34,0.1279651745151103,0.344565640943812,0,0,3.365728021978022,6.9199271406973555,AUTS2;SLIT2
832,GO_Biological_Process_2021,cellular response to vascular endothelial growth factor stimulus (GO:0035924),2/34,0.1279651745151103,0.344565640943812,0,0,3.365728021978022,6.9199271406973555,SPRY2;VEGFA
831,GO_Biological_Process_2021,cilium assembly (GO:0060271),9/314,0.1240338807775641,0.344565640943812,0,0,1.5976580796252928,3.334632772373032,IFT20;ARF4;FAM161A;ARL13B;MAK;CEP164;ASAP1;CC2D2A;YWHAG
877,GO_Biological_Process_2021,commissural neuron axon guidance (GO:0071679),1/8,0.1373806973590629,0.344565640943812,0,0,7.681800391389433,15.248369122327944,VEGFA
840,GO_Biological_Process_2021,positive regulation of pri-miRNA transcription by RNA polymerase II (GO:1902895),2/34,0.1279651745151103,0.344565640943812,0,0,3.365728021978022,6.9199271406973555,TGFB2;NR3C1
853,GO_Biological_Process_2021,negative regulation of epithelial cell migration (GO:0010633),2/35,0.1341557975120017,0.344565640943812,0,0,3.2635697635697634,6.5557071407006555,APOE;SLIT2
835,GO_Biological_Process_2021,regulation of transmembrane transport (GO:0034762),2/34,0.1279651745151103,0.344565640943812,0,0,3.365728021978022,6.9199271406973555,PRKCB;KCNJ14
855,GO_Biological_Process_2021,positive regulation of lipid biosynthetic process (GO:0046889),2/35,0.1341557975120017,0.344565640943812,0,0,3.2635697635697634,6.5557071407006555,SCARB1;APOE
875,GO_Biological_Process_2021,cellular response to hepatocyte growth factor stimulus (GO:0035729),1/8,0.1373806973590629,0.344565640943812,0,0,7.681800391389433,15.248369122327944,APPL2
874,GO_Biological_Process_2021,regulation of establishment of protein localization to mitochondrion (GO:1903747),1/8,0.1373806973590629,0.344565640943812,0,0,7.681800391389433,15.248369122327944,MAPT
873,GO_Biological_Process_2021,regulation of epithelial to mesenchymal transition involved in endocardial cushion formation (GO:1905005),1/8,0.1373806973590629,0.344565640943812,0,0,7.681800391389433,15.248369122327944,TGFB2
872,GO_Biological_Process_2021,regulation of dopamine uptake involved in synaptic transmission (GO:0051584),1/8,0.1373806973590629,0.344565640943812,0,0,7.681800391389433,15.248369122327944,DRD4
871,GO_Biological_Process_2021,regulation of dopamine receptor signaling pathway (GO:0060159),1/8,0.1373806973590629,0.344565640943812,0,0,7.681800391389433,15.248369122327944,DTNBP1
854,GO_Biological_Process_2021,peptidyl-tyrosine dephosphorylation (GO:0035335),2/35,0.1341557975120017,0.344565640943812,0,0,3.2635697635697634,6.5557071407006555,PTPRS;DUSP3
870,GO_Biological_Process_2021,regulation of dendritic spine maintenance (GO:1902950),1/8,0.1373806973590629,0.344565640943812,0,0,7.681800391389433,15.248369122327944,APOE
869,GO_Biological_Process_2021,cell-cell adhesion mediated by cadherin (GO:0044331),1/8,0.1373806973590629,0.344565640943812,0,0,7.681800391389433,15.248369122327944,CDH2
868,GO_Biological_Process_2021,regulation of collateral sprouting (GO:0048670),1/8,0.1373806973590629,0.344565640943812,0,0,7.681800391389433,15.248369122327944,PTPRS
866,GO_Biological_Process_2021,axon extension involved in axon guidance (GO:0048846),1/8,0.1373806973590629,0.344565640943812,0,0,7.681800391389433,15.248369122327944,SLIT2
867,GO_Biological_Process_2021,regulation of chemokine-mediated signaling pathway (GO:0070099),1/8,0.1373806973590629,0.344565640943812,0,0,7.681800391389433,15.248369122327944,SLIT2
864,GO_Biological_Process_2021,anterograde axonal protein transport (GO:0099641),1/8,0.1373806973590629,0.344565640943812,0,0,7.681800391389433,15.248369122327944,KIF5C
863,GO_Biological_Process_2021,purine ribonucleoside monophosphate catabolic process (GO:0009169),1/8,0.1373806973590629,0.344565640943812,0,0,7.681800391389433,15.248369122327944,NT5E
862,GO_Biological_Process_2021,proximal/distal pattern formation (GO:0009954),1/8,0.1373806973590629,0.344565640943812,0,0,7.681800391389433,15.248369122327944,SIX3
861,GO_Biological_Process_2021,adenosine to inosine editing (GO:0006382),1/8,0.1373806973590629,0.344565640943812,0,0,7.681800391389433,15.248369122327944,ADARB1
860,GO_Biological_Process_2021,protein localization to presynapse (GO:1905383),1/8,0.1373806973590629,0.344565640943812,0,0,7.681800391389433,15.248369122327944,KIF5C
859,GO_Biological_Process_2021,regulation of plasma membrane bounded cell projection assembly (GO:0120032),3/70,0.1367101248342341,0.344565640943812,0,0,2.413593191069446,4.802790921154981,IFT20;CYLD;PODXL
858,GO_Biological_Process_2021,cellular response to light stimulus (GO:0071482),3/70,0.1367101248342341,0.344565640943812,0,0,2.413593191069446,4.802790921154981,GRK1;TRPM1;CNGA1
857,GO_Biological_Process_2021,regulation of gene expression (GO:0010468),25/1079,0.1346009131074754,0.344565640943812,0,0,1.2923814876437758,2.591794923683726,APP;CASZ1;SLC24A3;MAGED1;WWC2;NR3C1;CLU;HMGN5;APOE;SOX4;TGFB2;ZFHX3;FBXW7;ESRRB;DTNBP1;PAX6;ANK3;IGF1;PROX1;ATP1B1;VEGFA;OLFM1;GNB3;SPRY2;MAPT
856,GO_Biological_Process_2021,protein localization to cilium (GO:0061512),2/35,0.1341557975120017,0.344565640943812,0,0,3.2635697635697634,6.5557071407006555,TUB;IFT20
865,GO_Biological_Process_2021,axo-dendritic protein transport (GO:0099640),1/8,0.1373806973590629,0.344565640943812,0,0,7.681800391389433,15.248369122327944,KIF5C
929,GO_Biological_Process_2021,gland development (GO:0048732),3/71,0.1409255159190652,0.3508017134466002,0,0,2.3779776373359263,4.659703738354476,SIX3;PROX1;DKK3
930,GO_Biological_Process_2021,response to metal ion (GO:0010038),3/71,0.1409255159190652,0.3508017134466002,0,0,2.3779776373359263,4.659703738354476,KCNMA1;MAPT;NDRG1
928,GO_Biological_Process_2021,regulation of glycolytic process (GO:0006110),3/71,0.1409255159190652,0.3508017134466002,0,0,2.3779776373359263,4.659703738354476,PFKFB2;APP;IGF1
931,GO_Biological_Process_2021,negative regulation of neuron apoptotic process (GO:0043524),3/71,0.1409255159190652,0.3508017134466002,0,0,2.3779776373359263,4.659703738354476,NDNF;APOE;ISL1
926,GO_Biological_Process_2021,regulation of sodium ion transport (GO:0002028),2/36,0.1404123114574759,0.3508017134466002,0,0,3.167420814479638,6.2181921807868346,ANK3;YWHAH
925,GO_Biological_Process_2021,dendrite morphogenesis (GO:0048813),2/36,0.1404123114574759,0.3508017134466002,0,0,3.167420814479638,6.2181921807868346,MAP6;PAK3
927,GO_Biological_Process_2021,regulation of endopeptidase activity (GO:0052548),3/71,0.1409255159190652,0.3508017134466002,0,0,2.3779776373359263,4.659703738354476,VTN;SPOCK2;SPOCK3
932,GO_Biological_Process_2021,regulation of interleukin-6 production (GO:0032675),4/110,0.1430564654305204,0.355724544264531,0,0,2.035650995517565,3.9583556533531663,APP;CD47;ISL1;CD200
975,GO_Biological_Process_2021,maintenance of epithelial cell apical/basal polarity (GO:0045199),1/9,0.153172924347737,0.3589506914007575,0,0,6.721232876712329,12.610294931465136,LIN7A
974,GO_Biological_Process_2021,maintenance of apical/basal cell polarity (GO:0035090),1/9,0.153172924347737,0.3589506914007575,0,0,6.721232876712329,12.610294931465136,LIN7A
973,GO_Biological_Process_2021,lipoprotein metabolic process (GO:0042157),1/9,0.153172924347737,0.3589506914007575,0,0,6.721232876712329,12.610294931465136,APOE
972,GO_Biological_Process_2021,sterol catabolic process (GO:0016127),1/9,0.153172924347737,0.3589506914007575,0,0,6.721232876712329,12.610294931465136,APOE
971,GO_Biological_Process_2021,inner ear receptor cell development (GO:0060119),1/9,0.153172924347737,0.3589506914007575,0,0,6.721232876712329,12.610294931465136,SLC4A7
969,GO_Biological_Process_2021,response to UV-C (GO:0010225),1/9,0.153172924347737,0.3589506914007575,0,0,6.721232876712329,12.610294931465136,IMPACT
968,GO_Biological_Process_2021,response to misfolded protein (GO:0051788),1/9,0.153172924347737,0.3589506914007575,0,0,6.721232876712329,12.610294931465136,CLU
967,GO_Biological_Process_2021,response to magnesium ion (GO:0032026),1/9,0.153172924347737,0.3589506914007575,0,0,6.721232876712329,12.610294931465136,ANK3
966,GO_Biological_Process_2021,response to forskolin (GO:1904321),1/9,0.153172924347737,0.3589506914007575,0,0,6.721232876712329,12.610294931465136,ADCY1
965,GO_Biological_Process_2021,regulation of tumor necrosis factor superfamily cytokine production (GO:1903555),1/9,0.153172924347737,0.3589506914007575,0,0,6.721232876712329,12.610294931465136,CD47
964,GO_Biological_Process_2021,galactose metabolic process (GO:0006012),1/9,0.153172924347737,0.3589506914007575,0,0,6.721232876712329,12.610294931465136,PGM2L1
970,GO_Biological_Process_2021,retinal rod cell differentiation (GO:0060221),1/9,0.153172924347737,0.3589506914007575,0,0,6.721232876712329,12.610294931465136,NRL
976,GO_Biological_Process_2021,mast cell mediated immunity (GO:0002448),1/9,0.153172924347737,0.3589506914007575,0,0,6.721232876712329,12.610294931465136,CHGA
978,GO_Biological_Process_2021,very-low-density lipoprotein particle remodeling (GO:0034372),1/9,0.153172924347737,0.3589506914007575,0,0,6.721232876712329,12.610294931465136,APOE
979,GO_Biological_Process_2021,mitral valve morphogenesis (GO:0003183),1/9,0.153172924347737,0.3589506914007575,0,0,6.721232876712329,12.610294931465136,SOX4
980,GO_Biological_Process_2021,negative regulation of glycoprotein biosynthetic process (GO:0010561),1/9,0.153172924347737,0.3589506914007575,0,0,6.721232876712329,12.610294931465136,ITM2C
981,GO_Biological_Process_2021,negative regulation of lipase activity (GO:0060192),1/9,0.153172924347737,0.3589506914007575,0,0,6.721232876712329,12.610294931465136,RGS2
982,GO_Biological_Process_2021,negative regulation of membrane potential (GO:0045837),1/9,0.153172924347737,0.3589506914007575,0,0,6.721232876712329,12.610294931465136,MAPT
983,GO_Biological_Process_2021,positive regulation of blood vessel endothelial cell proliferation involved in sprouting angiogenesis (GO:1903589),1/9,0.153172924347737,0.3589506914007575,0,0,6.721232876712329,12.610294931465136,VEGFA
984,GO_Biological_Process_2021,positive regulation of cholesterol esterification (GO:0010873),1/9,0.153172924347737,0.3589506914007575,0,0,6.721232876712329,12.610294931465136,APOE
985,GO_Biological_Process_2021,positive regulation of DNA-directed DNA polymerase activity (GO:1900264),1/9,0.153172924347737,0.3589506914007575,0,0,6.721232876712329,12.610294931465136,POLG2
986,GO_Biological_Process_2021,positive regulation of membrane potential (GO:0045838),1/9,0.153172924347737,0.3589506914007575,0,0,6.721232876712329,12.610294931465136,ANK3
987,GO_Biological_Process_2021,"positive regulation of phagocytosis, engulfment (GO:0060100)",1/9,0.153172924347737,0.3589506914007575,0,0,6.721232876712329,12.610294931465136,APPL2
988,GO_Biological_Process_2021,positive regulation of protein kinase C signaling (GO:0090037),1/9,0.153172924347737,0.3589506914007575,0,0,6.721232876712329,12.610294931465136,VEGFA
989,GO_Biological_Process_2021,positive regulation of synapse maturation (GO:0090129),1/9,0.153172924347737,0.3589506914007575,0,0,6.721232876712329,12.610294931465136,NRXN1
963,GO_Biological_Process_2021,regulation of smooth muscle cell apoptotic process (GO:0034391),1/9,0.153172924347737,0.3589506914007575,0,0,6.721232876712329,12.610294931465136,IGF1
977,GO_Biological_Process_2021,type B pancreatic cell differentiation (GO:0003309),1/9,0.153172924347737,0.3589506914007575,0,0,6.721232876712329,12.610294931465136,CDH2
962,GO_Biological_Process_2021,epithelial cell apoptotic process (GO:1904019),1/9,0.153172924347737,0.3589506914007575,0,0,6.721232876712329,12.610294931465136,SIX3
954,GO_Biological_Process_2021,regulation of complement-dependent cytotoxicity (GO:1903659),1/9,0.153172924347737,0.3589506914007575,0,0,6.721232876712329,12.610294931465136,TGFB2
960,GO_Biological_Process_2021,regulation of nephron tubule epithelial cell differentiation (GO:0072182),1/9,0.153172924347737,0.3589506914007575,0,0,6.721232876712329,12.610294931465136,PROM1
961,GO_Biological_Process_2021,endothelial cell chemotaxis (GO:0035767),1/9,0.153172924347737,0.3589506914007575,0,0,6.721232876712329,12.610294931465136,VEGFA
933,GO_Biological_Process_2021,negative regulation of nucleic acid-templated transcription (GO:1903507),12/464,0.1460780374758566,0.3589506914007575,0,0,1.438578071096445,2.7672693446391854,CDKN1C;TFAP2B;SAMD7;BASP1;SIX3;DPF3;PROX1;NR3C1;DKK3;SAMD11;CDK5R1;RUNX1T1
934,GO_Biological_Process_2021,regulation of protein serine/threonine kinase activity (GO:0071900),4/111,0.1464109772445836,0.3589506914007575,0,0,2.016522951412196,3.8744215676224822,CCNG1;TRIB1;PPEF2;CDK5R1
935,GO_Biological_Process_2021,positive regulation of nucleic acid-templated transcription (GO:1903508),13/511,0.1464640798247948,0.3589506914007575,0,0,1.4151108684027895,2.718392698777396,CDKN1C;TFAP2B;CASZ1;ZFHX3;ESRRB;PAX6;IGF1;MLLT11;HMGN5;TCF4;APOE;SOX4;YWHAH
937,GO_Biological_Process_2021,regulation of glucose import (GO:0046324),2/37,0.1467302500443087,0.3589506914007575,0,0,3.0767660910518053,5.9048046010954085,IGF1;APPL2
938,GO_Biological_Process_2021,regulation of p38MAPK cascade (GO:1900744),2/37,0.1467302500443087,0.3589506914007575,0,0,3.0767660910518053,5.9048046010954085,CYLD;VEGFA
939,GO_Biological_Process_2021,regulation of protein autophosphorylation (GO:0031952),2/37,0.1467302500443087,0.3589506914007575,0,0,3.0767660910518053,5.9048046010954085,IMPACT;VEGFA
940,GO_Biological_Process_2021,regulation of vascular associated smooth muscle cell proliferation (GO:1904705),2/37,0.1467302500443087,0.3589506914007575,0,0,3.0767660910518053,5.9048046010954085,TPM1;IGF1
941,GO_Biological_Process_2021,lysosome localization (GO:0032418),2/37,0.1467302500443087,0.3589506914007575,0,0,3.0767660910518053,5.9048046010954085,CHGA;MAP6
942,GO_Biological_Process_2021,negative regulation of epithelial cell apoptotic process (GO:1904036),2/37,0.1467302500443087,0.3589506914007575,0,0,3.0767660910518053,5.9048046010954085,NDNF;SCG2
943,GO_Biological_Process_2021,negative regulation of stress-activated MAPK cascade (GO:0032873),2/37,0.1467302500443087,0.3589506914007575,0,0,3.0767660910518053,5.9048046010954085,CYLD;DUSP3
944,GO_Biological_Process_2021,regulation of actin filament polymerization (GO:0030833),3/73,0.1494845387641976,0.3589506914007575,0,0,2.309799291617473,4.389917479939224,PRKCE;SLIT2;PAK3
945,GO_Biological_Process_2021,regulation of actin filament-based process (GO:0032970),3/73,0.1494845387641976,0.3589506914007575,0,0,2.309799291617473,4.389917479939224,EPHA5;CCDC88A;PAK3
936,GO_Biological_Process_2021,acyl-CoA metabolic process (GO:0006637),2/37,0.1467302500443087,0.3589506914007575,0,0,3.0767660910518053,5.9048046010954085,ACOT7;DBI
947,GO_Biological_Process_2021,endoplasmic reticulum organization (GO:0007029),3/73,0.1494845387641976,0.3589506914007575,0,0,2.309799291617473,4.389917479939224,APP;REEP5;REEP6
948,GO_Biological_Process_2021,regulation of Rho protein signal transduction (GO:0035023),3/73,0.1494845387641976,0.3589506914007575,0,0,2.309799291617473,4.389917479939224,RIT2;STMN1;APOE
949,GO_Biological_Process_2021,granulocyte chemotaxis (GO:0071621),3/73,0.1494845387641976,0.3589506914007575,0,0,2.309799291617473,4.389917479939224,TGFB2;BSG;SCG2
950,GO_Biological_Process_2021,positive regulation of protein kinase activity (GO:0045860),5/154,0.1527140720164505,0.3589506914007575,0,0,1.8112439346334752,3.4036677155152963,CCDC88A;TGFB2;PAK3;CLU;VEGFA
951,GO_Biological_Process_2021,regulation of cell communication (GO:0010646),2/38,0.1531052876096282,0.3589506914007575,0,0,2.991147741147741,5.6132759102718515,GRK1;YWHAG
952,GO_Biological_Process_2021,negative regulation of endothelial cell migration (GO:0010596),2/38,0.1531052876096282,0.3589506914007575,0,0,2.991147741147741,5.6132759102718515,APOE;SLIT2
953,GO_Biological_Process_2021,associative learning (GO:0008306),1/9,0.153172924347737,0.3589506914007575,0,0,6.721232876712329,12.610294931465136,SLC6A1
959,GO_Biological_Process_2021,chylomicron remodeling (GO:0034371),1/9,0.153172924347737,0.3589506914007575,0,0,6.721232876712329,12.610294931465136,APOE
955,GO_Biological_Process_2021,regulation of DNA-directed DNA polymerase activity (GO:1900262),1/9,0.153172924347737,0.3589506914007575,0,0,6.721232876712329,12.610294931465136,POLG2
946,GO_Biological_Process_2021,regulation of hydrolase activity (GO:0051336),3/73,0.1494845387641976,0.3589506914007575,0,0,2.309799291617473,4.389917479939224,EPHA5;CHN1;STMN3
956,GO_Biological_Process_2021,cellular response to forskolin (GO:1904322),1/9,0.153172924347737,0.3589506914007575,0,0,6.721232876712329,12.610294931465136,ADCY1
957,GO_Biological_Process_2021,regulation of gap junction assembly (GO:1903596),1/9,0.153172924347737,0.3589506914007575,0,0,6.721232876712329,12.610294931465136,CNTNAP2
958,GO_Biological_Process_2021,cholesterol catabolic process (GO:0006707),1/9,0.153172924347737,0.3589506914007575,0,0,6.721232876712329,12.610294931465136,APOE
990,GO_Biological_Process_2021,cellular response to amino acid starvation (GO:0034198),3/74,0.1538255863852083,0.3597533875137938,0,0,2.2771505063438484,4.262679724084797,IMPACT;DAPL1;RNF152
991,GO_Biological_Process_2021,"DNA damage response, signal transduction by p53 class mediator (GO:0030330)",3/74,0.1538255863852083,0.3597533875137938,0,0,2.2771505063438484,4.262679724084797,MYO6;NDRG1;SOX4
992,GO_Biological_Process_2021,positive regulation of programmed cell death (GO:0043068),8/286,0.1555690021644825,0.3634643353691837,0,0,1.555886017443029,2.89498406000034,MLLT11;OLFM1;ARHGEF9;ARHGEF26;KCNMA1;SLIT2;CLU;SOX4
993,GO_Biological_Process_2021,positive regulation of kinase activity (GO:0033674),4/114,0.1566547884772454,0.3656329067074543,0,0,1.961225514816675,3.6355447102610303,EPHA5;LMO4;MAPT;DRD4
1033,GO_Biological_Process_2021,DNA replication-dependent nucleosome organization (GO:0034723),1/10,0.1686768143098505,0.3671015095674045,0,0,5.974124809741248,10.632572511262758,NASP
1045,GO_Biological_Process_2021,lactation (GO:0007595),1/10,0.1686768143098505,0.3671015095674045,0,0,5.974124809741248,10.632572511262758,VEGFA
1044,GO_Biological_Process_2021,sequestering of actin monomers (GO:0042989),1/10,0.1686768143098505,0.3671015095674045,0,0,5.974124809741248,10.632572511262758,TMSB10
1043,GO_Biological_Process_2021,secretory granule organization (GO:0033363),1/10,0.1686768143098505,0.3671015095674045,0,0,5.974124809741248,10.632572511262758,DTNBP1
1042,GO_Biological_Process_2021,regulation of urine volume (GO:0035809),1/10,0.1686768143098505,0.3671015095674045,0,0,5.974124809741248,10.632572511262758,TFAP2B
1041,GO_Biological_Process_2021,regulation of tau-protein kinase activity (GO:1902947),1/10,0.1686768143098505,0.3671015095674045,0,0,5.974124809741248,10.632572511262758,CLU
1040,GO_Biological_Process_2021,forelimb morphogenesis (GO:0035136),1/10,0.1686768143098505,0.3671015095674045,0,0,5.974124809741248,10.632572511262758,TFAP2B
1046,GO_Biological_Process_2021,lipid droplet formation (GO:0140042),1/10,0.1686768143098505,0.3671015095674045,0,0,5.974124809741248,10.632572511262758,CDS1
1065,GO_Biological_Process_2021,protein K11-linked deubiquitination (GO:0035871),1/10,0.1686768143098505,0.3671015095674045,0,0,5.974124809741248,10.632572511262758,OTUD7B
1038,GO_Biological_Process_2021,regulation of postsynaptic neurotransmitter receptor activity (GO:0098962),1/10,0.1686768143098505,0.3671015095674045,0,0,5.974124809741248,10.632572511262758,DLGAP1
1037,GO_Biological_Process_2021,regulation of podosome assembly (GO:0071801),1/10,0.1686768143098505,0.3671015095674045,0,0,5.974124809741248,10.632572511262758,ASAP1
1036,GO_Biological_Process_2021,regulation of phospholipid metabolic process (GO:1903725),1/10,0.1686768143098505,0.3671015095674045,0,0,5.974124809741248,10.632572511262758,GNB3
1035,GO_Biological_Process_2021,"regulation of phagocytosis, engulfment (GO:0060099)",1/10,0.1686768143098505,0.3671015095674045,0,0,5.974124809741248,10.632572511262758,APPL2
1034,GO_Biological_Process_2021,regulation of organ growth (GO:0046620),1/10,0.1686768143098505,0.3671015095674045,0,0,5.974124809741248,10.632572511262758,WWC2
1032,GO_Biological_Process_2021,DNA replication-dependent nucleosome assembly (GO:0006335),1/10,0.1686768143098505,0.3671015095674045,0,0,5.974124809741248,10.632572511262758,NASP
1039,GO_Biological_Process_2021,endothelium development (GO:0003158),1/10,0.1686768143098505,0.3671015095674045,0,0,5.974124809741248,10.632572511262758,JAG1
1047,GO_Biological_Process_2021,lipoprotein transport (GO:0042953),1/10,0.1686768143098505,0.3671015095674045,0,0,5.974124809741248,10.632572511262758,PRKCB
1063,GO_Biological_Process_2021,phosphate ion homeostasis (GO:0055062),1/10,0.1686768143098505,0.3671015095674045,0,0,5.974124809741248,10.632572511262758,TFAP2B
1049,GO_Biological_Process_2021,myelin maintenance (GO:0043217),1/10,0.1686768143098505,0.3671015095674045,0,0,5.974124809741248,10.632572511262758,CLU
1031,GO_Biological_Process_2021,defense response to tumor cell (GO:0002357),1/10,0.1686768143098505,0.3671015095674045,0,0,5.974124809741248,10.632572511262758,PLK5
1064,GO_Biological_Process_2021,presynaptic membrane assembly (GO:0097105),1/10,0.1686768143098505,0.3671015095674045,0,0,5.974124809741248,10.632572511262758,PTPRD
1062,GO_Biological_Process_2021,neuron remodeling (GO:0016322),1/10,0.1686768143098505,0.3671015095674045,0,0,5.974124809741248,10.632572511262758,APP
1061,GO_Biological_Process_2021,neuron projection maintenance (GO:1990535),1/10,0.1686768143098505,0.3671015095674045,0,0,5.974124809741248,10.632572511262758,APP
1060,GO_Biological_Process_2021,negative regulation of voltage-gated calcium channel activity (GO:1901386),1/10,0.1686768143098505,0.3671015095674045,0,0,5.974124809741248,10.632572511262758,DRD4
1059,GO_Biological_Process_2021,negative regulation of vascular endothelial growth factor signaling pathway (GO:1900747),1/10,0.1686768143098505,0.3671015095674045,0,0,5.974124809741248,10.632572511262758,SPRY2
1058,GO_Biological_Process_2021,negative regulation of transmembrane transport (GO:0034763),1/10,0.1686768143098505,0.3671015095674045,0,0,5.974124809741248,10.632572511262758,PRKCB
1057,GO_Biological_Process_2021,negative regulation of transcription from RNA polymerase II promoter in response to stress (GO:0097201),1/10,0.1686768143098505,0.3671015095674045,0,0,5.974124809741248,10.632572511262758,IMPACT
1056,GO_Biological_Process_2021,negative regulation of sodium ion transmembrane transporter activity (GO:2000650),1/10,0.1686768143098505,0.3671015095674045,0,0,5.974124809741248,10.632572511262758,PRKCE
1055,GO_Biological_Process_2021,negative regulation of sodium ion transmembrane transport (GO:1902306),1/10,0.1686768143098505,0.3671015095674045,0,0,5.974124809741248,10.632572511262758,PRKCE
1054,GO_Biological_Process_2021,negative regulation of protein autophosphorylation (GO:0031953),1/10,0.1686768143098505,0.3671015095674045,0,0,5.974124809741248,10.632572511262758,IMPACT
1053,GO_Biological_Process_2021,negative regulation of lipopolysaccharide-mediated signaling pathway (GO:0031665),1/10,0.1686768143098505,0.3671015095674045,0,0,5.974124809741248,10.632572511262758,TRIB1
1052,GO_Biological_Process_2021,negative regulation of interferon-beta production (GO:0032688),1/10,0.1686768143098505,0.3671015095674045,0,0,5.974124809741248,10.632572511262758,PTPRS
1051,GO_Biological_Process_2021,negative regulation of establishment of protein localization (GO:1904950),1/10,0.1686768143098505,0.3671015095674045,0,0,5.974124809741248,10.632572511262758,MAPT
1050,GO_Biological_Process_2021,negative regulation of cell-cell adhesion mediated by cadherin (GO:2000048),1/10,0.1686768143098505,0.3671015095674045,0,0,5.974124809741248,10.632572511262758,VEGFA
1048,GO_Biological_Process_2021,mesenchymal to epithelial transition (GO:0060231),1/10,0.1686768143098505,0.3671015095674045,0,0,5.974124809741248,10.632572511262758,BASP1
1030,GO_Biological_Process_2021,regulation of macrophage migration (GO:1905521),1/10,0.1686768143098505,0.3671015095674045,0,0,5.974124809741248,10.632572511262758,CD200
1019,GO_Biological_Process_2021,arachidonate transport (GO:1903963),1/10,0.1686768143098505,0.3671015095674045,0,0,5.974124809741248,10.632572511262758,DRD4
1028,GO_Biological_Process_2021,chylomicron assembly (GO:0034378),1/10,0.1686768143098505,0.3671015095674045,0,0,5.974124809741248,10.632572511262758,APOE
1007,GO_Biological_Process_2021,regulation of nitric oxide biosynthetic process (GO:0045428),2/40,0.1660100379279012,0.3671015095674045,0,0,2.8334297281665703,5.088009662070084,CD47;CLU
1006,GO_Biological_Process_2021,ion transport (GO:0006811),4/116,0.1636284288968917,0.3671015095674045,0,0,1.9260063141278612,3.4863740025195,SLC24A1;SLC26A2;SLC24A3;SLC32A1
1005,GO_Biological_Process_2021,cellular response to hormone stimulus (GO:0032870),3/76,0.1626243132639464,0.3671015095674045,0,0,2.2145363975999093,4.022290284562015,ROBO2;SLIT2;NR3C1
1004,GO_Biological_Process_2021,regulation of epithelial to mesenchymal transition (GO:0010717),3/76,0.1626243132639464,0.3671015095674045,0,0,2.2145363975999093,4.022290284562015,OLFM1;TGFB2;SPRY2
1003,GO_Biological_Process_2021,actomyosin structure organization (GO:0031032),3/76,0.1626243132639464,0.3671015095674045,0,0,2.2145363975999093,4.022290284562015,FRMD3;TMOD2;TPM1
1002,GO_Biological_Process_2021,positive regulation of cell population proliferation (GO:0008284),12/474,0.1621080571578607,0.3671015095674045,0,0,1.4067062880622203,2.559491043723731,TFAP2B;TGFB2;HMGN5;CAPNS1;TET1;IGF1;PROX1;CD47;SOX4;NME1;VEGFA;GNAI2
1008,GO_Biological_Process_2021,stem cell differentiation (GO:0048863),2/40,0.1660100379279012,0.3671015095674045,0,0,2.8334297281665703,5.088009662070084,GPM6A;TGFB2
1000,GO_Biological_Process_2021,positive regulation of protein metabolic process (GO:0051247),4/115,0.1601275553881921,0.3671015095674045,0,0,1.9434572694241203,3.5599950195086887,APP;APOE;CLU;ISL1
998,GO_Biological_Process_2021,endothelial cell migration (GO:0043542),2/39,0.1595332353441631,0.3671015095674045,0,0,2.91015741015741,5.341602675441055,SCG2;VEGFA
997,GO_Biological_Process_2021,regulation of heart rate by cardiac conduction (GO:0086091),2/39,0.1595332353441631,0.3671015095674045,0,0,2.91015741015741,5.341602675441055,KCNE2;ISL1
996,GO_Biological_Process_2021,cellular response to ketone (GO:1901655),2/39,0.1595332353441631,0.3671015095674045,0,0,2.91015741015741,5.341602675441055,ADCY1;NR3C1
995,GO_Biological_Process_2021,organelle assembly (GO:0070925),11/425,0.1584697285906418,0.3671015095674045,0,0,1.4385248690208887,2.650038560597073,CDS1;IFT20;ARF4;FAM161A;ARL13B;MAK;TMOD2;CEP164;ASAP1;MAPT;CC2D2A
994,GO_Biological_Process_2021,response to amino acid starvation (GO:1990928),3/75,0.1582059394573125,0.3671015095674045,0,0,2.245408631772268,4.140213951274482,IMPACT;DAPL1;RNF152
1029,GO_Biological_Process_2021,regulation of long-term synaptic depression (GO:1900452),1/10,0.1686768143098505,0.3671015095674045,0,0,5.974124809741248,10.632572511262758,MAPT
999,GO_Biological_Process_2021,regulation of receptor-mediated endocytosis (GO:0048259),2/39,0.1595332353441631,0.3671015095674045,0,0,2.91015741015741,5.341602675441055,VTN;CLU
1009,GO_Biological_Process_2021,negative regulation of blood coagulation (GO:0030195),2/40,0.1660100379279012,0.3671015095674045,0,0,2.8334297281665703,5.088009662070084,VTN;APOE
1001,GO_Biological_Process_2021,regulation of macromolecule metabolic process (GO:0060255),6/200,0.1615179488625519,0.3671015095674045,0,0,1.6701030927835052,3.044830089199789,APP;GNB3;APOE;IGF1;PROX1;ATP1B1
1011,GO_Biological_Process_2021,negative regulation of I-kappaB kinase/NF-kappaB signaling (GO:0043124),2/40,0.1660100379279012,0.3671015095674045,0,0,2.8334297281665703,5.088009662070084,PPM1N;OTUD7B
1025,GO_Biological_Process_2021,cellular response to acidic pH (GO:0071468),1/10,0.1686768143098505,0.3671015095674045,0,0,5.974124809741248,10.632572511262758,IMPACT
1024,GO_Biological_Process_2021,cAMP biosynthetic process (GO:0006171),1/10,0.1686768143098505,0.3671015095674045,0,0,5.974124809741248,10.632572511262758,ADCY1
1023,GO_Biological_Process_2021,regulation of cell-cell adhesion mediated by integrin (GO:0033632),1/10,0.1686768143098505,0.3671015095674045,0,0,5.974124809741248,10.632572511262758,PODXL
1022,GO_Biological_Process_2021,regulation of bile acid biosynthetic process (GO:0070857),1/10,0.1686768143098505,0.3671015095674045,0,0,5.974124809741248,10.632572511262758,PROX1
1021,GO_Biological_Process_2021,regulation of axon guidance (GO:1902667),1/10,0.1686768143098505,0.3671015095674045,0,0,5.974124809741248,10.632572511262758,VEGFA
1020,GO_Biological_Process_2021,arachidonic acid secretion (GO:0050482),1/10,0.1686768143098505,0.3671015095674045,0,0,5.974124809741248,10.632572511262758,DRD4
1026,GO_Biological_Process_2021,cellular response to leucine starvation (GO:1990253),1/10,0.1686768143098505,0.3671015095674045,0,0,5.974124809741248,10.632572511262758,IMPACT
1027,GO_Biological_Process_2021,regulation of glycoprotein biosynthetic process (GO:0010559),1/10,0.1686768143098505,0.3671015095674045,0,0,5.974124809741248,10.632572511262758,IGF1
1017,GO_Biological_Process_2021,receptor guanylyl cyclase signaling pathway (GO:0007168),1/10,0.1686768143098505,0.3671015095674045,0,0,5.974124809741248,10.632572511262758,GUCA1B
1016,GO_Biological_Process_2021,adrenal gland development (GO:0030325),1/10,0.1686768143098505,0.3671015095674045,0,0,5.974124809741248,10.632572511262758,DKK3
1015,GO_Biological_Process_2021,positive regulation of tumor necrosis factor production (GO:0032760),3/77,0.1670794276689247,0.3671015095674045,0,0,2.1844985481349117,3.908692592413574,APP;CLU;ISL1
1014,GO_Biological_Process_2021,positive regulation of endothelial cell proliferation (GO:0001938),3/77,0.1670794276689247,0.3671015095674045,0,0,2.1844985481349117,3.908692592413574,PROX1;SCG2;VEGFA
1013,GO_Biological_Process_2021,positive regulation of ossification (GO:0045778),2/40,0.1660100379279012,0.3671015095674045,0,0,2.8334297281665703,5.088009662070084,TGFB2;ATP2B1
1012,GO_Biological_Process_2021,positive regulation of cation channel activity (GO:2001259),2/40,0.1660100379279012,0.3671015095674045,0,0,2.8334297281665703,5.088009662070084,ANK3;HAP1
1018,GO_Biological_Process_2021,receptor recycling (GO:0001881),1/10,0.1686768143098505,0.3671015095674045,0,0,5.974124809741248,10.632572511262758,NSG1
1010,GO_Biological_Process_2021,negative regulation of ERBB signaling pathway (GO:1901185),2/40,0.1660100379279012,0.3671015095674045,0,0,2.8334297281665703,5.088009662070084,DUSP3;SPRY2
1066,GO_Biological_Process_2021,positive regulation of protein-containing complex assembly (GO:0031334),4/118,0.1707121303060569,0.3711828887629353,0,0,1.8920228748667247,3.3446737451275275,RPA1;ASAP1;CLU;VEGFA
1067,GO_Biological_Process_2021,negative regulation of apoptotic signaling pathway (GO:2001234),3/78,0.1715700077768321,0.3723502507411136,0,0,2.1552617079889806,3.799217506004818,IGF1;CLU;SCG2
1068,GO_Biological_Process_2021,negative regulation of blood vessel morphogenesis (GO:2000181),3/78,0.1715700077768321,0.3723502507411136,0,0,2.1552617079889806,3.799217506004818,TGFB2;SPARC;SPRY2
1069,GO_Biological_Process_2021,epithelial cell migration (GO:0010631),2/41,0.1725317699655669,0.3733896514180179,0,0,2.7606367990983376,4.850918891430389,ZEB2;SCG2
1070,GO_Biological_Process_2021,regulation of response to DNA damage stimulus (GO:2001020),2/41,0.1725317699655669,0.3733896514180179,0,0,2.7606367990983376,4.850918891430389,MAPT;IER3
1071,GO_Biological_Process_2021,positive regulation of cation transmembrane transport (GO:1904064),2/41,0.1725317699655669,0.3733896514180179,0,0,2.7606367990983376,4.850918891430389,KCNMA1;ANK3
1113,GO_Biological_Process_2021,tetrahydrobiopterin metabolic process (GO:0046146),1/11,0.1838976173791864,0.3775597100174447,0,0,5.376438356164384,9.104332234394828,QDPR
1112,GO_Biological_Process_2021,synaptic vesicle transport (GO:0048489),1/11,0.1838976173791864,0.3775597100174447,0,0,5.376438356164384,9.104332234394828,KIF5C
1111,GO_Biological_Process_2021,lipoprotein localization (GO:0044872),1/11,0.1838976173791864,0.3775597100174447,0,0,5.376438356164384,9.104332234394828,PRKCB
1110,GO_Biological_Process_2021,lipoprotein catabolic process (GO:0042159),1/11,0.1838976173791864,0.3775597100174447,0,0,5.376438356164384,9.104332234394828,APOE
1109,GO_Biological_Process_2021,lipoprotein biosynthetic process (GO:0042158),1/11,0.1838976173791864,0.3775597100174447,0,0,5.376438356164384,9.104332234394828,APOE
1106,GO_Biological_Process_2021,hepatocyte growth factor receptor signaling pathway (GO:0048012),1/11,0.1838976173791864,0.3775597100174447,0,0,5.376438356164384,9.104332234394828,STMN1
1107,GO_Biological_Process_2021,ribonucleoside bisphosphate biosynthetic process (GO:0034030),1/11,0.1838976173791864,0.3775597100174447,0,0,5.376438356164384,9.104332234394828,ACOT7
1103,GO_Biological_Process_2021,glucocorticoid metabolic process (GO:0008211),1/11,0.1838976173791864,0.3775597100174447,0,0,5.376438356164384,9.104332234394828,YWHAH
1114,GO_Biological_Process_2021,metanephric mesenchyme development (GO:0072075),1/11,0.1838976173791864,0.3775597100174447,0,0,5.376438356164384,9.104332234394828,BASP1
1105,GO_Biological_Process_2021,Golgi inheritance (GO:0048313),1/11,0.1838976173791864,0.3775597100174447,0,0,5.376438356164384,9.104332234394828,PLK5
1104,GO_Biological_Process_2021,glutamine family amino acid biosynthetic process (GO:0009084),1/11,0.1838976173791864,0.3775597100174447,0,0,5.376438356164384,9.104332234394828,GLUL
1108,GO_Biological_Process_2021,insulin-like growth factor receptor signaling pathway (GO:0048009),1/11,0.1838976173791864,0.3775597100174447,0,0,5.376438356164384,9.104332234394828,IGF1
1115,GO_Biological_Process_2021,monocyte differentiation (GO:0030224),1/11,0.1838976173791864,0.3775597100174447,0,0,5.376438356164384,9.104332234394828,VEGFA
1129,GO_Biological_Process_2021,presynaptic membrane organization (GO:0097090),1/11,0.1838976173791864,0.3775597100174447,0,0,5.376438356164384,9.104332234394828,PTPRD
1117,GO_Biological_Process_2021,negative regulation of centrosome duplication (GO:0010826),1/11,0.1838976173791864,0.3775597100174447,0,0,5.376438356164384,9.104332234394828,MDM1
1118,GO_Biological_Process_2021,negative regulation of intracellular estrogen receptor signaling pathway (GO:0033147),1/11,0.1838976173791864,0.3775597100174447,0,0,5.376438356164384,9.104332234394828,ISL1
1119,GO_Biological_Process_2021,negative regulation of lymphocyte migration (GO:2000402),1/11,0.1838976173791864,0.3775597100174447,0,0,5.376438356164384,9.104332234394828,CD200
1120,GO_Biological_Process_2021,negative regulation of platelet-derived growth factor receptor signaling pathway (GO:0010642),1/11,0.1838976173791864,0.3775597100174447,0,0,5.376438356164384,9.104332234394828,NDRG4
1121,GO_Biological_Process_2021,negative regulation of steroid biosynthetic process (GO:0010894),1/11,0.1838976173791864,0.3775597100174447,0,0,5.376438356164384,9.104332234394828,PROX1
1122,GO_Biological_Process_2021,Notch signaling involved in heart development (GO:0061314),1/11,0.1838976173791864,0.3775597100174447,0,0,5.376438356164384,9.104332234394828,JAG1
1123,GO_Biological_Process_2021,nucleus localization (GO:0051647),1/11,0.1838976173791864,0.3775597100174447,0,0,5.376438356164384,9.104332234394828,SYNE2
1124,GO_Biological_Process_2021,positive regulation by host of viral process (GO:0044794),1/11,0.1838976173791864,0.3775597100174447,0,0,5.376438356164384,9.104332234394828,APOE
1125,GO_Biological_Process_2021,positive regulation of epidermal growth factor-activated receptor activity (GO:0045741),1/11,0.1838976173791864,0.3775597100174447,0,0,5.376438356164384,9.104332234394828,FBXW7
1126,GO_Biological_Process_2021,positive regulation of neuroblast proliferation (GO:0002052),1/11,0.1838976173791864,0.3775597100174447,0,0,5.376438356164384,9.104332234394828,VEGFA
1127,GO_Biological_Process_2021,positive regulation of transforming growth factor beta production (GO:0071636),1/11,0.1838976173791864,0.3775597100174447,0,0,5.376438356164384,9.104332234394828,CD200
1128,GO_Biological_Process_2021,positive regulation of triglyceride biosynthetic process (GO:0010867),1/11,0.1838976173791864,0.3775597100174447,0,0,5.376438356164384,9.104332234394828,SCARB1
1102,GO_Biological_Process_2021,regulation of toll-like receptor 9 signaling pathway (GO:0034163),1/11,0.1838976173791864,0.3775597100174447,0,0,5.376438356164384,9.104332234394828,PTPRS
1116,GO_Biological_Process_2021,myotube cell development (GO:0014904),1/11,0.1838976173791864,0.3775597100174447,0,0,5.376438356164384,9.104332234394828,IGF1
1101,GO_Biological_Process_2021,regulation of synapse maturation (GO:0090128),1/11,0.1838976173791864,0.3775597100174447,0,0,5.376438356164384,9.104332234394828,NRXN1
1095,GO_Biological_Process_2021,columnar/cuboidal epithelial cell differentiation (GO:0002065),1/11,0.1838976173791864,0.3775597100174447,0,0,5.376438356164384,9.104332234394828,SOX4
1099,GO_Biological_Process_2021,regulation of phospholipase activity (GO:0010517),1/11,0.1838976173791864,0.3775597100174447,0,0,5.376438356164384,9.104332234394828,RGS2
1073,GO_Biological_Process_2021,regulation of inflammatory response (GO:0050727),6/206,0.1773794975187441,0.3775597100174447,0,0,1.6195,2.8008666043960084,APP;CYLD;APOE;CD47;ISL1;CD200
1074,GO_Biological_Process_2021,regulation of ubiquitin-dependent protein catabolic process (GO:2000058),2/42,0.1790946326757605,0.3775597100174447,0,0,2.6914835164835167,4.62892353741481,FBXW7;CLU
1075,GO_Biological_Process_2021,heterophilic cell-cell adhesion via plasma membrane cell adhesion molecules (GO:0007157),2/42,0.1790946326757605,0.3775597100174447,0,0,2.6914835164835167,4.62892353741481,PTPRD;CRB1
1076,GO_Biological_Process_2021,translesion synthesis (GO:0019985),2/42,0.1790946326757605,0.3775597100174447,0,0,2.6914835164835167,4.62892353741481,REV3L;RPA1
1077,GO_Biological_Process_2021,positive regulation of ATPase activity (GO:0032781),2/42,0.1790946326757605,0.3775597100174447,0,0,2.6914835164835167,4.62892353741481,TPM1;ATP1B1
1078,GO_Biological_Process_2021,positive regulation of signal transduction (GO:0009967),7/252,0.1806035256930672,0.3775597100174447,0,0,1.5430959013131715,2.640933202520591,VTN;TGFB2;JAG1;PRKCB;NRXN1;IGF1;HAP1
1079,GO_Biological_Process_2021,regulation of fat cell differentiation (GO:0045598),3/80,0.180652496610282,0.3775597100174447,0,0,2.099066223033166,3.591880142327871,CDS1;GNB3;RUNX1T1
1080,GO_Biological_Process_2021,negative regulation of extrinsic apoptotic signaling pathway (GO:2001237),3/80,0.180652496610282,0.3775597100174447,0,0,2.099066223033166,3.591880142327871,FAIM2;IGF1;SCG2
1081,GO_Biological_Process_2021,heart development (GO:0007507),5/164,0.1826669170444228,0.3775597100174447,0,0,1.696458126448196,2.8841330400075704,NDRG4;TGFB2;ISL1;SOX4;VEGFA
1082,GO_Biological_Process_2021,regulation of canonical Wnt signaling pathway (GO:0060828),7/253,0.1830564709477546,0.3775597100174447,0,0,1.5367438911157911,2.6093305630069152,CYLD;ZEB2;PPM1N;APOE;CDK14;SOX4;DKK3
1083,GO_Biological_Process_2021,positive regulation of multicellular organismal process (GO:0051240),9/345,0.1832904262123466,0.3775597100174447,0,0,1.4479291716686675,2.456677325740223,OLFM1;TGFB2;ESRRB;ELOVL6;APOE;HAP1;PLA2R1;APPL2;VEGFA
1084,GO_Biological_Process_2021,purine nucleoside bisphosphate biosynthetic process (GO:0034033),1/11,0.1838976173791864,0.3775597100174447,0,0,5.376438356164384,9.104332234394828,ACOT7
1085,GO_Biological_Process_2021,alcohol catabolic process (GO:0046164),1/11,0.1838976173791864,0.3775597100174447,0,0,5.376438356164384,9.104332234394828,APOE
1086,GO_Biological_Process_2021,pyrimidine nucleoside catabolic process (GO:0046135),1/11,0.1838976173791864,0.3775597100174447,0,0,5.376438356164384,9.104332234394828,NT5E
1087,GO_Biological_Process_2021,regulation of amyloid precursor protein biosynthetic process (GO:0042984),1/11,0.1838976173791864,0.3775597100174447,0,0,5.376438356164384,9.104332234394828,ITM2C
1088,GO_Biological_Process_2021,camera-type eye morphogenesis (GO:0048593),1/11,0.1838976173791864,0.3775597100174447,0,0,5.376438356164384,9.104332234394828,VEGFA
1089,GO_Biological_Process_2021,cardiac muscle cell membrane repolarization (GO:0099622),1/11,0.1838976173791864,0.3775597100174447,0,0,5.376438356164384,9.104332234394828,ATP1B1
1090,GO_Biological_Process_2021,carnitine shuttle (GO:0006853),1/11,0.1838976173791864,0.3775597100174447,0,0,5.376438356164384,9.104332234394828,CPT1A
1091,GO_Biological_Process_2021,cell proliferation in forebrain (GO:0021846),1/11,0.1838976173791864,0.3775597100174447,0,0,5.376438356164384,9.104332234394828,SIX3
1092,GO_Biological_Process_2021,central nervous system myelination (GO:0022010),1/11,0.1838976173791864,0.3775597100174447,0,0,5.376438356164384,9.104332234394828,CLU
1093,GO_Biological_Process_2021,coenzyme A biosynthetic process (GO:0015937),1/11,0.1838976173791864,0.3775597100174447,0,0,5.376438356164384,9.104332234394828,ACOT7
1094,GO_Biological_Process_2021,regulation of long-term neuronal synaptic plasticity (GO:0048169),1/11,0.1838976173791864,0.3775597100174447,0,0,5.376438356164384,9.104332234394828,APP
1096,GO_Biological_Process_2021,regulation of melanin biosynthetic process (GO:0048021),1/11,0.1838976173791864,0.3775597100174447,0,0,5.376438356164384,9.104332234394828,ZEB2
1097,GO_Biological_Process_2021,regulation of microtubule-based movement (GO:0060632),1/11,0.1838976173791864,0.3775597100174447,0,0,5.376438356164384,9.104332234394828,HAP1
1098,GO_Biological_Process_2021,regulation of mitochondrial depolarization (GO:0051900),1/11,0.1838976173791864,0.3775597100174447,0,0,5.376438356164384,9.104332234394828,MLLT11
1072,GO_Biological_Process_2021,positive regulation of ubiquitin-dependent protein catabolic process (GO:2000060),3/79,0.1760947847642782,0.3775597100174447,0,0,2.126794258373206,3.6936735156251688,FBXW7;TRIB1;CLU
1100,GO_Biological_Process_2021,fatty acid homeostasis (GO:0055089),1/11,0.1838976173791864,0.3775597100174447,0,0,5.376438356164384,9.104332234394828,APOE
1131,GO_Biological_Process_2021,positive regulation of tumor necrosis factor superfamily cytokine production (GO:1903557),3/81,0.1852418886542999,0.3796476869946782,0,0,2.072049162958254,3.493667178445422,APP;CLU;ISL1
1130,GO_Biological_Process_2021,epithelium development (GO:0060429),4/122,0.1851906303019668,0.3796476869946782,0,0,1.827511939320161,3.081860487410594,CPT1A;NDRG4;PROX1;VEGFA
1132,GO_Biological_Process_2021,myofibril assembly (GO:0030239),2/43,0.1856949505190003,0.3799050134074787,0,0,2.625703564727955,4.420765813575569,TMOD2;TPM1
1133,GO_Biological_Process_2021,negative regulation of type I interferon production (GO:0032480),2/43,0.1856949505190003,0.3799050134074787,0,0,2.625703564727955,4.420765813575569,CYLD;PTPRS
1134,GO_Biological_Process_2021,regulation of MAPK cascade (GO:0043408),5/166,0.1889037435131717,0.3861292378419017,0,0,1.6752120576039642,2.791770523870738,DUSP3;RIT2;IGF1;PAK3;PPEF2
1135,GO_Biological_Process_2021,cell-cell junction organization (GO:0045216),3/82,0.1898617143490231,0.3877457546564557,0,0,2.04571607908777,3.3988739864022857,TGFB2;CDH2;CTNNA1
1140,GO_Biological_Process_2021,metal ion homeostasis (GO:0055065),2/44,0.1923291680446263,0.3903794137038784,0,0,2.56305599162742,4.225318158156408,TFAP2B;ANK3
1136,GO_Biological_Process_2021,branching morphogenesis of an epithelial tube (GO:0048754),2/44,0.1923291680446263,0.3903794137038784,0,0,2.56305599162742,4.225318158156408,SLIT2;VEGFA
1137,GO_Biological_Process_2021,cation transmembrane transport (GO:0098655),2/44,0.1923291680446263,0.3903794137038784,0,0,2.56305599162742,4.225318158156408,TRPM1;ATP1B1
1138,GO_Biological_Process_2021,regulation of endothelial cell apoptotic process (GO:2000351),2/44,0.1923291680446263,0.3903794137038784,0,0,2.56305599162742,4.225318158156408,NDNF;SCG2
1139,GO_Biological_Process_2021,response to amyloid-beta (GO:1904645),2/44,0.1923291680446263,0.3903794137038784,0,0,2.56305599162742,4.225318158156408,APP;IGF1
1141,GO_Biological_Process_2021,negative regulation of epidermal growth factor receptor signaling pathway (GO:0042059),2/44,0.1923291680446263,0.3903794137038784,0,0,2.56305599162742,4.225318158156408,DUSP3;SPRY2
1142,GO_Biological_Process_2021,positive regulation of potassium ion transmembrane transport (GO:1901381),2/44,0.1923291680446263,0.3903794137038784,0,0,2.56305599162742,4.225318158156408,KCNMA1;ATP1B1
1168,GO_Biological_Process_2021,negative regulation of leukocyte chemotaxis (GO:0002689),1/12,0.1988404884194651,0.391242139271567,0,0,4.887422166874222,7.894420098525011,SLIT2
1167,GO_Biological_Process_2021,negative regulation of cellular response to vascular endothelial growth factor stimulus (GO:1902548),1/12,0.1988404884194651,0.391242139271567,0,0,4.887422166874222,7.894420098525011,SPRY2
1166,GO_Biological_Process_2021,negative regulation of cardiac muscle hypertrophy (GO:0010614),1/12,0.1988404884194651,0.391242139271567,0,0,4.887422166874222,7.894420098525011,RGS2
1163,GO_Biological_Process_2021,mitotic G1/S transition checkpoint signaling (GO:0044819),1/12,0.1988404884194651,0.391242139271567,0,0,4.887422166874222,7.894420098525011,PLK5
1164,GO_Biological_Process_2021,mitotic nuclear membrane disassembly (GO:0007077),1/12,0.1988404884194651,0.391242139271567,0,0,4.887422166874222,7.894420098525011,PRKCB
1169,GO_Biological_Process_2021,neurotransmitter uptake (GO:0001504),1/12,0.1988404884194651,0.391242139271567,0,0,4.887422166874222,7.894420098525011,GLUL
1165,GO_Biological_Process_2021,modulation by host of viral process (GO:0044788),1/12,0.1988404884194651,0.391242139271567,0,0,4.887422166874222,7.894420098525011,APOE
1170,GO_Biological_Process_2021,nucleoside catabolic process (GO:0009164),1/12,0.1988404884194651,0.391242139271567,0,0,4.887422166874222,7.894420098525011,NT5E
1177,GO_Biological_Process_2021,positive regulation of vascular permeability (GO:0043117),1/12,0.1988404884194651,0.391242139271567,0,0,4.887422166874222,7.894420098525011,VEGFA
1172,GO_Biological_Process_2021,poly-N-acetyllactosamine biosynthetic process (GO:0030311),1/12,0.1988404884194651,0.391242139271567,0,0,4.887422166874222,7.894420098525011,B3GALT2
1173,GO_Biological_Process_2021,positive regulation of branching involved in ureteric bud morphogenesis (GO:0090190),1/12,0.1988404884194651,0.391242139271567,0,0,4.887422166874222,7.894420098525011,VEGFA
1174,GO_Biological_Process_2021,positive regulation of cardiocyte differentiation (GO:1905209),1/12,0.1988404884194651,0.391242139271567,0,0,4.887422166874222,7.894420098525011,TGFB2
1175,GO_Biological_Process_2021,positive regulation of protein depolymerization (GO:1901881),1/12,0.1988404884194651,0.391242139271567,0,0,4.887422166874222,7.894420098525011,STMN2
1176,GO_Biological_Process_2021,positive regulation of protein maturation (GO:1903319),1/12,0.1988404884194651,0.391242139271567,0,0,4.887422166874222,7.894420098525011,SOX4
1178,GO_Biological_Process_2021,regulation of pri-miRNA transcription by RNA polymerase II (GO:1902893),2/45,0.1989938466984694,0.391242139271567,0,0,2.5033222591362128,4.041567165123487,TGFB2;NR3C1
1179,GO_Biological_Process_2021,positive regulation of nervous system development (GO:0051962),2/45,0.1989938466984694,0.391242139271567,0,0,2.5033222591362128,4.041567165123487,PTPRD;NRXN1
1171,GO_Biological_Process_2021,phospholipid efflux (GO:0033700),1/12,0.1988404884194651,0.391242139271567,0,0,4.887422166874222,7.894420098525011,APOE
1162,GO_Biological_Process_2021,replicative senescence (GO:0090399),1/12,0.1988404884194651,0.391242139271567,0,0,4.887422166874222,7.894420098525011,PLA2R1
1159,GO_Biological_Process_2021,gas transport (GO:0015669),1/12,0.1988404884194651,0.391242139271567,0,0,4.887422166874222,7.894420098525011,CYGB
1160,GO_Biological_Process_2021,regulation of vascular associated smooth muscle cell migration (GO:1904752),1/12,0.1988404884194651,0.391242139271567,0,0,4.887422166874222,7.894420098525011,TPM1
1143,GO_Biological_Process_2021,phosphate-containing compound metabolic process (GO:0006796),6/212,0.1938439643829349,0.391242139271567,0,0,1.571844660194175,2.578928286047841,PFKFB2;PTPRD;CERKL;DUSP3;PGM2L1;NUDT4
1144,GO_Biological_Process_2021,regulation of defense response (GO:0031347),3/83,0.1945107359052675,0.391242139271567,0,0,2.0200413223140496,3.3073488540801272,CYLD;APOE;APPL2
1146,GO_Biological_Process_2021,positive regulation of plasma membrane bounded cell projection assembly (GO:0120034),3/83,0.1945107359052675,0.391242139271567,0,0,2.0200413223140496,3.3073488540801272,GPM6A;CCDC88A;AUTS2
1147,GO_Biological_Process_2021,cellular response to oxidative stress (GO:0034599),4/125,0.1963027338499197,0.391242139271567,0,0,1.7819277658554404,2.9011516968907354,TPM1;MAPT;PLA2R1;PRDX6
1148,GO_Biological_Process_2021,regulation of amyloid precursor protein catabolic process (GO:1902991),1/12,0.1988404884194651,0.391242139271567,0,0,4.887422166874222,7.894420098525011,APOE
1149,GO_Biological_Process_2021,ATP transport (GO:0015867),1/12,0.1988404884194651,0.391242139271567,0,0,4.887422166874222,7.894420098525011,CD47
1150,GO_Biological_Process_2021,regulation of axon regeneration (GO:0048679),1/12,0.1988404884194651,0.391242139271567,0,0,4.887422166874222,7.894420098525011,PTPRS
1151,GO_Biological_Process_2021,regulation of cholesterol esterification (GO:0010872),1/12,0.1988404884194651,0.391242139271567,0,0,4.887422166874222,7.894420098525011,APOE
1145,GO_Biological_Process_2021,regulation of interleukin-1 beta production (GO:0032651),3/83,0.1945107359052675,0.391242139271567,0,0,2.0200413223140496,3.3073488540801272,APP;IGF1;ISL1
1153,GO_Biological_Process_2021,carnitine metabolic process (GO:0009437),1/12,0.1988404884194651,0.391242139271567,0,0,4.887422166874222,7.894420098525011,CPT1A
1154,GO_Biological_Process_2021,catecholamine biosynthetic process (GO:0042423),1/12,0.1988404884194651,0.391242139271567,0,0,4.887422166874222,7.894420098525011,TGFB2
1155,GO_Biological_Process_2021,cell cycle checkpoint signaling (GO:0000075),1/12,0.1988404884194651,0.391242139271567,0,0,4.887422166874222,7.894420098525011,ZWINT
1156,GO_Biological_Process_2021,regulation of feeding behavior (GO:0060259),1/12,0.1988404884194651,0.391242139271567,0,0,4.887422166874222,7.894420098525011,GNB3
1157,GO_Biological_Process_2021,regulation of hemopoiesis (GO:1903706),1/12,0.1988404884194651,0.391242139271567,0,0,4.887422166874222,7.894420098525011,PRKCB
1158,GO_Biological_Process_2021,regulation of muscle system process (GO:0090257),1/12,0.1988404884194651,0.391242139271567,0,0,4.887422166874222,7.894420098525011,TPM1
1161,GO_Biological_Process_2021,glutamine metabolic process (GO:0006541),1/12,0.1988404884194651,0.391242139271567,0,0,4.887422166874222,7.894420098525011,GLUL
1152,GO_Biological_Process_2021,cardiocyte differentiation (GO:0035051),1/12,0.1988404884194651,0.391242139271567,0,0,4.887422166874222,7.894420098525011,TGFB2
1180,GO_Biological_Process_2021,phosphorylation (GO:0016310),10/400,0.1997522186187157,0.3924006326802882,0,0,1.3860558916738692,2.2324891596307315,GRK1;APP;CERKL;TGFB2;PRKCB;PRKCE;MAK;PAK3;TRIB1;CDK14
1181,GO_Biological_Process_2021,circulatory system development (GO:0072359),4/126,0.2000517687981994,0.3926566020404592,0,0,1.7672312290553391,2.8437915620870498,TGFB2;FBXW7;ISL1;SOX4
1218,GO_Biological_Process_2021,negative regulation of mononuclear cell migration (GO:0071676),1/13,0.2135104886850832,0.4017391190181614,0,0,4.479908675799087,6.917289543552431,SLIT2
1217,GO_Biological_Process_2021,negative regulation of hippo signaling (GO:0035331),1/13,0.2135104886850832,0.4017391190181614,0,0,4.479908675799087,6.917289543552431,WWC2
1216,GO_Biological_Process_2021,negative regulation of adenylate cyclase activity (GO:0007194),1/13,0.2135104886850832,0.4017391190181614,0,0,4.479908675799087,6.917289543552431,GNAI2
1215,GO_Biological_Process_2021,very long-chain fatty acid biosynthetic process (GO:0042761),1/13,0.2135104886850832,0.4017391190181614,0,0,4.479908675799087,6.917289543552431,ELOVL6
1209,GO_Biological_Process_2021,spinal cord development (GO:0021510),1/13,0.2135104886850832,0.4017391190181614,0,0,4.479908675799087,6.917289543552431,SOX4
1213,GO_Biological_Process_2021,triglyceride-rich lipoprotein particle remodeling (GO:0034370),1/13,0.2135104886850832,0.4017391190181614,0,0,4.479908675799087,6.917289543552431,APOE
1212,GO_Biological_Process_2021,transport along microtubule (GO:0010970),1/13,0.2135104886850832,0.4017391190181614,0,0,4.479908675799087,6.917289543552431,APP
1210,GO_Biological_Process_2021,lymphocyte mediated immunity (GO:0002449),1/13,0.2135104886850832,0.4017391190181614,0,0,4.479908675799087,6.917289543552431,JAG1
1219,GO_Biological_Process_2021,negative regulation of nucleocytoplasmic transport (GO:0046823),1/13,0.2135104886850832,0.4017391190181614,0,0,4.479908675799087,6.917289543552431,CABP1
1214,GO_Biological_Process_2021,mitochondrion transport along microtubule (GO:0047497),1/13,0.2135104886850832,0.4017391190181614,0,0,4.479908675799087,6.917289543552431,MAPT
1220,GO_Biological_Process_2021,pathway-restricted SMAD protein phosphorylation (GO:0060389),1/13,0.2135104886850832,0.4017391190181614,0,0,4.479908675799087,6.917289543552431,TGFB2
1230,GO_Biological_Process_2021,positive regulation of purine nucleotide biosynthetic process (GO:1900373),1/13,0.2135104886850832,0.4017391190181614,0,0,4.479908675799087,6.917289543552431,GUCA1A
1222,GO_Biological_Process_2021,poly-N-acetyllactosamine metabolic process (GO:0030309),1/13,0.2135104886850832,0.4017391190181614,0,0,4.479908675799087,6.917289543552431,B3GALT2
1223,GO_Biological_Process_2021,positive regulation of calcineurin-mediated signaling (GO:0106058),1/13,0.2135104886850832,0.4017391190181614,0,0,4.479908675799087,6.917289543552431,IGF1
1224,GO_Biological_Process_2021,positive regulation of calcineurin-NFAT signaling cascade (GO:0070886),1/13,0.2135104886850832,0.4017391190181614,0,0,4.479908675799087,6.917289543552431,IGF1
1225,GO_Biological_Process_2021,positive regulation of calcium ion import (GO:0090280),1/13,0.2135104886850832,0.4017391190181614,0,0,4.479908675799087,6.917289543552431,GRM6
1226,GO_Biological_Process_2021,positive regulation of calcium ion-dependent exocytosis (GO:0045956),1/13,0.2135104886850832,0.4017391190181614,0,0,4.479908675799087,6.917289543552431,SYT4
1227,GO_Biological_Process_2021,positive regulation of cellular carbohydrate metabolic process (GO:0010676),1/13,0.2135104886850832,0.4017391190181614,0,0,4.479908675799087,6.917289543552431,PRKCE
1228,GO_Biological_Process_2021,positive regulation of histone deacetylation (GO:0031065),1/13,0.2135104886850832,0.4017391190181614,0,0,4.479908675799087,6.917289543552431,VEGFA
1229,GO_Biological_Process_2021,positive regulation of protein acetylation (GO:1901985),1/13,0.2135104886850832,0.4017391190181614,0,0,4.479908675799087,6.917289543552431,FAM161A
1208,GO_Biological_Process_2021,sodium ion export across plasma membrane (GO:0036376),1/13,0.2135104886850832,0.4017391190181614,0,0,4.479908675799087,6.917289543552431,ATP1B1
1231,GO_Biological_Process_2021,positive regulation of sodium ion transport (GO:0010765),1/13,0.2135104886850832,0.4017391190181614,0,0,4.479908675799087,6.917289543552431,ANK3
1232,GO_Biological_Process_2021,positive regulation of steroid metabolic process (GO:0045940),1/13,0.2135104886850832,0.4017391190181614,0,0,4.479908675799087,6.917289543552431,APOE
1221,GO_Biological_Process_2021,pentose-phosphate shunt (GO:0006098),1/13,0.2135104886850832,0.4017391190181614,0,0,4.479908675799087,6.917289543552431,TKT
1207,GO_Biological_Process_2021,icosanoid secretion (GO:0032309),1/13,0.2135104886850832,0.4017391190181614,0,0,4.479908675799087,6.917289543552431,DRD4
1211,GO_Biological_Process_2021,synaptic vesicle localization (GO:0097479),1/13,0.2135104886850832,0.4017391190181614,0,0,4.479908675799087,6.917289543552431,KIF5C
1205,GO_Biological_Process_2021,glycogen biosynthetic process (GO:0005978),1/13,0.2135104886850832,0.4017391190181614,0,0,4.479908675799087,6.917289543552431,PGM2L1
1206,GO_Biological_Process_2021,high-density lipoprotein particle assembly (GO:0034380),1/13,0.2135104886850832,0.4017391190181614,0,0,4.479908675799087,6.917289543552431,APOE
1182,GO_Biological_Process_2021,negative regulation of cellular macromolecule biosynthetic process (GO:2000113),13/547,0.2049736003641386,0.4017391190181614,0,0,1.3172274034227751,2.087639578170751,CDKN1C;TFAP2B;SAMD7;DBI;PROX1;NR3C1;DKK3;BASP1;SIX3;DPF3;SAMD11;CDK5R1;RUNX1T1
1183,GO_Biological_Process_2021,positive regulation of organelle assembly (GO:1902117),2/46,0.2056856618172879,0.4017391190181614,0,0,2.4463036963036964,3.868599805734671,CCDC88A;ASAP1
1184,GO_Biological_Process_2021,positive regulation of ERK1 and ERK2 cascade (GO:0070374),5/172,0.2080562400382138,0.4017391190181614,0,0,1.61452717833032,2.5347218595205776,APP;NDRG4;FBXW7;SPRY2;APOE
1185,GO_Biological_Process_2021,regulation of Ras protein signal transduction (GO:0046578),3/86,0.2086207391170785,0.4017391190181614,0,0,1.9467290650204123,3.0509864442904706,TGFB2;SPRY2;IGF1
1186,GO_Biological_Process_2021,regulation of cellular metabolic process (GO:0031323),2/47,0.2124013995434386,0.4017391190181614,0,0,2.391819291819292,3.7055915747723582,ARF4;GNB3
1187,GO_Biological_Process_2021,regulation of DNA binding (GO:0051101),2/47,0.2124013995434386,0.4017391190181614,0,0,2.391819291819292,3.7055915747723582,IGF1;NME1
1189,GO_Biological_Process_2021,regulation of T cell activation (GO:0050863),2/47,0.2124013995434386,0.4017391190181614,0,0,2.391819291819292,3.7055915747723582,DUSP3;CD47
1190,GO_Biological_Process_2021,negative regulation of angiogenesis (GO:0016525),3/87,0.2133743586167192,0.4017391190181614,0,0,1.9234553325462416,2.971175115966716,TGFB2;SPARC;SPRY2
1191,GO_Biological_Process_2021,pteridine-containing compound metabolic process (GO:0042558),1/13,0.2135104886850832,0.4017391190181614,0,0,4.479908675799087,6.917289543552431,QDPR
1192,GO_Biological_Process_2021,purine nucleotide catabolic process (GO:0006195),1/13,0.2135104886850832,0.4017391190181614,0,0,4.479908675799087,6.917289543552431,NT5E
1193,GO_Biological_Process_2021,purine-containing compound catabolic process (GO:0072523),1/13,0.2135104886850832,0.4017391190181614,0,0,4.479908675799087,6.917289543552431,NT5E
1188,GO_Biological_Process_2021,epithelial to mesenchymal transition (GO:0001837),2/47,0.2124013995434386,0.4017391190181614,0,0,2.391819291819292,3.7055915747723582,OLFM1;TGFB2
1195,GO_Biological_Process_2021,regulation of cell communication by electrical coupling (GO:0010649),1/13,0.2135104886850832,0.4017391190181614,0,0,4.479908675799087,6.917289543552431,ANK3
1196,GO_Biological_Process_2021,regulation of homotypic cell-cell adhesion (GO:0034110),1/13,0.2135104886850832,0.4017391190181614,0,0,4.479908675799087,6.917289543552431,ANK3
1197,GO_Biological_Process_2021,cranial nerve development (GO:0021545),1/13,0.2135104886850832,0.4017391190181614,0,0,4.479908675799087,6.917289543552431,ISL1
1198,GO_Biological_Process_2021,regulation of membrane repolarization (GO:0060306),1/13,0.2135104886850832,0.4017391190181614,0,0,4.479908675799087,6.917289543552431,KCNE2
1199,GO_Biological_Process_2021,DNA replication-independent nucleosome organization (GO:0034724),1/13,0.2135104886850832,0.4017391190181614,0,0,4.479908675799087,6.917289543552431,NASP
1200,GO_Biological_Process_2021,embryonic appendage morphogenesis (GO:0035113),1/13,0.2135104886850832,0.4017391190181614,0,0,4.479908675799087,6.917289543552431,TGFB2
1201,GO_Biological_Process_2021,regulation of protein acetylation (GO:1901983),1/13,0.2135104886850832,0.4017391190181614,0,0,4.479908675799087,6.917289543552431,FAM161A
1202,GO_Biological_Process_2021,regulation of short-term neuronal synaptic plasticity (GO:0048172),1/13,0.2135104886850832,0.4017391190181614,0,0,4.479908675799087,6.917289543552431,SLC4A10
1203,GO_Biological_Process_2021,fatty acid elongation (GO:0030497),1/13,0.2135104886850832,0.4017391190181614,0,0,4.479908675799087,6.917289543552431,ELOVL6
1194,GO_Biological_Process_2021,AMP metabolic process (GO:0046033),1/13,0.2135104886850832,0.4017391190181614,0,0,4.479908675799087,6.917289543552431,NT5E
1204,GO_Biological_Process_2021,glucan biosynthetic process (GO:0009250),1/13,0.2135104886850832,0.4017391190181614,0,0,4.479908675799087,6.917289543552431,PGM2L1
1273,GO_Biological_Process_2021,negative regulation of cyclase activity (GO:0031280),1/14,0.2279125876147025,0.410207295008619,0,0,4.13508956796628,6.11494196728014,GNAI2
1272,GO_Biological_Process_2021,vasodilation (GO:0042311),1/14,0.2279125876147025,0.410207295008619,0,0,4.13508956796628,6.11494196728014,KCNMA1
1271,GO_Biological_Process_2021,vascular endothelial growth factor signaling pathway (GO:0038084),1/14,0.2279125876147025,0.410207295008619,0,0,4.13508956796628,6.11494196728014,VEGFA
1270,GO_Biological_Process_2021,sulfate transport (GO:0008272),1/14,0.2279125876147025,0.410207295008619,0,0,4.13508956796628,6.11494196728014,SLC26A2
1269,GO_Biological_Process_2021,striated muscle cell development (GO:0055002),1/14,0.2279125876147025,0.410207295008619,0,0,4.13508956796628,6.11494196728014,TMOD2
1264,GO_Biological_Process_2021,secondary palate development (GO:0062009),1/14,0.2279125876147025,0.410207295008619,0,0,4.13508956796628,6.11494196728014,TGFB2
1267,GO_Biological_Process_2021,sodium-independent organic anion transport (GO:0043252),1/14,0.2279125876147025,0.410207295008619,0,0,4.13508956796628,6.11494196728014,SLCO4A1
1266,GO_Biological_Process_2021,smooth muscle contraction (GO:0006939),1/14,0.2279125876147025,0.410207295008619,0,0,4.13508956796628,6.11494196728014,MYLK
1265,GO_Biological_Process_2021,secretion (GO:0046903),1/14,0.2279125876147025,0.410207295008619,0,0,4.13508956796628,6.11494196728014,GUCA1B
1263,GO_Biological_Process_2021,retinal metabolic process (GO:0042574),1/14,0.2279125876147025,0.410207295008619,0,0,4.13508956796628,6.11494196728014,ABCA4
1274,GO_Biological_Process_2021,negative regulation of fibroblast growth factor receptor signaling pathway (GO:0040037),1/14,0.2279125876147025,0.410207295008619,0,0,4.13508956796628,6.11494196728014,SPRY2
1268,GO_Biological_Process_2021,steroid catabolic process (GO:0006706),1/14,0.2279125876147025,0.410207295008619,0,0,4.13508956796628,6.11494196728014,YWHAH
1275,GO_Biological_Process_2021,negative regulation of TORC1 signaling (GO:1904262),1/14,0.2279125876147025,0.410207295008619,0,0,4.13508956796628,6.11494196728014,RNF152
1287,GO_Biological_Process_2021,positive regulation of superoxide anion generation (GO:0032930),1/14,0.2279125876147025,0.410207295008619,0,0,4.13508956796628,6.11494196728014,MAPT
1277,GO_Biological_Process_2021,nuclear membrane disassembly (GO:0051081),1/14,0.2279125876147025,0.410207295008619,0,0,4.13508956796628,6.11494196728014,PRKCB
1278,GO_Biological_Process_2021,nuclear migration (GO:0007097),1/14,0.2279125876147025,0.410207295008619,0,0,4.13508956796628,6.11494196728014,SYNE2
1279,GO_Biological_Process_2021,ovarian follicle development (GO:0001541),1/14,0.2279125876147025,0.410207295008619,0,0,4.13508956796628,6.11494196728014,VEGFA
1280,GO_Biological_Process_2021,positive regulation of cyclase activity (GO:0031281),1/14,0.2279125876147025,0.410207295008619,0,0,4.13508956796628,6.11494196728014,GUCA1A
1281,GO_Biological_Process_2021,positive regulation of glycogen biosynthetic process (GO:0045725),1/14,0.2279125876147025,0.410207295008619,0,0,4.13508956796628,6.11494196728014,IGF1
1282,GO_Biological_Process_2021,positive regulation of glycoprotein biosynthetic process (GO:0010560),1/14,0.2279125876147025,0.410207295008619,0,0,4.13508956796628,6.11494196728014,IGF1
1283,GO_Biological_Process_2021,positive regulation of granulocyte macrophage colony-stimulating factor production (GO:0032725),1/14,0.2279125876147025,0.410207295008619,0,0,4.13508956796628,6.11494196728014,ISL1
1284,GO_Biological_Process_2021,positive regulation of insulin secretion involved in cellular response to glucose stimulus (GO:0035774),1/14,0.2279125876147025,0.410207295008619,0,0,4.13508956796628,6.11494196728014,C2CD2L
1285,GO_Biological_Process_2021,positive regulation of lymphocyte migration (GO:2000403),1/14,0.2279125876147025,0.410207295008619,0,0,4.13508956796628,6.11494196728014,APP
1286,GO_Biological_Process_2021,positive regulation of potassium ion transmembrane transporter activity (GO:1901018),1/14,0.2279125876147025,0.410207295008619,0,0,4.13508956796628,6.11494196728014,ATP1B1
1288,GO_Biological_Process_2021,potassium ion export across plasma membrane (GO:0097623),1/14,0.2279125876147025,0.410207295008619,0,0,4.13508956796628,6.11494196728014,KCNE2
1262,GO_Biological_Process_2021,regulation of trophoblast cell migration (GO:1901163),1/14,0.2279125876147025,0.410207295008619,0,0,4.13508956796628,6.11494196728014,VEGFA
1276,GO_Biological_Process_2021,neuromuscular process controlling balance (GO:0050885),1/14,0.2279125876147025,0.410207295008619,0,0,4.13508956796628,6.11494196728014,NRXN1
1261,GO_Biological_Process_2021,regulation of response to endoplasmic reticulum stress (GO:1905897),1/14,0.2279125876147025,0.410207295008619,0,0,4.13508956796628,6.11494196728014,CLU
1238,GO_Biological_Process_2021,second-messenger-mediated signaling (GO:0019932),3/89,0.2229498904459889,0.410207295008619,0,0,1.878531616375168,2.8193157276273855,NDNF;APOE;NUDT4
1259,GO_Biological_Process_2021,dicarboxylic acid catabolic process (GO:0043649),1/14,0.2279125876147025,0.410207295008619,0,0,4.13508956796628,6.11494196728014,GLUL
1260,GO_Biological_Process_2021,regulation of protein kinase C signaling (GO:0090036),1/14,0.2279125876147025,0.410207295008619,0,0,4.13508956796628,6.11494196728014,VEGFA
1234,GO_Biological_Process_2021,cellular response to alcohol (GO:0097306),2/48,0.2191379540088186,0.410207295008619,0,0,2.339703774486383,3.551796253710074,CTNNA1;ADCY1
1235,GO_Biological_Process_2021,regulation of mitochondrion organization (GO:0010821),2/48,0.2191379540088186,0.410207295008619,0,0,2.339703774486383,3.551796253710074,FBXW7;MAPT
1236,GO_Biological_Process_2021,regulation of protein metabolic process (GO:0051246),2/48,0.2191379540088186,0.410207295008619,0,0,2.339703774486383,3.551796253710074,APP;APOE
1237,GO_Biological_Process_2021,negative regulation of mitotic cell cycle (GO:0045930),2/48,0.2191379540088186,0.410207295008619,0,0,2.339703774486383,3.551796253710074,CDKN1C;ZWINT
1239,GO_Biological_Process_2021,post-Golgi vesicle-mediated transport (GO:0006892),3/89,0.2229498904459889,0.410207295008619,0,0,1.878531616375168,2.8193157276273855,APP;DTNBP1;MYO5A
1240,GO_Biological_Process_2021,protein import (GO:0017038),3/89,0.2229498904459889,0.410207295008619,0,0,1.878531616375168,2.8193157276273855,APOE;CLU;APPL2
1241,GO_Biological_Process_2021,adherens junction organization (GO:0034332),2/49,0.2258923244059542,0.410207295008619,0,0,2.289805938742109,3.4065370453701997,CDH2;CTNNA1
1242,GO_Biological_Process_2021,regulation of cellular protein metabolic process (GO:0032268),2/49,0.2258923244059542,0.410207295008619,0,0,2.289805938742109,3.4065370453701997,APP;APOE
1243,GO_Biological_Process_2021,secondary alcohol metabolic process (GO:1902652),2/49,0.2258923244059542,0.410207295008619,0,0,2.289805938742109,3.4065370453701997,APOE;OSBPL1A
1244,GO_Biological_Process_2021,mitotic cytokinesis (GO:0000281),2/49,0.2258923244059542,0.410207295008619,0,0,2.289805938742109,3.4065370453701997,STMN1;ANK3
1245,GO_Biological_Process_2021,regulation of cell adhesion (GO:0030155),4/133,0.2268625849152979,0.410207295008619,0,0,1.6707353633988609,2.4783868779926173,ZFHX3;PODXL;TPM1;VEGFA
1233,GO_Biological_Process_2021,cellular response to metal ion (GO:0071248),4/131,0.2191070760175278,0.410207295008619,0,0,1.6972201679209988,2.5767107265813816,SYT4;GUCA1A;ANK3;ADCY1
1247,GO_Biological_Process_2021,activation of cysteine-type endopeptidase activity (GO:0097202),1/14,0.2279125876147025,0.410207295008619,0,0,4.13508956796628,6.11494196728014,ASPH
1258,GO_Biological_Process_2021,regulation of macrophage cytokine production (GO:0010935),1/14,0.2279125876147025,0.410207295008619,0,0,4.13508956796628,6.11494196728014,TGFB2
1257,GO_Biological_Process_2021,coenzyme A metabolic process (GO:0015936),1/14,0.2279125876147025,0.410207295008619,0,0,4.13508956796628,6.11494196728014,ACOT7
1256,GO_Biological_Process_2021,cGMP-mediated signaling (GO:0019934),1/14,0.2279125876147025,0.410207295008619,0,0,4.13508956796628,6.11494196728014,APOE
1254,GO_Biological_Process_2021,regulation of DNA methylation-dependent heterochromatin assembly (GO:0090308),1/14,0.2279125876147025,0.410207295008619,0,0,4.13508956796628,6.11494196728014,TET1
1246,GO_Biological_Process_2021,regulation of cell motility (GO:2000145),4/133,0.2268625849152979,0.410207295008619,0,0,1.6707353633988609,2.4783868779926173,LMO4;SPOCK2;SPOCK3;TMSB10
1255,GO_Biological_Process_2021,regulation of histone methylation (GO:0031060),1/14,0.2279125876147025,0.410207295008619,0,0,4.13508956796628,6.11494196728014,TET1
1252,GO_Biological_Process_2021,cAMP metabolic process (GO:0046058),1/14,0.2279125876147025,0.410207295008619,0,0,4.13508956796628,6.11494196728014,ADCY1
1251,GO_Biological_Process_2021,regulation of cell projection organization (GO:0031344),1/14,0.2279125876147025,0.410207295008619,0,0,4.13508956796628,6.11494196728014,SPRY2
1250,GO_Biological_Process_2021,calcium ion import across plasma membrane (GO:0098703),1/14,0.2279125876147025,0.410207295008619,0,0,4.13508956796628,6.11494196728014,SLC24A1
1249,GO_Biological_Process_2021,branching involved in blood vessel morphogenesis (GO:0001569),1/14,0.2279125876147025,0.410207295008619,0,0,4.13508956796628,6.11494196728014,VEGFA
1248,GO_Biological_Process_2021,atrioventricular valve development (GO:0003171),1/14,0.2279125876147025,0.410207295008619,0,0,4.13508956796628,6.11494196728014,TGFB2
1253,GO_Biological_Process_2021,cellular copper ion homeostasis (GO:0006878),1/14,0.2279125876147025,0.410207295008619,0,0,4.13508956796628,6.11494196728014,APP
1289,GO_Biological_Process_2021,protein stabilization (GO:0050821),5/179,0.2311562253868054,0.4157228239514641,0,0,1.549017734899863,2.268786633970841,FBXW7;IGF1;ATP1B1;CLU;SOX4
1293,GO_Biological_Process_2021,negative regulation of ERK1 and ERK2 cascade (GO:0070373),2/50,0.2326616121681997,0.4168146256604041,0,0,2.2419871794871793,3.269198869986669,DUSP3;SPRY2
1290,GO_Biological_Process_2021,regulation of actin cytoskeleton organization (GO:0032956),3/91,0.232608708213263,0.4168146256604041,0,0,1.83564988730278,2.677107391955544,EPHA5;CCDC88A;PAK3
1291,GO_Biological_Process_2021,positive regulation of transport (GO:0051050),3/91,0.232608708213263,0.4168146256604041,0,0,1.83564988730278,2.677107391955544,TUB;CD47;APOE
1292,GO_Biological_Process_2021,regulation of complement activation (GO:0030449),2/50,0.2326616121681997,0.4168146256604041,0,0,2.2419871794871793,3.269198869986669,VTN;CLU
1294,GO_Biological_Process_2021,organic hydroxy compound biosynthetic process (GO:1901617),2/50,0.2326616121681997,0.4168146256604041,0,0,2.2419871794871793,3.269198869986669,OSBPL6;OSBPL1A
1295,GO_Biological_Process_2021,positive regulation of cellular biosynthetic process (GO:0031328),5/180,0.2345157635141084,0.4198121692536509,0,0,1.54008705975465,2.233484263064803,SCARB1;ZEB2;IGF1;CLU;SOX4
1335,GO_Biological_Process_2021,organelle organization (GO:0006996),10/420,0.2421148900295966,0.4204390305903175,0,0,1.3170731707317074,1.8680613979998728,CHGA;ARHGAP10;FAM161A;REEP5;POLG2;KIF5C;TPM1;APOE;REEP6;SYNE1
1318,GO_Biological_Process_2021,response to acidic pH (GO:0010447),1/15,0.2420516642764076,0.4204390305903175,0,0,3.8395303326810177,5.446773421585129,IMPACT
1319,GO_Biological_Process_2021,integrated stress response signaling (GO:0140467),1/15,0.2420516642764076,0.4204390305903175,0,0,3.8395303326810177,5.446773421585129,IMPACT
1320,GO_Biological_Process_2021,steroid hormone mediated signaling pathway (GO:0043401),1/15,0.2420516642764076,0.4204390305903175,0,0,3.8395303326810177,5.446773421585129,NR3C1
1321,GO_Biological_Process_2021,macrophage differentiation (GO:0030225),1/15,0.2420516642764076,0.4204390305903175,0,0,3.8395303326810177,5.446773421585129,VEGFA
1322,GO_Biological_Process_2021,synaptic vesicle transport along microtubule (GO:0099517),1/15,0.2420516642764076,0.4204390305903175,0,0,3.8395303326810177,5.446773421585129,DTNBP1
1323,GO_Biological_Process_2021,medium-chain fatty acid metabolic process (GO:0051791),1/15,0.2420516642764076,0.4204390305903175,0,0,3.8395303326810177,5.446773421585129,ACOT7
1324,GO_Biological_Process_2021,negative regulation of cellular component movement (GO:0051271),1/15,0.2420516642764076,0.4204390305903175,0,0,3.8395303326810177,5.446773421585129,SPOCK3
1325,GO_Biological_Process_2021,negative regulation of leukocyte activation (GO:0002695),1/15,0.2420516642764076,0.4204390305903175,0,0,3.8395303326810177,5.446773421585129,CD200
1326,GO_Biological_Process_2021,neurotrophin TRK receptor signaling pathway (GO:0048011),1/15,0.2420516642764076,0.4204390305903175,0,0,3.8395303326810177,5.446773421585129,HAP1
1327,GO_Biological_Process_2021,"positive regulation of DNA damage response, signal transduction by p53 class mediator (GO:0043517)",1/15,0.2420516642764076,0.4204390305903175,0,0,3.8395303326810177,5.446773421585129,PLA2R1
1328,GO_Biological_Process_2021,positive regulation of endothelial cell chemotaxis (GO:2001028),1/15,0.2420516642764076,0.4204390305903175,0,0,3.8395303326810177,5.446773421585129,VEGFA
1329,GO_Biological_Process_2021,positive regulation of glycogen metabolic process (GO:0070875),1/15,0.2420516642764076,0.4204390305903175,0,0,3.8395303326810177,5.446773421585129,IGF1
1330,GO_Biological_Process_2021,positive regulation of histone H3-K4 methylation (GO:0051571),1/15,0.2420516642764076,0.4204390305903175,0,0,3.8395303326810177,5.446773421585129,AUTS2
1331,GO_Biological_Process_2021,positive regulation of lyase activity (GO:0051349),1/15,0.2420516642764076,0.4204390305903175,0,0,3.8395303326810177,5.446773421585129,GUCA1A
1332,GO_Biological_Process_2021,positive regulation of membrane protein ectodomain proteolysis (GO:0051044),1/15,0.2420516642764076,0.4204390305903175,0,0,3.8395303326810177,5.446773421585129,APOE
1333,GO_Biological_Process_2021,positive regulation of sprouting angiogenesis (GO:1903672),1/15,0.2420516642764076,0.4204390305903175,0,0,3.8395303326810177,5.446773421585129,VEGFA
1334,GO_Biological_Process_2021,protein hydroxylation (GO:0018126),1/15,0.2420516642764076,0.4204390305903175,0,0,3.8395303326810177,5.446773421585129,ASPH
1317,GO_Biological_Process_2021,glycogen catabolic process (GO:0005980),1/15,0.2420516642764076,0.4204390305903175,0,0,3.8395303326810177,5.446773421585129,PGM2L1
1316,GO_Biological_Process_2021,glucan catabolic process (GO:0009251),1/15,0.2420516642764076,0.4204390305903175,0,0,3.8395303326810177,5.446773421585129,PGM2L1
1296,GO_Biological_Process_2021,positive regulation of cellular component biogenesis (GO:0044089),3/92,0.2374664817431275,0.4204390305903175,0,0,1.8149317485374687,2.609379635777148,CHGA;CLU;VEGFA
1314,GO_Biological_Process_2021,regulation of superoxide anion generation (GO:0032928),1/15,0.2420516642764076,0.4204390305903175,0,0,3.8395303326810177,5.446773421585129,MAPT
1298,GO_Biological_Process_2021,regulation of interleukin-12 production (GO:0032655),2/51,0.2394430183456411,0.4204390305903175,0,0,2.196120206324288,3.1392216497259535,CD47;ISL1
1299,GO_Biological_Process_2021,gonad development (GO:0008406),2/51,0.2394430183456411,0.4204390305903175,0,0,2.196120206324288,3.1392216497259535,TGFB2;BASP1
1300,GO_Biological_Process_2021,mesenchymal cell differentiation (GO:0048762),2/51,0.2394430183456411,0.4204390305903175,0,0,2.196120206324288,3.1392216497259535,TGFB2;ISL1
1301,GO_Biological_Process_2021,negative regulation of protein ubiquitination (GO:0031397),2/51,0.2394430183456411,0.4204390305903175,0,0,2.196120206324288,3.1392216497259535,SPRY2;SOX4
1302,GO_Biological_Process_2021,negative regulation of cellular process (GO:0048523),13/566,0.2395236595861418,0.4204390305903175,0,0,1.2707047318515028,1.8159680455440084,APP;TFAP2B;TGFB2;ADARB1;PROX1;CLU;NME1;IMPACT;PODXL;SLIT2;CD200;SOX4;APPL2
1303,GO_Biological_Process_2021,negative regulation of cytokine production (GO:0001818),5/182,0.2412757840640743,0.4204390305903175,0,0,1.5225284442149083,2.1647532737079302,CYLD;OTUD7B;ATP2B1;CD200;APPL2
1304,GO_Biological_Process_2021,pyrimidine nucleoside metabolic process (GO:0006213),1/15,0.2420516642764076,0.4204390305903175,0,0,3.8395303326810177,5.446773421585129,NT5E
1297,GO_Biological_Process_2021,positive regulation of transmembrane receptor protein serine/threonine kinase signaling pathway (GO:0090100),3/92,0.2374664817431275,0.4204390305903175,0,0,1.8149317485374687,2.609379635777148,CDKN1C;ZEB2;TGFB2
1305,GO_Biological_Process_2021,anterograde synaptic vesicle transport (GO:0048490),1/15,0.2420516642764076,0.4204390305903175,0,0,3.8395303326810177,5.446773421585129,DTNBP1
1307,GO_Biological_Process_2021,calcium ion import into cytosol (GO:1902656),1/15,0.2420516642764076,0.4204390305903175,0,0,3.8395303326810177,5.446773421585129,SLC24A1
1308,GO_Biological_Process_2021,cardiac myofibril assembly (GO:0055003),1/15,0.2420516642764076,0.4204390305903175,0,0,3.8395303326810177,5.446773421585129,PROX1
1309,GO_Biological_Process_2021,catecholamine metabolic process (GO:0006584),1/15,0.2420516642764076,0.4204390305903175,0,0,3.8395303326810177,5.446773421585129,DRD4
1310,GO_Biological_Process_2021,cellular sodium ion homeostasis (GO:0006883),1/15,0.2420516642764076,0.4204390305903175,0,0,3.8395303326810177,5.446773421585129,ATP1B1
1311,GO_Biological_Process_2021,central nervous system neuron development (GO:0021954),1/15,0.2420516642764076,0.4204390305903175,0,0,3.8395303326810177,5.446773421585129,MAPT
1312,GO_Biological_Process_2021,establishment of spindle localization (GO:0051293),1/15,0.2420516642764076,0.4204390305903175,0,0,3.8395303326810177,5.446773421585129,LLGL2
1313,GO_Biological_Process_2021,regulation of secretion (GO:0051046),1/15,0.2420516642764076,0.4204390305903175,0,0,3.8395303326810177,5.446773421585129,MYO6
1306,GO_Biological_Process_2021,regulation of branching involved in ureteric bud morphogenesis (GO:0090189),1/15,0.2420516642764076,0.4204390305903175,0,0,3.8395303326810177,5.446773421585129,VEGFA
1315,GO_Biological_Process_2021,"regulation of synaptic transmission, GABAergic (GO:0032228)",1/15,0.2420516642764076,0.4204390305903175,0,0,3.8395303326810177,5.446773421585129,HAP1
1336,GO_Biological_Process_2021,positive regulation of peptidyl-serine phosphorylation (GO:0033138),3/93,0.2423416614477413,0.4205180662369184,0,0,1.794674012855831,2.543783013834319,APP;SPRY2;VEGFA
1337,GO_Biological_Process_2021,signal transduction in response to DNA damage (GO:0042770),2/52,0.2462338408452475,0.4256799633092207,0,0,2.152087912087912,3.0160944410508943,MYO6;NDRG1
1338,GO_Biological_Process_2021,sprouting angiogenesis (GO:0002040),2/52,0.2462338408452475,0.4256799633092207,0,0,2.152087912087912,3.0160944410508943,SLIT2;VEGFA
1339,GO_Biological_Process_2021,negative regulation of cellular biosynthetic process (GO:0031327),2/52,0.2462338408452475,0.4256799633092207,0,0,2.152087912087912,3.0160944410508943,FBXW7;PROX1
1340,GO_Biological_Process_2021,negative regulation of protein metabolic process (GO:0051248),2/52,0.2462338408452475,0.4256799633092207,0,0,2.152087912087912,3.0160944410508943,APOE;CLU
1341,GO_Biological_Process_2021,positive regulation of developmental growth (GO:0048639),2/52,0.2462338408452475,0.4256799633092207,0,0,2.152087912087912,3.0160944410508943,SYT4;MAPT
1360,GO_Biological_Process_2021,eosinophil migration (GO:0072677),1/16,0.255932509306186,0.4321422282316969,0,0,3.58337899543379,4.883577622345637,SCG2
1361,GO_Biological_Process_2021,glutamine family amino acid catabolic process (GO:0009065),1/16,0.255932509306186,0.4321422282316969,0,0,3.58337899543379,4.883577622345637,GLUL
1362,GO_Biological_Process_2021,retrograde axonal transport (GO:0008090),1/16,0.255932509306186,0.4321422282316969,0,0,3.58337899543379,4.883577622345637,HAP1
1363,GO_Biological_Process_2021,T cell mediated immunity (GO:0002456),1/16,0.255932509306186,0.4321422282316969,0,0,3.58337899543379,4.883577622345637,JAG1
1364,GO_Biological_Process_2021,mesenchyme development (GO:0060485),1/16,0.255932509306186,0.4321422282316969,0,0,3.58337899543379,4.883577622345637,ISL1
1365,GO_Biological_Process_2021,necroptotic process (GO:0070266),1/16,0.255932509306186,0.4321422282316969,0,0,3.58337899543379,4.883577622345637,CYLD
1368,GO_Biological_Process_2021,negative regulation of lyase activity (GO:0051350),1/16,0.255932509306186,0.4321422282316969,0,0,3.58337899543379,4.883577622345637,GNAI2
1367,GO_Biological_Process_2021,negative regulation of immune effector process (GO:0002698),1/16,0.255932509306186,0.4321422282316969,0,0,3.58337899543379,4.883577622345637,CD47
1359,GO_Biological_Process_2021,eosinophil chemotaxis (GO:0048245),1/16,0.255932509306186,0.4321422282316969,0,0,3.58337899543379,4.883577622345637,SCG2
1369,GO_Biological_Process_2021,negative regulation of macrophage activation (GO:0043031),1/16,0.255932509306186,0.4321422282316969,0,0,3.58337899543379,4.883577622345637,CD200
1370,GO_Biological_Process_2021,negative regulation of platelet activation (GO:0010544),1/16,0.255932509306186,0.4321422282316969,0,0,3.58337899543379,4.883577622345637,APOE
1371,GO_Biological_Process_2021,neuron projection organization (GO:0106027),1/16,0.255932509306186,0.4321422282316969,0,0,3.58337899543379,4.883577622345637,APP
1372,GO_Biological_Process_2021,nucleotide catabolic process (GO:0009166),1/16,0.255932509306186,0.4321422282316969,0,0,3.58337899543379,4.883577622345637,NT5E
1366,GO_Biological_Process_2021,negative regulation of epithelial cell differentiation (GO:0030857),1/16,0.255932509306186,0.4321422282316969,0,0,3.58337899543379,4.883577622345637,SPRY2
1358,GO_Biological_Process_2021,regulation of phosphate metabolic process (GO:0019220),1/16,0.255932509306186,0.4321422282316969,0,0,3.58337899543379,4.883577622345637,GNB3
1373,GO_Biological_Process_2021,positive regulation of small molecule metabolic process (GO:0062013),1/16,0.255932509306186,0.4321422282316969,0,0,3.58337899543379,4.883577622345637,PRKCE
1356,GO_Biological_Process_2021,regulation of neurotransmitter transport (GO:0051588),1/16,0.255932509306186,0.4321422282316969,0,0,3.58337899543379,4.883577622345637,CPLX3
1342,GO_Biological_Process_2021,protein dephosphorylation (GO:0006470),4/139,0.2505236316300901,0.4321422282316969,0,0,1.5959893595252712,2.209171703432414,PTPRD;PTPRS;DUSP3;PPEF2
1343,GO_Biological_Process_2021,ciliary basal body-plasma membrane docking (GO:0097711),3/95,0.2521398091132725,0.4321422282316969,0,0,1.7554796981674452,2.4186499799026135,CEP164;CC2D2A;YWHAG
1344,GO_Biological_Process_2021,regulation of immune effector process (GO:0002697),2/53,0.2530314719757081,0.4321422282316969,0,0,2.109782374488257,2.89935028998307,VTN;CLU
1345,GO_Biological_Process_2021,aromatic amino acid family catabolic process (GO:0009074),1/16,0.255932509306186,0.4321422282316969,0,0,3.58337899543379,4.883577622345637,QDPR
1346,GO_Biological_Process_2021,regulation of blood vessel endothelial cell proliferation involved in sprouting angiogenesis (GO:1903587),1/16,0.255932509306186,0.4321422282316969,0,0,3.58337899543379,4.883577622345637,VEGFA
1347,GO_Biological_Process_2021,regulation of cellular carbohydrate metabolic process (GO:0010675),1/16,0.255932509306186,0.4321422282316969,0,0,3.58337899543379,4.883577622345637,GNB3
1348,GO_Biological_Process_2021,regulation of cholesterol storage (GO:0010885),1/16,0.255932509306186,0.4321422282316969,0,0,3.58337899543379,4.883577622345637,SCARB1
1350,GO_Biological_Process_2021,regulation of fatty acid oxidation (GO:0046320),1/16,0.255932509306186,0.4321422282316969,0,0,3.58337899543379,4.883577622345637,APPL2
1351,GO_Biological_Process_2021,regulation of granulocyte macrophage colony-stimulating factor production (GO:0032645),1/16,0.255932509306186,0.4321422282316969,0,0,3.58337899543379,4.883577622345637,ISL1
1352,GO_Biological_Process_2021,regulation of intrinsic apoptotic signaling pathway in response to DNA damage (GO:1902229),1/16,0.255932509306186,0.4321422282316969,0,0,3.58337899543379,4.883577622345637,CLU
1353,GO_Biological_Process_2021,regulation of leukocyte activation (GO:0002694),1/16,0.255932509306186,0.4321422282316969,0,0,3.58337899543379,4.883577622345637,CD200
1354,GO_Biological_Process_2021,dendrite self-avoidance (GO:0070593),1/16,0.255932509306186,0.4321422282316969,0,0,3.58337899543379,4.883577622345637,BSG
1355,GO_Biological_Process_2021,dendritic spine morphogenesis (GO:0060997),1/16,0.255932509306186,0.4321422282316969,0,0,3.58337899543379,4.883577622345637,PAK3
1349,GO_Biological_Process_2021,cellular polysaccharide catabolic process (GO:0044247),1/16,0.255932509306186,0.4321422282316969,0,0,3.58337899543379,4.883577622345637,PGM2L1
1357,GO_Biological_Process_2021,DNA unwinding involved in DNA replication (GO:0006268),1/16,0.255932509306186,0.4321422282316969,0,0,3.58337899543379,4.883577622345637,RPA1
1374,GO_Biological_Process_2021,cellular protein localization (GO:0034613),8/329,0.2564569906326017,0.4327128860128261,0,0,1.3444717102629702,1.829549448275573,ARF4;CNTNAP2;ARL4D;MYO6;DMD;RAB6B;CNTLN;YWHAH
1376,GO_Biological_Process_2021,inorganic anion transport (GO:0015698),2/54,0.2598333957768023,0.437773041541163,0,0,2.069103972950127,2.788561713608689,TTYH1;SLC4A10
1375,GO_Biological_Process_2021,regulation of humoral immune response (GO:0002920),2/54,0.2598333957768023,0.437773041541163,0,0,2.069103972950127,2.788561713608689,VTN;CLU
1377,GO_Biological_Process_2021,positive regulation of cold-induced thermogenesis (GO:0120162),3/97,0.261994428618935,0.4410936679215742,0,0,1.7179532266572886,2.3010815954534487,ELOVL6;APPL2;VEGFA
1407,GO_Biological_Process_2021,positive regulation of regulated secretory pathway (GO:1903307),1/17,0.2695598261554677,0.4438458457634386,0,0,3.359246575342466,4.403854430749691,SYT4
1406,GO_Biological_Process_2021,positive regulation of muscle hypertrophy (GO:0014742),1/17,0.2695598261554677,0.4438458457634386,0,0,3.359246575342466,4.403854430749691,IGF1
1405,GO_Biological_Process_2021,positive regulation of heart rate (GO:0010460),1/17,0.2695598261554677,0.4438458457634386,0,0,3.359246575342466,4.403854430749691,TPM1
1404,GO_Biological_Process_2021,positive regulation of dendrite extension (GO:1903861),1/17,0.2695598261554677,0.4438458457634386,0,0,3.359246575342466,4.403854430749691,SYT4
1403,GO_Biological_Process_2021,positive regulation of cyclin-dependent protein serine/threonine kinase activity (GO:0045737),1/17,0.2695598261554677,0.4438458457634386,0,0,3.359246575342466,4.403854430749691,PROX1
1402,GO_Biological_Process_2021,positive regulation of cardiac muscle tissue growth (GO:0055023),1/17,0.2695598261554677,0.4438458457634386,0,0,3.359246575342466,4.403854430749691,IGF1
1401,GO_Biological_Process_2021,negative regulation of vascular associated smooth muscle cell proliferation (GO:1904706),1/17,0.2695598261554677,0.4438458457634386,0,0,3.359246575342466,4.403854430749691,TPM1
1400,GO_Biological_Process_2021,negative regulation of phagocytosis (GO:0050765),1/17,0.2695598261554677,0.4438458457634386,0,0,3.359246575342466,4.403854430749691,CD47
1399,GO_Biological_Process_2021,negative regulation of insulin secretion (GO:0046676),1/17,0.2695598261554677,0.4438458457634386,0,0,3.359246575342466,4.403854430749691,CHGA
1398,GO_Biological_Process_2021,negative regulation of fatty acid metabolic process (GO:0045922),1/17,0.2695598261554677,0.4438458457634386,0,0,3.359246575342466,4.403854430749691,APPL2
1397,GO_Biological_Process_2021,negative regulation of cytokine production involved in immune response (GO:0002719),1/17,0.2695598261554677,0.4438458457634386,0,0,3.359246575342466,4.403854430749691,TGFB2
1396,GO_Biological_Process_2021,vasculature development (GO:0001944),1/17,0.2695598261554677,0.4438458457634386,0,0,3.359246575342466,4.403854430749691,FBXW7
1395,GO_Biological_Process_2021,stem cell development (GO:0048864),1/17,0.2695598261554677,0.4438458457634386,0,0,3.359246575342466,4.403854430749691,CDH2
1408,GO_Biological_Process_2021,positive regulation of stem cell differentiation (GO:2000738),1/17,0.2695598261554677,0.4438458457634386,0,0,3.359246575342466,4.403854430749691,TGFB2
1393,GO_Biological_Process_2021,embryo development ending in birth or egg hatching (GO:0009792),1/17,0.2695598261554677,0.4438458457634386,0,0,3.359246575342466,4.403854430749691,TGFB2
1394,GO_Biological_Process_2021,ruffle organization (GO:0031529),1/17,0.2695598261554677,0.4438458457634386,0,0,3.359246575342466,4.403854430749691,TPM1
1391,GO_Biological_Process_2021,copper ion homeostasis (GO:0055070),1/17,0.2695598261554677,0.4438458457634386,0,0,3.359246575342466,4.403854430749691,APP
1392,GO_Biological_Process_2021,diol biosynthetic process (GO:0034312),1/17,0.2695598261554677,0.4438458457634386,0,0,3.359246575342466,4.403854430749691,QDPR
1378,GO_Biological_Process_2021,negative regulation of DNA-binding transcription factor activity (GO:0043433),4/143,0.266578760097154,0.4438458457634386,0,0,1.5497436305099568,2.048893650748085,CYLD;PROX1;TRIB1;CD200
1379,GO_Biological_Process_2021,regulation of blood vessel endothelial cell migration (GO:0043535),2/55,0.2666371855856458,0.4438458457634386,0,0,2.0299606054323034,2.683336717944439,APOE;VEGFA
1380,GO_Biological_Process_2021,triglyceride metabolic process (GO:0006641),2/55,0.2666371855856458,0.4438458457634386,0,0,2.0299606054323034,2.683336717944439,APOE;FABP12
1381,GO_Biological_Process_2021,negative regulation of protein modification by small protein conjugation or removal (GO:1903321),2/55,0.2666371855856458,0.4438458457634386,0,0,2.0299606054323034,2.683336717944439,SPRY2;SOX4
1382,GO_Biological_Process_2021,activation of protein kinase A activity (GO:0034199),1/17,0.2695598261554677,0.4438458457634386,0,0,3.359246575342466,4.403854430749691,ADCY1
1383,GO_Biological_Process_2021,pyrimidine-containing compound catabolic process (GO:0072529),1/17,0.2695598261554677,0.4438458457634386,0,0,3.359246575342466,4.403854430749691,NT5E
1385,GO_Biological_Process_2021,regulation of cell killing (GO:0031341),1/17,0.2695598261554677,0.4438458457634386,0,0,3.359246575342466,4.403854430749691,TGFB2
1386,GO_Biological_Process_2021,regulation of cholesterol biosynthetic process (GO:0045540),1/17,0.2695598261554677,0.4438458457634386,0,0,3.359246575342466,4.403854430749691,APOE
1387,GO_Biological_Process_2021,cell communication by electrical coupling involved in cardiac conduction (GO:0086064),1/17,0.2695598261554677,0.4438458457634386,0,0,3.359246575342466,4.403854430749691,ATP1B1
1388,GO_Biological_Process_2021,cell surface receptor signaling pathway involved in heart development (GO:0061311),1/17,0.2695598261554677,0.4438458457634386,0,0,3.359246575342466,4.403854430749691,JAG1
1389,GO_Biological_Process_2021,regulation of establishment of endothelial barrier (GO:1903140),1/17,0.2695598261554677,0.4438458457634386,0,0,3.359246575342466,4.403854430749691,VEGFA
1390,GO_Biological_Process_2021,regulation of leukocyte migration (GO:0002685),1/17,0.2695598261554677,0.4438458457634386,0,0,3.359246575342466,4.403854430749691,VEGFA
1384,GO_Biological_Process_2021,regulation of cardiac muscle contraction by regulation of the release of sequestered calcium ion (GO:0010881),1/17,0.2695598261554677,0.4438458457634386,0,0,3.359246575342466,4.403854430749691,DMD
1409,GO_Biological_Process_2021,regulation of ERK1 and ERK2 cascade (GO:0070372),6/238,0.2709037365853891,0.4457423183532643,0,0,1.3938218390804598,1.8203198043526083,APP;NDRG4;DUSP3;FBXW7;SPRY2;APOE
1410,GO_Biological_Process_2021,positive regulation of stress-activated MAPK cascade (GO:0032874),3/99,0.2718970238076688,0.4470595997404619,0,0,1.6819903581267217,2.19050965399092,APP;TGFB2;VEGFA
1411,GO_Biological_Process_2021,negative regulation of cell differentiation (GO:0045596),5/191,0.2722978343610525,0.4474015408765169,0,0,1.4481875316474548,1.883887541616669,JAG1;ESRRB;SIX3;SPRY2;RUNX1T1
1412,GO_Biological_Process_2021,positive regulation of interleukin-1 beta production (GO:0032731),2/56,0.27344050164364,0.4489610501155306,0,0,1.992266992266992,2.583315281491228,APP;ISL1
1449,GO_Biological_Process_2021,programmed necrotic cell death (GO:0097300),1/18,0.2829382329681805,0.4527011727490888,0,0,3.1614826752618854,3.991456172837682,CYLD
1433,GO_Biological_Process_2021,"synaptic transmission, glutamatergic (GO:0035249)",1/18,0.2829382329681805,0.4527011727490888,0,0,3.1614826752618854,3.991456172837682,GRIA2
1434,GO_Biological_Process_2021,melanosome transport (GO:0032402),1/18,0.2829382329681805,0.4527011727490888,0,0,3.1614826752618854,3.991456172837682,MYO5A
1435,GO_Biological_Process_2021,ventricular cardiac muscle cell action potential (GO:0086005),1/18,0.2829382329681805,0.4527011727490888,0,0,3.1614826752618854,3.991456172837682,KCNE2
1436,GO_Biological_Process_2021,negative regulation of interleukin-8 production (GO:0032717),1/18,0.2829382329681805,0.4527011727490888,0,0,3.1614826752618854,3.991456172837682,OTUD7B
1437,GO_Biological_Process_2021,negative regulation of leukocyte cell-cell adhesion (GO:1903038),1/18,0.2829382329681805,0.4527011727490888,0,0,3.1614826752618854,3.991456172837682,DUSP3
1438,GO_Biological_Process_2021,negative regulation of peptide hormone secretion (GO:0090278),1/18,0.2829382329681805,0.4527011727490888,0,0,3.1614826752618854,3.991456172837682,CHGA
1439,GO_Biological_Process_2021,negative regulation of Rho protein signal transduction (GO:0035024),1/18,0.2829382329681805,0.4527011727490888,0,0,3.1614826752618854,3.991456172837682,STMN1
1440,GO_Biological_Process_2021,neuron maturation (GO:0042551),1/18,0.2829382329681805,0.4527011727490888,0,0,3.1614826752618854,3.991456172837682,APP
1441,GO_Biological_Process_2021,pigment granule transport (GO:0051904),1/18,0.2829382329681805,0.4527011727490888,0,0,3.1614826752618854,3.991456172837682,MYO5A
1442,GO_Biological_Process_2021,positive regulation of amyloid-beta formation (GO:1902004),1/18,0.2829382329681805,0.4527011727490888,0,0,3.1614826752618854,3.991456172837682,CLU
1443,GO_Biological_Process_2021,positive regulation of cardiac muscle hypertrophy (GO:0010613),1/18,0.2829382329681805,0.4527011727490888,0,0,3.1614826752618854,3.991456172837682,IGF1
1444,GO_Biological_Process_2021,positive regulation of cell migration involved in sprouting angiogenesis (GO:0090050),1/18,0.2829382329681805,0.4527011727490888,0,0,3.1614826752618854,3.991456172837682,VEGFA
1445,GO_Biological_Process_2021,positive regulation of excitatory postsynaptic potential (GO:2000463),1/18,0.2829382329681805,0.4527011727490888,0,0,3.1614826752618854,3.991456172837682,NRXN1
1446,GO_Biological_Process_2021,"positive regulation of mRNA splicing, via spliceosome (GO:0048026)",1/18,0.2829382329681805,0.4527011727490888,0,0,3.1614826752618854,3.991456172837682,PRDX6
1448,GO_Biological_Process_2021,presynapse assembly (GO:0099054),1/18,0.2829382329681805,0.4527011727490888,0,0,3.1614826752618854,3.991456172837682,PTPRD
1432,GO_Biological_Process_2021,long-chain fatty-acyl-CoA biosynthetic process (GO:0035338),1/18,0.2829382329681805,0.4527011727490888,0,0,3.1614826752618854,3.991456172837682,ELOVL6
1431,GO_Biological_Process_2021,leukocyte tethering or rolling (GO:0050901),1/18,0.2829382329681805,0.4527011727490888,0,0,3.1614826752618854,3.991456172837682,PODXL2
1447,GO_Biological_Process_2021,positive regulation of stress-activated protein kinase signaling cascade (GO:0070304),1/18,0.2829382329681805,0.4527011727490888,0,0,3.1614826752618854,3.991456172837682,TGFB2
1429,GO_Biological_Process_2021,release of cytochrome c from mitochondria (GO:0001836),1/18,0.2829382329681805,0.4527011727490888,0,0,3.1614826752618854,3.991456172837682,CLU
1413,GO_Biological_Process_2021,negative regulation of apoptotic process (GO:0043066),11/485,0.2764660459251863,0.4527011727490888,0,0,1.2525108456647056,1.610312193463194,ARF4;TFAP2B;ARHGAP10;HMGN5;SPRY2;NDNF;FAIM2;IGF1;APOE;ISL1;VEGFA
1414,GO_Biological_Process_2021,cellular response to peptide (GO:1901653),2/57,0.2802410888208052,0.4527011727490888,0,0,1.955944055944056,2.488166242205329,APP;IGF1
1430,GO_Biological_Process_2021,sodium ion import across plasma membrane (GO:0098719),1/18,0.2829382329681805,0.4527011727490888,0,0,3.1614826752618854,3.991456172837682,SLC6A1
1415,GO_Biological_Process_2021,monocarboxylic acid transport (GO:0015718),2/57,0.2802410888208052,0.4527011727490888,0,0,1.955944055944056,2.488166242205329,SLC16A1;SLC16A6
1416,GO_Biological_Process_2021,positive regulation of proteolysis (GO:0045862),2/57,0.2802410888208052,0.4527011727490888,0,0,1.955944055944056,2.488166242205329,ASPH;APOE
1417,GO_Biological_Process_2021,regulation of programmed cell death (GO:0043067),5/194,0.2828262825740452,0.4527011727490888,0,0,1.4249805801052338,1.7996399117240809,PLK5;MAGED1;CLU;NDRG1;NME1
1418,GO_Biological_Process_2021,acidic amino acid transport (GO:0015800),1/18,0.2829382329681805,0.4527011727490888,0,0,3.1614826752618854,3.991456172837682,SLC6A1
1419,GO_Biological_Process_2021,regulation of adaptive immune response (GO:0002819),1/18,0.2829382329681805,0.4527011727490888,0,0,3.1614826752618854,3.991456172837682,SAMSN1
1420,GO_Biological_Process_2021,base conversion or substitution editing (GO:0016553),1/18,0.2829382329681805,0.4527011727490888,0,0,3.1614826752618854,3.991456172837682,ADARB1
1421,GO_Biological_Process_2021,carbohydrate derivative transport (GO:1901264),1/18,0.2829382329681805,0.4527011727490888,0,0,3.1614826752618854,3.991456172837682,SCARB1
1422,GO_Biological_Process_2021,regulation of dendrite extension (GO:1903859),1/18,0.2829382329681805,0.4527011727490888,0,0,3.1614826752618854,3.991456172837682,SYT4
1423,GO_Biological_Process_2021,regulation of establishment or maintenance of cell polarity (GO:0032878),1/18,0.2829382329681805,0.4527011727490888,0,0,3.1614826752618854,3.991456172837682,LLGL2
1424,GO_Biological_Process_2021,cellular response to pH (GO:0071467),1/18,0.2829382329681805,0.4527011727490888,0,0,3.1614826752618854,3.991456172837682,IMPACT
1425,GO_Biological_Process_2021,embryonic heart tube development (GO:0035050),1/18,0.2829382329681805,0.4527011727490888,0,0,3.1614826752618854,3.991456172837682,NDRG4
1426,GO_Biological_Process_2021,establishment of vesicle localization (GO:0051650),1/18,0.2829382329681805,0.4527011727490888,0,0,3.1614826752618854,3.991456172837682,KIF5C
1427,GO_Biological_Process_2021,G protein-coupled acetylcholine receptor signaling pathway (GO:0007213),1/18,0.2829382329681805,0.4527011727490888,0,0,3.1614826752618854,3.991456172837682,CDK5R1
1428,GO_Biological_Process_2021,regulation of ventricular cardiac muscle cell membrane repolarization (GO:0060307),1/18,0.2829382329681805,0.4527011727490888,0,0,3.1614826752618854,3.991456172837682,KCNE2
1454,GO_Biological_Process_2021,muscle organ development (GO:0007517),2/58,0.2870367741517104,0.457680629575236,0,0,1.9209183673469388,2.397584537472019,DMD;IGF1
1453,GO_Biological_Process_2021,regulation of calcium ion transport (GO:0051924),2/58,0.2870367741517104,0.457680629575236,0,0,1.9209183673469388,2.397584537472019,ATP2B1;MYLK
1452,GO_Biological_Process_2021,positive regulation of intracellular protein transport (GO:0090316),4/148,0.2868981940646601,0.457680629575236,0,0,1.495549416820135,1.8673846538881935,FBXW7;ANK3;YWHAG;YWHAH
1451,GO_Biological_Process_2021,positive regulation of vasculature development (GO:1904018),3/102,0.286822860233792,0.457680629575236,0,0,1.6307705150680358,2.0366537476952047,PRKCB;ISL1;VEGFA
1450,GO_Biological_Process_2021,regulation of cell death (GO:0010941),3/102,0.286822860233792,0.457680629575236,0,0,1.6307705150680358,2.0366537476952047,IMPACT;CLU;SOX4
1476,GO_Biological_Process_2021,regulation of water loss via skin (GO:0033561),1/19,0.2960722640124703,0.4603804641480771,0,0,2.9856925418569253,3.634040810553539,STMN1
1477,GO_Biological_Process_2021,heart trabecula morphogenesis (GO:0061384),1/19,0.2960722640124703,0.4603804641480771,0,0,2.9856925418569253,3.634040810553539,TGFB2
1478,GO_Biological_Process_2021,leukocyte adhesion to vascular endothelial cell (GO:0061756),1/19,0.2960722640124703,0.4603804641480771,0,0,2.9856925418569253,3.634040810553539,PODXL2
1479,GO_Biological_Process_2021,long-term memory (GO:0007616),1/19,0.2960722640124703,0.4603804641480771,0,0,2.9856925418569253,3.634040810553539,APOE
1480,GO_Biological_Process_2021,"synaptic transmission, cholinergic (GO:0007271)",1/19,0.2960722640124703,0.4603804641480771,0,0,2.9856925418569253,3.634040810553539,APOE
1481,GO_Biological_Process_2021,mesenchymal cell development (GO:0014031),1/19,0.2960722640124703,0.4603804641480771,0,0,2.9856925418569253,3.634040810553539,CDH2
1482,GO_Biological_Process_2021,mitochondrion localization (GO:0051646),1/19,0.2960722640124703,0.4603804641480771,0,0,2.9856925418569253,3.634040810553539,HAP1
1483,GO_Biological_Process_2021,negative regulation of cytokine production involved in inflammatory response (GO:1900016),1/19,0.2960722640124703,0.4603804641480771,0,0,2.9856925418569253,3.634040810553539,APPL2
1484,GO_Biological_Process_2021,negative regulation of immune system process (GO:0002683),1/19,0.2960722640124703,0.4603804641480771,0,0,2.9856925418569253,3.634040810553539,CD200
1485,GO_Biological_Process_2021,negative regulation of T cell receptor signaling pathway (GO:0050860),1/19,0.2960722640124703,0.4603804641480771,0,0,2.9856925418569253,3.634040810553539,DUSP3
1486,GO_Biological_Process_2021,neural crest cell differentiation (GO:0014033),1/19,0.2960722640124703,0.4603804641480771,0,0,2.9856925418569253,3.634040810553539,CDH2
1487,GO_Biological_Process_2021,neuromuscular process (GO:0050905),1/19,0.2960722640124703,0.4603804641480771,0,0,2.9856925418569253,3.634040810553539,NRXN1
1488,GO_Biological_Process_2021,positive regulation of cellular protein catabolic process (GO:1903364),1/19,0.2960722640124703,0.4603804641480771,0,0,2.9856925418569253,3.634040810553539,APOE
1489,GO_Biological_Process_2021,positive regulation of focal adhesion assembly (GO:0051894),1/19,0.2960722640124703,0.4603804641480771,0,0,2.9856925418569253,3.634040810553539,VEGFA
1490,GO_Biological_Process_2021,positive regulation of G protein-coupled receptor signaling pathway (GO:0045745),1/19,0.2960722640124703,0.4603804641480771,0,0,2.9856925418569253,3.634040810553539,CHGA
1491,GO_Biological_Process_2021,positive regulation of triglyceride metabolic process (GO:0090208),1/19,0.2960722640124703,0.4603804641480771,0,0,2.9856925418569253,3.634040810553539,SCARB1
1475,GO_Biological_Process_2021,glycerolipid catabolic process (GO:0046503),1/19,0.2960722640124703,0.4603804641480771,0,0,2.9856925418569253,3.634040810553539,PRDX6
1474,GO_Biological_Process_2021,regulation of vascular endothelial growth factor signaling pathway (GO:1900746),1/19,0.2960722640124703,0.4603804641480771,0,0,2.9856925418569253,3.634040810553539,SPRY2
1469,GO_Biological_Process_2021,establishment of skin barrier (GO:0061436),1/19,0.2960722640124703,0.4603804641480771,0,0,2.9856925418569253,3.634040810553539,STMN1
1472,GO_Biological_Process_2021,fatty acid transmembrane transport (GO:1902001),1/19,0.2960722640124703,0.4603804641480771,0,0,2.9856925418569253,3.634040810553539,CPT1A
1455,GO_Biological_Process_2021,positive regulation of tyrosine phosphorylation of STAT protein (GO:0042531),2/59,0.2938254647358549,0.4603804641480771,0,0,1.887121650279545,2.3112887480931903,IGF1;VEGFA
1473,GO_Biological_Process_2021,regulation of synaptic vesicle exocytosis (GO:2000300),1/19,0.2960722640124703,0.4603804641480771,0,0,2.9856925418569253,3.634040810553539,DTNBP1
1457,GO_Biological_Process_2021,regulation of autophagy of mitochondrion (GO:1903146),1/19,0.2960722640124703,0.4603804641480771,0,0,2.9856925418569253,3.634040810553539,FBXW7
1458,GO_Biological_Process_2021,barbed-end actin filament capping (GO:0051016),1/19,0.2960722640124703,0.4603804641480771,0,0,2.9856925418569253,3.634040810553539,ADD3
1459,GO_Biological_Process_2021,regulation of cell-cell adhesion mediated by cadherin (GO:2000047),1/19,0.2960722640124703,0.4603804641480771,0,0,2.9856925418569253,3.634040810553539,VEGFA
1460,GO_Biological_Process_2021,regulation of centriole replication (GO:0046599),1/19,0.2960722640124703,0.4603804641480771,0,0,2.9856925418569253,3.634040810553539,MDM1
1461,GO_Biological_Process_2021,cardiac muscle cell contraction (GO:0086003),1/19,0.2960722640124703,0.4603804641480771,0,0,2.9856925418569253,3.634040810553539,KCNE2
1462,GO_Biological_Process_2021,cellular response to glucagon stimulus (GO:0071377),1/19,0.2960722640124703,0.4603804641480771,0,0,2.9856925418569253,3.634040810553539,ADCY1
1456,GO_Biological_Process_2021,actin filament capping (GO:0051693),1/19,0.2960722640124703,0.4603804641480771,0,0,2.9856925418569253,3.634040810553539,ADD3
1464,GO_Biological_Process_2021,regulation of histone H3-K4 methylation (GO:0051569),1/19,0.2960722640124703,0.4603804641480771,0,0,2.9856925418569253,3.634040810553539,AUTS2
1465,GO_Biological_Process_2021,regulation of insulin-like growth factor receptor signaling pathway (GO:0043567),1/19,0.2960722640124703,0.4603804641480771,0,0,2.9856925418569253,3.634040810553539,IGF1
1466,GO_Biological_Process_2021,regulation of leukocyte chemotaxis (GO:0002688),1/19,0.2960722640124703,0.4603804641480771,0,0,2.9856925418569253,3.634040810553539,SLIT2
1467,GO_Biological_Process_2021,detection of mechanical stimulus (GO:0050982),1/19,0.2960722640124703,0.4603804641480771,0,0,2.9856925418569253,3.634040810553539,CDH2
1468,GO_Biological_Process_2021,establishment of melanosome localization (GO:0032401),1/19,0.2960722640124703,0.4603804641480771,0,0,2.9856925418569253,3.634040810553539,MYO5A
1470,GO_Biological_Process_2021,establishment or maintenance of apical/basal cell polarity (GO:0035088),1/19,0.2960722640124703,0.4603804641480771,0,0,2.9856925418569253,3.634040810553539,CRB1
1471,GO_Biological_Process_2021,regulation of stem cell population maintenance (GO:2000036),1/19,0.2960722640124703,0.4603804641480771,0,0,2.9856925418569253,3.634040810553539,ESRRB
1463,GO_Biological_Process_2021,regulation of glucose transmembrane transport (GO:0010827),1/19,0.2960722640124703,0.4603804641480771,0,0,2.9856925418569253,3.634040810553539,PRKCB
1492,GO_Biological_Process_2021,regulation of JNK cascade (GO:0046328),3/105,0.3018112267960083,0.468989984036664,0,0,1.5825636039539783,1.8958376619523132,APP;CYLD;DUSP3
1509,GO_Biological_Process_2021,lipopolysaccharide-mediated signaling pathway (GO:0031663),1/20,0.3089663709865718,0.4712702042661713,0,0,2.8284066330209083,3.322028190627759,PRKCE
1510,GO_Biological_Process_2021,maintenance of protein location in nucleus (GO:0051457),1/20,0.3089663709865718,0.4712702042661713,0,0,2.8284066330209083,3.322028190627759,SYNE1
1511,GO_Biological_Process_2021,toll-like receptor 4 signaling pathway (GO:0034142),1/20,0.3089663709865718,0.4712702042661713,0,0,2.8284066330209083,3.322028190627759,PRKCE
1512,GO_Biological_Process_2021,mesoderm development (GO:0007498),1/20,0.3089663709865718,0.4712702042661713,0,0,2.8284066330209083,3.322028190627759,VEGFA
1513,GO_Biological_Process_2021,myeloid cell development (GO:0061515),1/20,0.3089663709865718,0.4712702042661713,0,0,2.8284066330209083,3.322028190627759,APP
1514,GO_Biological_Process_2021,negative regulation of cyclin-dependent protein serine/threonine kinase activity (GO:0045736),1/20,0.3089663709865718,0.4712702042661713,0,0,2.8284066330209083,3.322028190627759,CDKN1C
1518,GO_Biological_Process_2021,positive regulation of dendrite morphogenesis (GO:0050775),1/20,0.3089663709865718,0.4712702042661713,0,0,2.8284066330209083,3.322028190627759,PTPRD
1516,GO_Biological_Process_2021,positive regulation of activated T cell proliferation (GO:0042104),1/20,0.3089663709865718,0.4712702042661713,0,0,2.8284066330209083,3.322028190627759,IGF1
1517,GO_Biological_Process_2021,positive regulation of cyclin-dependent protein kinase activity (GO:1904031),1/20,0.3089663709865718,0.4712702042661713,0,0,2.8284066330209083,3.322028190627759,PROX1
1519,GO_Biological_Process_2021,positive regulation of nitrogen compound metabolic process (GO:0051173),1/20,0.3089663709865718,0.4712702042661713,0,0,2.8284066330209083,3.322028190627759,APP
1520,GO_Biological_Process_2021,positive regulation of peptidyl-lysine acetylation (GO:2000758),1/20,0.3089663709865718,0.4712702042661713,0,0,2.8284066330209083,3.322028190627759,SOX4
1508,GO_Biological_Process_2021,hepaticobiliary system development (GO:0061008),1/20,0.3089663709865718,0.4712702042661713,0,0,2.8284066330209083,3.322028190627759,PROX1
1515,GO_Biological_Process_2021,negative regulation of osteoclast differentiation (GO:0045671),1/20,0.3089663709865718,0.4712702042661713,0,0,2.8284066330209083,3.322028190627759,FBXW7
1507,GO_Biological_Process_2021,fatty acid transport (GO:0015908),1/20,0.3089663709865718,0.4712702042661713,0,0,2.8284066330209083,3.322028190627759,APOE
1501,GO_Biological_Process_2021,cortical actin cytoskeleton organization (GO:0030866),1/20,0.3089663709865718,0.4712702042661713,0,0,2.8284066330209083,3.322028190627759,LLGL2
1505,GO_Biological_Process_2021,regulation of smooth muscle contraction (GO:0006940),1/20,0.3089663709865718,0.4712702042661713,0,0,2.8284066330209083,3.322028190627759,ATP2B1
1493,GO_Biological_Process_2021,regulation of phosphatidylinositol 3-kinase signaling (GO:0014066),3/106,0.3068167763915284,0.4712702042661713,0,0,1.5671186712669505,1.8515578077926744,TGFB2;IGF1;IER3
1494,GO_Biological_Process_2021,small GTPase mediated signal transduction (GO:0007264),3/106,0.3068167763915284,0.4712702042661713,0,0,1.5671186712669505,1.8515578077926744,CCDC88A;RIT2;IGF1
1495,GO_Biological_Process_2021,regulation of endocytosis (GO:0030100),2/61,0.3073738769316282,0.4712702042661713,0,0,1.8229651704227976,2.150534569768096,RIT2;APOE
1496,GO_Biological_Process_2021,response to light stimulus (GO:0009416),2/61,0.3073738769316282,0.4712702042661713,0,0,1.8229651704227976,2.150534569768096,TRPM1;SLC24A1
1497,GO_Biological_Process_2021,dephosphorylation (GO:0016311),4/153,0.3074299016556671,0.4712702042661713,0,0,1.444992398679966,1.7043803540182336,PTPRD;PTPRS;DUSP3;PPEF2
1498,GO_Biological_Process_2021,protein targeting to lysosome (GO:0006622),1/20,0.3089663709865718,0.4712702042661713,0,0,2.8284066330209083,3.322028190627759,CLU
1506,GO_Biological_Process_2021,eye morphogenesis (GO:0048592),1/20,0.3089663709865718,0.4712702042661713,0,0,2.8284066330209083,3.322028190627759,VEGFA
1500,GO_Biological_Process_2021,regulation of fibroblast growth factor receptor signaling pathway (GO:0040036),1/20,0.3089663709865718,0.4712702042661713,0,0,2.8284066330209083,3.322028190627759,SPRY2
1502,GO_Biological_Process_2021,dopaminergic neuron differentiation (GO:0071542),1/20,0.3089663709865718,0.4712702042661713,0,0,2.8284066330209083,3.322028190627759,VEGFA
1503,GO_Biological_Process_2021,embryonic digestive tract development (GO:0048566),1/20,0.3089663709865718,0.4712702042661713,0,0,2.8284066330209083,3.322028190627759,TGFB2
1504,GO_Biological_Process_2021,regulation of programmed necrotic cell death (GO:0062098),1/20,0.3089663709865718,0.4712702042661713,0,0,2.8284066330209083,3.322028190627759,CYLD
1499,GO_Biological_Process_2021,adaptive immune response based on somatic recombination of immune receptors built from immunoglobulin superfamily domains (GO:0002460),1/20,0.3089663709865718,0.4712702042661713,0,0,2.8284066330209083,3.322028190627759,JAG1
1521,GO_Biological_Process_2021,regulation of neurogenesis (GO:0050767),2/62,0.3141297934057629,0.4785168225222391,0,0,1.7924908424908426,2.0756130210284005,PAX6;APPL2
1522,GO_Biological_Process_2021,positive regulation of interleukin-1 production (GO:0032732),2/62,0.3141297934057629,0.4785168225222391,0,0,1.7924908424908426,2.0756130210284005,APP;ISL1
1541,GO_Biological_Process_2021,myotube differentiation (GO:0014902),1/21,0.3216249250207275,0.4798774534875095,0,0,2.686849315068493,3.047879219576876,IGF1
1542,GO_Biological_Process_2021,negative regulation of ion transmembrane transporter activity (GO:0032413),1/21,0.3216249250207275,0.4798774534875095,0,0,2.686849315068493,3.047879219576876,PRKCE
1543,GO_Biological_Process_2021,negative regulation of peptidyl-serine phosphorylation (GO:0033137),1/21,0.3216249250207275,0.4798774534875095,0,0,2.686849315068493,3.047879219576876,DMD
1544,GO_Biological_Process_2021,negative regulation of reproductive process (GO:2000242),1/21,0.3216249250207275,0.4798774534875095,0,0,2.686849315068493,3.047879219576876,IGF1
1545,GO_Biological_Process_2021,negative regulation of response to wounding (GO:1903035),1/21,0.3216249250207275,0.4798774534875095,0,0,2.686849315068493,3.047879219576876,PTPRS
1546,GO_Biological_Process_2021,neuron apoptotic process (GO:0051402),1/21,0.3216249250207275,0.4798774534875095,0,0,2.686849315068493,3.047879219576876,APP
1547,GO_Biological_Process_2021,neurotrophin signaling pathway (GO:0038179),1/21,0.3216249250207275,0.4798774534875095,0,0,2.686849315068493,3.047879219576876,HAP1
1550,GO_Biological_Process_2021,positive regulation of antigen receptor-mediated signaling pathway (GO:0050857),1/21,0.3216249250207275,0.4798774534875095,0,0,2.686849315068493,3.047879219576876,PRKCB
1549,GO_Biological_Process_2021,"nucleotide-excision repair, preincision complex stabilization (GO:0006293)",1/21,0.3216249250207275,0.4798774534875095,0,0,2.686849315068493,3.047879219576876,RPA1
1551,GO_Biological_Process_2021,positive regulation of lipid storage (GO:0010884),1/21,0.3216249250207275,0.4798774534875095,0,0,2.686849315068493,3.047879219576876,SCARB1
1552,GO_Biological_Process_2021,positive regulation of transcription from RNA polymerase II promoter involved in cellular response to chemical stimulus (GO:1901522),1/21,0.3216249250207275,0.4798774534875095,0,0,2.686849315068493,3.047879219576876,VEGFA
1553,GO_Biological_Process_2021,positive regulation of vascular associated smooth muscle cell proliferation (GO:1904707),1/21,0.3216249250207275,0.4798774534875095,0,0,2.686849315068493,3.047879219576876,IGF1
1540,GO_Biological_Process_2021,mitotic spindle checkpoint signaling (GO:0071174),1/21,0.3216249250207275,0.4798774534875095,0,0,2.686849315068493,3.047879219576876,ZWINT
1555,GO_Biological_Process_2021,lipid transport (GO:0006869),3/109,0.3218488438045538,0.4798774534875095,0,0,1.5225323561515671,1.7260542391917302,SCARB1;ABCA4;APOE
1548,GO_Biological_Process_2021,"nucleotide-excision repair, DNA incision, 3'-to lesion (GO:0006295)",1/21,0.3216249250207275,0.4798774534875095,0,0,2.686849315068493,3.047879219576876,RPA1
1554,GO_Biological_Process_2021,regulation of protein ubiquitination (GO:0031396),3/109,0.3218488438045538,0.4798774534875095,0,0,1.5225323561515671,1.7260542391917302,FBXW7;SPRY2;SOX4
1539,GO_Biological_Process_2021,mitotic spindle assembly checkpoint signaling (GO:0007094),1/21,0.3216249250207275,0.4798774534875095,0,0,2.686849315068493,3.047879219576876,ZWINT
1537,GO_Biological_Process_2021,long-term synaptic potentiation (GO:0060291),1/21,0.3216249250207275,0.4798774534875095,0,0,2.686849315068493,3.047879219576876,SLC24A1
1538,GO_Biological_Process_2021,melanosome localization (GO:0032400),1/21,0.3216249250207275,0.4798774534875095,0,0,2.686849315068493,3.047879219576876,MYO5A
1523,GO_Biological_Process_2021,DNA replication (GO:0006260),3/108,0.3168364803644632,0.4798774534875095,0,0,1.53711137347501,1.7667088892822274,POLG2;REV3L;RPA1
1524,GO_Biological_Process_2021,amyloid fibril formation (GO:1990000),2/63,0.3208711006232803,0.4798774534875095,0,0,1.7630156728517383,2.00404775720537,APP;MAPT
1526,GO_Biological_Process_2021,positive regulation of Ras protein signal transduction (GO:0046579),2/63,0.3208711006232803,0.4798774534875095,0,0,1.7630156728517383,2.00404775720537,AUTS2;IGF1
1527,GO_Biological_Process_2021,acetylcholine receptor signaling pathway (GO:0095500),1/21,0.3216249250207275,0.4798774534875095,0,0,2.686849315068493,3.047879219576876,CDK5R1
1528,GO_Biological_Process_2021,calcium ion transport into cytosol (GO:0060402),1/21,0.3216249250207275,0.4798774534875095,0,0,2.686849315068493,3.047879219576876,TRPM1
1529,GO_Biological_Process_2021,cellular response to steroid hormone stimulus (GO:0071383),1/21,0.3216249250207275,0.4798774534875095,0,0,2.686849315068493,3.047879219576876,NR3C1
1525,GO_Biological_Process_2021,monocarboxylic acid biosynthetic process (GO:0072330),2/63,0.3208711006232803,0.4798774534875095,0,0,1.7630156728517383,2.00404775720537,OSBPL6;OSBPL1A
1531,GO_Biological_Process_2021,cyclic purine nucleotide metabolic process (GO:0052652),1/21,0.3216249250207275,0.4798774534875095,0,0,2.686849315068493,3.047879219576876,ADCY1
1532,GO_Biological_Process_2021,response to glucagon (GO:0033762),1/21,0.3216249250207275,0.4798774534875095,0,0,2.686849315068493,3.047879219576876,ADCY1
1533,GO_Biological_Process_2021,response to progesterone (GO:0032570),1/21,0.3216249250207275,0.4798774534875095,0,0,2.686849315068493,3.047879219576876,TGFB2
1534,GO_Biological_Process_2021,intracellular lipid transport (GO:0032365),1/21,0.3216249250207275,0.4798774534875095,0,0,2.686849315068493,3.047879219576876,CPT1A
1535,GO_Biological_Process_2021,spindle assembly checkpoint signaling (GO:0071173),1/21,0.3216249250207275,0.4798774534875095,0,0,2.686849315068493,3.047879219576876,ZWINT
1536,GO_Biological_Process_2021,stress granule assembly (GO:0034063),1/21,0.3216249250207275,0.4798774534875095,0,0,2.686849315068493,3.047879219576876,MAPT
1530,GO_Biological_Process_2021,regulation of lipopolysaccharide-mediated signaling pathway (GO:0031664),1/21,0.3216249250207275,0.4798774534875095,0,0,2.686849315068493,3.047879219576876,TRIB1
1556,GO_Biological_Process_2021,regulation of protein kinase activity (GO:0045859),3/110,0.3268617135790073,0.4870386483643525,0,0,1.5082258438248244,1.6865254250606212,DTNBP1;TRIB1;YWHAG
1557,GO_Biological_Process_2021,lipid homeostasis (GO:0055088),2/64,0.3275960739364708,0.4878195709451939,0,0,1.7344913151364765,1.935647057235146,FBXW7;APOE
1558,GO_Biological_Process_2021,cellular protein modification process (GO:0006464),21/1025,0.3280823878661064,0.487951928773249,0,0,1.1294820717131475,1.2587970610055383,APP;ARF4;TGFB2;PTPRS;PRKCB;FBXW7;PRKCE;CKAP4;PTPRD;GRK1;CDH2;QPCT;MAK;B3GALT2;SPARCL1;APOE;PAK3;TRIB1;CDK14;SCG2;PPEF2
1559,GO_Biological_Process_2021,organonitrogen compound biosynthetic process (GO:1901566),4/158,0.3281056072785639,0.487951928773249,0,0,1.3977183037956518,1.5576448813027066,ELOVL6;DMD;APOE;GSTM5
1578,GO_Biological_Process_2021,negative regulation of cyclin-dependent protein kinase activity (GO:1904030),1/22,0.3340522175667515,0.488651415356156,0,0,2.5587736464448794,2.8055877278898422,CDKN1C
1575,GO_Biological_Process_2021,lipid droplet organization (GO:0034389),1/22,0.3340522175667515,0.488651415356156,0,0,2.5587736464448794,2.8055877278898422,CDS1
1576,GO_Biological_Process_2021,membrane lipid metabolic process (GO:0006643),1/22,0.3340522175667515,0.488651415356156,0,0,2.5587736464448794,2.8055877278898422,CERKL
1577,GO_Biological_Process_2021,negative regulation of B cell activation (GO:0050869),1/22,0.3340522175667515,0.488651415356156,0,0,2.5587736464448794,2.8055877278898422,SAMSN1
1579,GO_Biological_Process_2021,negative regulation of lipid biosynthetic process (GO:0051055),1/22,0.3340522175667515,0.488651415356156,0,0,2.5587736464448794,2.8055877278898422,FBXW7
1574,GO_Biological_Process_2021,glutathione derivative metabolic process (GO:1901685),1/22,0.3340522175667515,0.488651415356156,0,0,2.5587736464448794,2.8055877278898422,GSTM5
1581,GO_Biological_Process_2021,negative regulation of phosphate metabolic process (GO:0045936),1/22,0.3340522175667515,0.488651415356156,0,0,2.5587736464448794,2.8055877278898422,CDKN1C
1585,GO_Biological_Process_2021,positive regulation of signal transduction by p53 class mediator (GO:1901798),1/22,0.3340522175667515,0.488651415356156,0,0,2.5587736464448794,2.8055877278898422,PLA2R1
1583,GO_Biological_Process_2021,positive regulation of amyloid precursor protein catabolic process (GO:1902993),1/22,0.3340522175667515,0.488651415356156,0,0,2.5587736464448794,2.8055877278898422,CLU
1584,GO_Biological_Process_2021,positive regulation of dendritic spine development (GO:0060999),1/22,0.3340522175667515,0.488651415356156,0,0,2.5587736464448794,2.8055877278898422,APOE
1580,GO_Biological_Process_2021,negative regulation of mitotic metaphase/anaphase transition (GO:0045841),1/22,0.3340522175667515,0.488651415356156,0,0,2.5587736464448794,2.8055877278898422,ZWINT
1573,GO_Biological_Process_2021,glutathione derivative biosynthetic process (GO:1901687),1/22,0.3340522175667515,0.488651415356156,0,0,2.5587736464448794,2.8055877278898422,GSTM5
1582,GO_Biological_Process_2021,neuronal action potential (GO:0019228),1/22,0.3340522175667515,0.488651415356156,0,0,2.5587736464448794,2.8055877278898422,ANK3
1571,GO_Biological_Process_2021,regulation of vacuole organization (GO:0044088),1/22,0.3340522175667515,0.488651415356156,0,0,2.5587736464448794,2.8055877278898422,IFT20
1570,GO_Biological_Process_2021,female gonad development (GO:0008585),1/22,0.3340522175667515,0.488651415356156,0,0,2.5587736464448794,2.8055877278898422,VEGFA
1569,GO_Biological_Process_2021,error-free translesion synthesis (GO:0070987),1/22,0.3340522175667515,0.488651415356156,0,0,2.5587736464448794,2.8055877278898422,RPA1
1568,GO_Biological_Process_2021,regulation of platelet activation (GO:0010543),1/22,0.3340522175667515,0.488651415356156,0,0,2.5587736464448794,2.8055877278898422,APOE
1567,GO_Biological_Process_2021,regulation of membrane protein ectodomain proteolysis (GO:0051043),1/22,0.3340522175667515,0.488651415356156,0,0,2.5587736464448794,2.8055877278898422,APOE
1566,GO_Biological_Process_2021,regulation of lipid storage (GO:0010883),1/22,0.3340522175667515,0.488651415356156,0,0,2.5587736464448794,2.8055877278898422,FBXW7
1565,GO_Biological_Process_2021,chaperone-mediated protein complex assembly (GO:0051131),1/22,0.3340522175667515,0.488651415356156,0,0,2.5587736464448794,2.8055877278898422,CLU
1564,GO_Biological_Process_2021,cellular response to osmotic stress (GO:0071470),1/22,0.3340522175667515,0.488651415356156,0,0,2.5587736464448794,2.8055877278898422,MYLK
1563,GO_Biological_Process_2021,regulation of chromosome organization (GO:0033044),1/22,0.3340522175667515,0.488651415356156,0,0,2.5587736464448794,2.8055877278898422,MAPT
1562,GO_Biological_Process_2021,regulation of cardiac muscle cell membrane repolarization (GO:0099623),1/22,0.3340522175667515,0.488651415356156,0,0,2.5587736464448794,2.8055877278898422,KCNE2
1561,GO_Biological_Process_2021,regulation of adenylate cyclase activity (GO:0045761),1/22,0.3340522175667515,0.488651415356156,0,0,2.5587736464448794,2.8055877278898422,GNAI2
1560,GO_Biological_Process_2021,amino acid import (GO:0043090),1/22,0.3340522175667515,0.488651415356156,0,0,2.5587736464448794,2.8055877278898422,SLC6A1
1572,GO_Biological_Process_2021,glutamate metabolic process (GO:0006536),1/22,0.3340522175667515,0.488651415356156,0,0,2.5587736464448794,2.8055877278898422,GLUL
1586,GO_Biological_Process_2021,steroid biosynthetic process (GO:0006694),2/65,0.3343030565394917,0.4887102023765727,0,0,1.7068724925867782,1.870232722829063,OSBPL6;OSBPL1A
1587,GO_Biological_Process_2021,mitotic cell cycle phase transition (GO:0044772),5/209,0.3364347310748199,0.4915167355753037,0,0,1.3191841833686384,1.4370547581767472,NASP;CCNG1;CEP164;CDK14;YWHAG
1588,GO_Biological_Process_2021,regulation of macroautophagy (GO:0016241),3/112,0.336885562394072,0.491865641758494,0,0,1.4804003336113427,1.610693303738727,UCHL1;CAPNS1;CDK5R1
1589,GO_Biological_Process_2021,cell-cell junction assembly (GO:0007043),2/66,0.3409904570564102,0.4969207665646178,0,0,1.6801167582417582,1.8076389428844375,CDH2;CTNNA1
1590,GO_Biological_Process_2021,embryonic organ development (GO:0048568),2/66,0.3409904570564102,0.4969207665646178,0,0,1.6801167582417582,1.8076389428844375,NDRG4;TGFB2
1591,GO_Biological_Process_2021,positive regulation of cell death (GO:0010942),2/66,0.3409904570564102,0.4969207665646178,0,0,1.6801167582417582,1.8076389428844375,MAPT;CLU
1592,GO_Biological_Process_2021,positive regulation of metabolic process (GO:0009893),3/113,0.3418948756256843,0.4979259958892578,0,0,1.4668670172802405,1.5743179165847798,ELOVL6;APPL2;VEGFA
1609,GO_Biological_Process_2021,positive regulation of receptor internalization (GO:0002092),1/23,0.3462524622177172,0.4989476474193193,0,0,2.4423412204234123,2.590315617598659,VEGFA
1608,GO_Biological_Process_2021,positive regulation of protein autophosphorylation (GO:0031954),1/23,0.3462524622177172,0.4989476474193193,0,0,2.4423412204234123,2.590315617598659,VEGFA
1607,GO_Biological_Process_2021,positive regulation of mRNA processing (GO:0050685),1/23,0.3462524622177172,0.4989476474193193,0,0,2.4423412204234123,2.590315617598659,PRDX6
1606,GO_Biological_Process_2021,positive regulation of morphogenesis of an epithelium (GO:1905332),1/23,0.3462524622177172,0.4989476474193193,0,0,2.4423412204234123,2.590315617598659,VEGFA
1605,GO_Biological_Process_2021,positive regulation of epithelial cell apoptotic process (GO:1904037),1/23,0.3462524622177172,0.4989476474193193,0,0,2.4423412204234123,2.590315617598659,PLA2R1
1604,GO_Biological_Process_2021,positive regulation of cholesterol efflux (GO:0010875),1/23,0.3462524622177172,0.4989476474193193,0,0,2.4423412204234123,2.590315617598659,APOE
1603,GO_Biological_Process_2021,oligosaccharide biosynthetic process (GO:0009312),1/23,0.3462524622177172,0.4989476474193193,0,0,2.4423412204234123,2.590315617598659,B3GALT2
1602,GO_Biological_Process_2021,negative regulation of intracellular protein transport (GO:0090317),1/23,0.3462524622177172,0.4989476474193193,0,0,2.4423412204234123,2.590315617598659,CABP1
1600,GO_Biological_Process_2021,triglyceride catabolic process (GO:0019433),1/23,0.3462524622177172,0.4989476474193193,0,0,2.4423412204234123,2.590315617598659,FABP12
1599,GO_Biological_Process_2021,regulation of toll-like receptor 4 signaling pathway (GO:0034143),1/23,0.3462524622177172,0.4989476474193193,0,0,2.4423412204234123,2.590315617598659,APPL2
1598,GO_Biological_Process_2021,regulation of release of sequestered calcium ion into cytosol by sarcoplasmic reticulum (GO:0010880),1/23,0.3462524622177172,0.4989476474193193,0,0,2.4423412204234123,2.590315617598659,DMD
1597,GO_Biological_Process_2021,ERK1 and ERK2 cascade (GO:0070371),1/23,0.3462524622177172,0.4989476474193193,0,0,2.4423412204234123,2.590315617598659,IGF1
1596,GO_Biological_Process_2021,ear morphogenesis (GO:0042471),1/23,0.3462524622177172,0.4989476474193193,0,0,2.4423412204234123,2.590315617598659,MYO6
1595,GO_Biological_Process_2021,regulation of necroptotic process (GO:0060544),1/23,0.3462524622177172,0.4989476474193193,0,0,2.4423412204234123,2.590315617598659,CYLD
1594,GO_Biological_Process_2021,regulation of mononuclear cell migration (GO:0071675),1/23,0.3462524622177172,0.4989476474193193,0,0,2.4423412204234123,2.590315617598659,SLIT2
1593,GO_Biological_Process_2021,regulation of B cell receptor signaling pathway (GO:0050855),1/23,0.3462524622177172,0.4989476474193193,0,0,2.4423412204234123,2.590315617598659,PRKCB
1601,GO_Biological_Process_2021,vesicle transport along microtubule (GO:0047496),1/23,0.3462524622177172,0.4989476474193193,0,0,2.4423412204234123,2.590315617598659,HAP1
1610,GO_Biological_Process_2021,cellular response to transforming growth factor beta stimulus (GO:0071560),3/114,0.3469013635834472,0.4995724168302903,0,0,1.4535775444866357,1.5389240509318869,TGFB2;NR3C1;APPL2
1611,GO_Biological_Process_2021,negative regulation of inflammatory response (GO:0050728),5/212,0.3472830272395236,0.4998118009898851,0,0,1.2998648413558689,1.374756802503082,APOE;IGF1;ADCY1;ISL1;CD200
1612,GO_Biological_Process_2021,regulation of viral genome replication (GO:0045069),2/67,0.3476567483702453,0.5000394644878915,0,0,1.6541842772612003,1.7477112628325329,ADARB1;PROX1
1634,GO_Biological_Process_2021,neuromuscular junction development (GO:0007528),1/24,0.3582297960368111,0.5052237852920375,0,0,2.3360333531864206,2.39812654500441,ANK3
1633,GO_Biological_Process_2021,negative regulation of synaptic transmission (GO:0050805),1/24,0.3582297960368111,0.5052237852920375,0,0,2.3360333531864206,2.39812654500441,SLC24A1
1630,GO_Biological_Process_2021,negative regulation of neuron differentiation (GO:0045665),1/24,0.3582297960368111,0.5052237852920375,0,0,2.3360333531864206,2.39812654500441,SIX3
1631,GO_Biological_Process_2021,negative regulation of NIK/NF-kappaB signaling (GO:1901223),1/24,0.3582297960368111,0.5052237852920375,0,0,2.3360333531864206,2.39812654500441,CYLD
1635,GO_Biological_Process_2021,"nucleotide-binding domain, leucine rich repeat containing receptor signaling pathway (GO:0035872)",1/24,0.3582297960368111,0.5052237852920375,0,0,2.3360333531864206,2.39812654500441,CYLD
1632,GO_Biological_Process_2021,negative regulation of stress fiber assembly (GO:0051497),1/24,0.3582297960368111,0.5052237852920375,0,0,2.3360333531864206,2.39812654500441,STMN1
1636,GO_Biological_Process_2021,"nucleotide-excision repair, DNA gap filling (GO:0006297)",1/24,0.3582297960368111,0.5052237852920375,0,0,2.3360333531864206,2.39812654500441,RPA1
1642,GO_Biological_Process_2021,positive regulation of transcription from RNA polymerase II promoter in response to stress (GO:0036003),1/24,0.3582297960368111,0.5052237852920375,0,0,2.3360333531864206,2.39812654500441,VEGFA
1638,GO_Biological_Process_2021,positive regulation of lamellipodium assembly (GO:0010592),1/24,0.3582297960368111,0.5052237852920375,0,0,2.3360333531864206,2.39812654500441,AUTS2
1639,GO_Biological_Process_2021,positive regulation of p38MAPK cascade (GO:1900745),1/24,0.3582297960368111,0.5052237852920375,0,0,2.3360333531864206,2.39812654500441,VEGFA
1640,GO_Biological_Process_2021,positive regulation of phospholipase activity (GO:0010518),1/24,0.3582297960368111,0.5052237852920375,0,0,2.3360333531864206,2.39812654500441,ARF4
1641,GO_Biological_Process_2021,positive regulation of protein targeting to membrane (GO:0090314),1/24,0.3582297960368111,0.5052237852920375,0,0,2.3360333531864206,2.39812654500441,ANK3
1643,GO_Biological_Process_2021,protein K48-linked deubiquitination (GO:0071108),1/24,0.3582297960368111,0.5052237852920375,0,0,2.3360333531864206,2.39812654500441,OTUD7B
1644,GO_Biological_Process_2021,protein kinase B signaling (GO:0043491),1/24,0.3582297960368111,0.5052237852920375,0,0,2.3360333531864206,2.39812654500441,IGF1
1637,GO_Biological_Process_2021,phospholipid catabolic process (GO:0009395),1/24,0.3582297960368111,0.5052237852920375,0,0,2.3360333531864206,2.39812654500441,PRDX6
1629,GO_Biological_Process_2021,mammary gland development (GO:0030879),1/24,0.3582297960368111,0.5052237852920375,0,0,2.3360333531864206,2.39812654500441,VEGFA
1616,GO_Biological_Process_2021,regulation of tyrosine phosphorylation of STAT protein (GO:0042509),2/68,0.3543004653575014,0.5052237852920375,0,0,1.629037629037629,1.6903056587687324,IGF1;VEGFA
1627,GO_Biological_Process_2021,inner ear morphogenesis (GO:0042472),1/24,0.3582297960368111,0.5052237852920375,0,0,2.3360333531864206,2.39812654500441,MYO6
1628,GO_Biological_Process_2021,lipid translocation (GO:0034204),1/24,0.3582297960368111,0.5052237852920375,0,0,2.3360333531864206,2.39812654500441,ABCA4
1614,GO_Biological_Process_2021,regulation of cellular macromolecule biosynthetic process (GO:2000112),10/468,0.3541563050917467,0.5052237852920375,0,0,1.1760953829547127,1.2208069111468378,APP;CCDC88A;CASZ1;ZFHX3;HMGN5;MAGED1;ESRRB;WWC2;NR3C1;SOX4
1615,GO_Biological_Process_2021,regulation of translational initiation (GO:0006446),2/68,0.3543004653575014,0.5052237852920375,0,0,1.629037629037629,1.6903056587687324,IMPACT;EIF1B
1617,GO_Biological_Process_2021,cellular protein metabolic process (GO:0044267),9/417,0.3550516914390905,0.5052237852920375,0,0,1.1879634206623826,1.2301264882105547,APP;CDH2;QPCT;SPARCL1;RRBP1;IGF1;APOE;SCG2;CKAP4
1618,GO_Biological_Process_2021,positive regulation of angiogenesis (GO:0045766),3/116,0.3569027043065867,0.5052237852920375,0,0,1.4277042346229796,1.470952353098892,PRKCB;ISL1;VEGFA
1619,GO_Biological_Process_2021,purine nucleotide metabolic process (GO:0006163),1/24,0.3582297960368111,0.5052237852920375,0,0,2.3360333531864206,2.39812654500441,NT5E
1613,GO_Biological_Process_2021,calcium ion transport (GO:0006816),3/115,0.3519042325865426,0.5052237852920375,0,0,1.4405253837072018,1.5044792467105246,TRPM1;SLC24A1;SLC24A3
1621,GO_Biological_Process_2021,carbohydrate biosynthetic process (GO:0016051),1/24,0.3582297960368111,0.5052237852920375,0,0,2.3360333531864206,2.39812654500441,B3GALT2
1622,GO_Biological_Process_2021,regulation of cellular response to transforming growth factor beta stimulus (GO:1903844),1/24,0.3582297960368111,0.5052237852920375,0,0,2.3360333531864206,2.39812654500441,DKK3
1623,GO_Biological_Process_2021,cardiac muscle cell development (GO:0055013),1/24,0.3582297960368111,0.5052237852920375,0,0,2.3360333531864206,2.39812654500441,VEGFA
1624,GO_Biological_Process_2021,cardiac muscle cell differentiation (GO:0055007),1/24,0.3582297960368111,0.5052237852920375,0,0,2.3360333531864206,2.39812654500441,VEGFA
1625,GO_Biological_Process_2021,regulation of monooxygenase activity (GO:0032768),1/24,0.3582297960368111,0.5052237852920375,0,0,2.3360333531864206,2.39812654500441,CYGB
1626,GO_Biological_Process_2021,dorsal/ventral pattern formation (GO:0009953),1/24,0.3582297960368111,0.5052237852920375,0,0,2.3360333531864206,2.39812654500441,SIX3
1620,GO_Biological_Process_2021,regulation of axon extension involved in axon guidance (GO:0048841),1/24,0.3582297960368111,0.5052237852920375,0,0,2.3360333531864206,2.39812654500441,VEGFA
1645,GO_Biological_Process_2021,regulation of protein phosphorylation (GO:0001932),6/266,0.3604538288507945,0.5080515692186168,0,0,1.241923076923077,1.2672476343189212,APP;CCDC88A;IMPACT;LIMCH1;SLIT2;VEGFA
1646,GO_Biological_Process_2021,positive regulation of protein transport (GO:0051222),2/69,0.3609202032317853,0.5084000434108937,0,0,1.6046416270296868,1.6352876966468306,TGFB2;IGF1
1662,GO_Biological_Process_2021,fat-soluble vitamin metabolic process (GO:0006775),1/25,0.369988280782429,0.5130740056277558,0,0,2.2385844748858448,2.225788608292376,RLBP1
1663,GO_Biological_Process_2021,in utero embryonic development (GO:0001701),1/25,0.369988280782429,0.5130740056277558,0,0,2.2385844748858448,2.225788608292376,VEGFA
1664,GO_Biological_Process_2021,negative regulation of antigen receptor-mediated signaling pathway (GO:0050858),1/25,0.369988280782429,0.5130740056277558,0,0,2.2385844748858448,2.225788608292376,DUSP3
1665,GO_Biological_Process_2021,negative regulation of cell junction assembly (GO:1901889),1/25,0.369988280782429,0.5130740056277558,0,0,2.2385844748858448,2.225788608292376,ROBO2
1666,GO_Biological_Process_2021,negative regulation of response to endoplasmic reticulum stress (GO:1903573),1/25,0.369988280782429,0.5130740056277558,0,0,2.2385844748858448,2.225788608292376,CLU
1670,GO_Biological_Process_2021,positive regulation of release of cytochrome c from mitochondria (GO:0090200),1/25,0.369988280782429,0.5130740056277558,0,0,2.2385844748858448,2.225788608292376,MLLT11
1667,GO_Biological_Process_2021,organophosphate ester transport (GO:0015748),1/25,0.369988280782429,0.5130740056277558,0,0,2.2385844748858448,2.225788608292376,SCARB1
1668,GO_Biological_Process_2021,positive regulation of lipid metabolic process (GO:0045834),1/25,0.369988280782429,0.5130740056277558,0,0,2.2385844748858448,2.225788608292376,APOE
1669,GO_Biological_Process_2021,positive regulation of peptidyl-threonine phosphorylation (GO:0010800),1/25,0.369988280782429,0.5130740056277558,0,0,2.2385844748858448,2.225788608292376,APP
1671,GO_Biological_Process_2021,positive regulation of T cell migration (GO:2000406),1/25,0.369988280782429,0.5130740056277558,0,0,2.2385844748858448,2.225788608292376,APP
1661,GO_Biological_Process_2021,regulation of ryanodine-sensitive calcium-release channel activity (GO:0060314),1/25,0.369988280782429,0.5130740056277558,0,0,2.2385844748858448,2.225788608292376,DMD
1672,GO_Biological_Process_2021,positive regulation of vascular endothelial growth factor production (GO:0010575),1/25,0.369988280782429,0.5130740056277558,0,0,2.2385844748858448,2.225788608292376,ISL1
1660,GO_Biological_Process_2021,regulation of proteolysis involved in cellular protein catabolic process (GO:1903050),1/25,0.369988280782429,0.5130740056277558,0,0,2.2385844748858448,2.225788608292376,APOE
1652,GO_Biological_Process_2021,regulation of calcium ion import (GO:0090279),1/25,0.369988280782429,0.5130740056277558,0,0,2.2385844748858448,2.225788608292376,GRM6
1658,GO_Biological_Process_2021,regulation of mitochondrial fission (GO:0090140),1/25,0.369988280782429,0.5130740056277558,0,0,2.2385844748858448,2.225788608292376,MAPT
1657,GO_Biological_Process_2021,"chemical synaptic transmission, postsynaptic (GO:0099565)",1/25,0.369988280782429,0.5130740056277558,0,0,2.2385844748858448,2.225788608292376,DRD4
1656,GO_Biological_Process_2021,regulation of interferon-alpha production (GO:0032647),1/25,0.369988280782429,0.5130740056277558,0,0,2.2385844748858448,2.225788608292376,PTPRS
1655,GO_Biological_Process_2021,cellular response to hexose stimulus (GO:0071331),1/25,0.369988280782429,0.5130740056277558,0,0,2.2385844748858448,2.225788608292376,SOX4
1654,GO_Biological_Process_2021,cellular polysaccharide biosynthetic process (GO:0033692),1/25,0.369988280782429,0.5130740056277558,0,0,2.2385844748858448,2.225788608292376,B3GALT2
1653,GO_Biological_Process_2021,regulation of cholesterol transport (GO:0032374),1/25,0.369988280782429,0.5130740056277558,0,0,2.2385844748858448,2.225788608292376,OSBPL6
1651,GO_Biological_Process_2021,regulation of AMPA receptor activity (GO:2000311),1/25,0.369988280782429,0.5130740056277558,0,0,2.2385844748858448,2.225788608292376,CACNG4
1650,GO_Biological_Process_2021,3'-phosphoadenosine 5'-phosphosulfate metabolic process (GO:0050427),1/25,0.369988280782429,0.5130740056277558,0,0,2.2385844748858448,2.225788608292376,SLC26A2
1649,GO_Biological_Process_2021,neutrophil chemotaxis (GO:0030593),2/70,0.3675146159766597,0.5130740056277558,0,0,1.5809631544925662,1.5825317699375576,TGFB2;BSG
1648,GO_Biological_Process_2021,sterol metabolic process (GO:0016125),2/70,0.3675146159766597,0.5130740056277558,0,0,1.5809631544925662,1.5825317699375576,APOE;OSBPL1A
1647,GO_Biological_Process_2021,regulation of cellular response to stress (GO:0080135),3/118,0.3668834207790292,0.5130740056277558,0,0,1.4027308659719726,1.4065338600417872,RPA1;MAPT;IER3
1659,GO_Biological_Process_2021,regulation of neutrophil chemotaxis (GO:0090022),1/25,0.369988280782429,0.5130740056277558,0,0,2.2385844748858448,2.225788608292376,SLIT2
1673,GO_Biological_Process_2021,negative regulation of transcription by RNA polymerase II (GO:0000122),14/684,0.3725674744224787,0.5163420195102453,0,0,1.1257462686567163,1.1114910766941193,TFAP2B;ZFHX3;MYT1L;WWC2;OTUD7B;PAX6;PROX1;NR3C1;ISL1;NR2E3;VEGFA;ZEB2;IMPACT;VSX2
1679,GO_Biological_Process_2021,positive regulation of cellular protein localization (GO:1903829),2/71,0.3740824146064661,0.5165900011232151,0,0,1.5579710144927537,1.5319204085187217,CCDC88A;MAPT
1678,GO_Biological_Process_2021,fatty acid biosynthetic process (GO:0006633),2/71,0.3740824146064661,0.5165900011232151,0,0,1.5579710144927537,1.5319204085187217,ACOT7;ELOVL6
1677,GO_Biological_Process_2021,cholesterol homeostasis (GO:0042632),2/71,0.3740824146064661,0.5165900011232151,0,0,1.5579710144927537,1.5319204085187217,SCARB1;APOE
1675,GO_Biological_Process_2021,protein tetramerization (GO:0051262),2/71,0.3740824146064661,0.5165900011232151,0,0,1.5579710144927537,1.5319204085187217,KCNC1;APPL2
1674,GO_Biological_Process_2021,peptidyl-serine modification (GO:0018209),4/169,0.3737823812757428,0.5165900011232151,0,0,1.303800435292148,1.283045913050685,PRKCB;PRKCE;NDNF;CDK5R1
1676,GO_Biological_Process_2021,regulation of G1/S transition of mitotic cell cycle (GO:2000045),2/71,0.3740824146064661,0.5165900011232151,0,0,1.5579710144927537,1.5319204085187217,PLK5;APPL2
1680,GO_Biological_Process_2021,cytoskeleton organization (GO:0007010),3/120,0.3768375971121265,0.5200852024391038,0,0,1.3786112877021968,1.3454432252909605,ARHGAP10;TPM1;APOE
1691,GO_Biological_Process_2021,membrane depolarization during action potential (GO:0086010),1/26,0.381531904551747,0.5206788344470901,0,0,2.148931506849315,2.0706261673067687,YWHAH
1698,GO_Biological_Process_2021,positive regulation of filopodium assembly (GO:0051491),1/26,0.381531904551747,0.5206788344470901,0,0,2.148931506849315,2.0706261673067687,GPM6A
1697,GO_Biological_Process_2021,negative regulation of receptor-mediated endocytosis (GO:0048261),1/26,0.381531904551747,0.5206788344470901,0,0,2.148931506849315,2.0706261673067687,APP
1699,GO_Biological_Process_2021,positive regulation of glucose import (GO:0046326),1/26,0.381531904551747,0.5206788344470901,0,0,2.148931506849315,2.0706261673067687,IGF1
1695,GO_Biological_Process_2021,negative regulation of interleukin-1 beta production (GO:0032691),1/26,0.381531904551747,0.5206788344470901,0,0,2.148931506849315,2.0706261673067687,IGF1
1694,GO_Biological_Process_2021,mRNA polyadenylation (GO:0006378),1/26,0.381531904551747,0.5206788344470901,0,0,2.148931506849315,2.0706261673067687,APP
1693,GO_Biological_Process_2021,mononuclear cell differentiation (GO:1903131),1/26,0.381531904551747,0.5206788344470901,0,0,2.148931506849315,2.0706261673067687,VEGFA
1692,GO_Biological_Process_2021,TOR signaling (GO:0031929),1/26,0.381531904551747,0.5206788344470901,0,0,2.148931506849315,2.0706261673067687,CCDC88A
1690,GO_Biological_Process_2021,lamellipodium assembly (GO:0030032),1/26,0.381531904551747,0.5206788344470901,0,0,2.148931506849315,2.0706261673067687,CCDC88A
1696,GO_Biological_Process_2021,negative regulation of intrinsic apoptotic signaling pathway in response to DNA damage (GO:1902230),1/26,0.381531904551747,0.5206788344470901,0,0,2.148931506849315,2.0706261673067687,CLU
1688,GO_Biological_Process_2021,regulation of monocyte chemotaxis (GO:0090025),1/26,0.381531904551747,0.5206788344470901,0,0,2.148931506849315,2.0706261673067687,SLIT2
1687,GO_Biological_Process_2021,regulation of glycogen biosynthetic process (GO:0005979),1/26,0.381531904551747,0.5206788344470901,0,0,2.148931506849315,2.0706261673067687,IGF1
1686,GO_Biological_Process_2021,cellular response to drug (GO:0035690),1/26,0.381531904551747,0.5206788344470901,0,0,2.148931506849315,2.0706261673067687,KCNE2
1685,GO_Biological_Process_2021,proteoglycan metabolic process (GO:0006029),1/26,0.381531904551747,0.5206788344470901,0,0,2.148931506849315,2.0706261673067687,IGF1
1684,GO_Biological_Process_2021,sterol homeostasis (GO:0055092),2/72,0.3806223654017541,0.5206788344470901,0,0,1.53563579277865,1.483343650631629,SCARB1;APOE
1683,GO_Biological_Process_2021,extrinsic apoptotic signaling pathway (GO:0097191),2/72,0.3806223654017541,0.5206788344470901,0,0,1.53563579277865,1.483343650631629,MLLT11;TGFB2
1682,GO_Biological_Process_2021,cytoskeleton-dependent cytokinesis (GO:0061640),2/72,0.3806223654017541,0.5206788344470901,0,0,1.53563579277865,1.483343650631629,STMN1;ANK3
1681,GO_Biological_Process_2021,cell morphogenesis involved in differentiation (GO:0000904),2/72,0.3806223654017541,0.5206788344470901,0,0,1.53563579277865,1.483343650631629,ARL13B;PROX1
1689,GO_Biological_Process_2021,RNA polyadenylation (GO:0043631),1/26,0.381531904551747,0.5206788344470901,0,0,2.148931506849315,2.0706261673067687,APP
1700,GO_Biological_Process_2021,negative regulation of cell adhesion (GO:0007162),2/73,0.3871332885356417,0.5280124805424391,0,0,1.5139297322395917,1.4366984697320495,JAG1;PODXL
1712,GO_Biological_Process_2021,negative regulation of cation channel activity (GO:2001258),1/27,0.3928645829117808,0.5305272598110196,0,0,2.0661749209694413,1.930407185184938,DRD4
1713,GO_Biological_Process_2021,negative regulation of insulin receptor signaling pathway (GO:0046627),1/27,0.3928645829117808,0.5305272598110196,0,0,2.0661749209694413,1.930407185184938,PRKCB
1717,GO_Biological_Process_2021,positive regulation of nuclear division (GO:0051785),1/27,0.3928645829117808,0.5305272598110196,0,0,2.0661749209694413,1.930407185184938,IGF1
1715,GO_Biological_Process_2021,nucleobase-containing small molecule interconversion (GO:0015949),1/27,0.3928645829117808,0.5305272598110196,0,0,2.0661749209694413,1.930407185184938,NME1
1716,GO_Biological_Process_2021,positive regulation of nitric oxide biosynthetic process (GO:0045429),1/27,0.3928645829117808,0.5305272598110196,0,0,2.0661749209694413,1.930407185184938,CLU
1710,GO_Biological_Process_2021,monovalent inorganic cation homeostasis (GO:0055067),1/27,0.3928645829117808,0.5305272598110196,0,0,2.0661749209694413,1.930407185184938,TFAP2B
1714,GO_Biological_Process_2021,negative regulation of plasma membrane bounded cell projection assembly (GO:0120033),1/27,0.3928645829117808,0.5305272598110196,0,0,2.0661749209694413,1.930407185184938,SLIT2
1709,GO_Biological_Process_2021,melanosome organization (GO:0032438),1/27,0.3928645829117808,0.5305272598110196,0,0,2.0661749209694413,1.930407185184938,DTNBP1
1711,GO_Biological_Process_2021,negative regulation of actin filament bundle assembly (GO:0032232),1/27,0.3928645829117808,0.5305272598110196,0,0,2.0661749209694413,1.930407185184938,STMN1
1707,GO_Biological_Process_2021,regulation of transcription regulatory region DNA binding (GO:2000677),1/27,0.3928645829117808,0.5305272598110196,0,0,2.0661749209694413,1.930407185184938,IGF1
1706,GO_Biological_Process_2021,regulation of toll-like receptor signaling pathway (GO:0034121),1/27,0.3928645829117808,0.5305272598110196,0,0,2.0661749209694413,1.930407185184938,APPL2
1705,GO_Biological_Process_2021,dendritic spine organization (GO:0097061),1/27,0.3928645829117808,0.5305272598110196,0,0,2.0661749209694413,1.930407185184938,PAK3
1704,GO_Biological_Process_2021,cytoplasmic pattern recognition receptor signaling pathway (GO:0002753),1/27,0.3928645829117808,0.5305272598110196,0,0,2.0661749209694413,1.930407185184938,CYLD
1703,GO_Biological_Process_2021,camera-type eye development (GO:0043010),1/27,0.3928645829117808,0.5305272598110196,0,0,2.0661749209694413,1.930407185184938,VEGFA
1702,GO_Biological_Process_2021,calcium-ion regulated exocytosis (GO:0017156),1/27,0.3928645829117808,0.5305272598110196,0,0,2.0661749209694413,1.930407185184938,SYT4
1701,GO_Biological_Process_2021,cellular response to organic substance (GO:0071310),3/123,0.3917067620992981,0.5305272598110196,0,0,1.343939393939394,1.2595961430604088,ROBO2;PLK5;SLIT2
1708,GO_Biological_Process_2021,regulation of vascular endothelial growth factor production (GO:0010574),1/27,0.3928645829117808,0.5305272598110196,0,0,2.0661749209694413,1.930407185184938,ISL1
1718,GO_Biological_Process_2021,regulation of peptide hormone secretion (GO:0090276),2/74,0.3936140563788795,0.5312301400808612,0,0,1.492826617826618,1.3918882534967505,TFAP2B;CACNA2D2
1719,GO_Biological_Process_2021,cation transport (GO:0006812),4/174,0.3944970585848487,0.5321123115795634,0,0,1.2651283717907051,1.1767510515989776,TRPM1;KCNC1;KCNMA1;ATP1B1
1720,GO_Biological_Process_2021,negative regulation of programmed cell death (GO:0043069),8/381,0.3970435939174003,0.5352359894761004,0,0,1.1539233453652251,1.0658896055551756,ARF4;TFAP2B;ARHGAP10;HMGN5;SPRY2;FAIM2;IGF1;VEGFA
1736,GO_Biological_Process_2021,leukocyte cell-cell adhesion (GO:0007159),1/28,0.4039901601855999,0.5364952327593543,0,0,1.9895484525621512,1.8032566003308217,NT5E
1737,GO_Biological_Process_2021,mucosal immune response (GO:0002385),1/28,0.4039901601855999,0.5364952327593543,0,0,1.9895484525621512,1.8032566003308217,OTUD7B
1738,GO_Biological_Process_2021,negative regulation of axonogenesis (GO:0050771),1/28,0.4039901601855999,0.5364952327593543,0,0,1.9895484525621512,1.8032566003308217,PTPRS
1739,GO_Biological_Process_2021,negative regulation of calcium ion transmembrane transporter activity (GO:1901020),1/28,0.4039901601855999,0.5364952327593543,0,0,1.9895484525621512,1.8032566003308217,DRD4
1746,GO_Biological_Process_2021,protein localization to Golgi apparatus (GO:0034067),1/28,0.4039901601855999,0.5364952327593543,0,0,1.9895484525621512,1.8032566003308217,IFT20
1745,GO_Biological_Process_2021,positive regulation of nitric oxide metabolic process (GO:1904407),1/28,0.4039901601855999,0.5364952327593543,0,0,1.9895484525621512,1.8032566003308217,CLU
1742,GO_Biological_Process_2021,nucleotide-binding oligomerization domain containing signaling pathway (GO:0070423),1/28,0.4039901601855999,0.5364952327593543,0,0,1.9895484525621512,1.8032566003308217,CYLD
1743,GO_Biological_Process_2021,positive regulation of cell communication (GO:0010647),1/28,0.4039901601855999,0.5364952327593543,0,0,1.9895484525621512,1.8032566003308217,ANK3
1744,GO_Biological_Process_2021,positive regulation of fibroblast proliferation (GO:0048146),1/28,0.4039901601855999,0.5364952327593543,0,0,1.9895484525621512,1.8032566003308217,IGF1
1735,GO_Biological_Process_2021,sarcomere organization (GO:0045214),1/28,0.4039901601855999,0.5364952327593543,0,0,1.9895484525621512,1.8032566003308217,TPM1
1741,GO_Biological_Process_2021,neutral amino acid transport (GO:0015804),1/28,0.4039901601855999,0.5364952327593543,0,0,1.9895484525621512,1.8032566003308217,LLGL2
1734,GO_Biological_Process_2021,glycogen metabolic process (GO:0005977),1/28,0.4039901601855999,0.5364952327593543,0,0,1.9895484525621512,1.8032566003308217,PGM2L1
1740,GO_Biological_Process_2021,negative regulation of phosphatase activity (GO:0010923),1/28,0.4039901601855999,0.5364952327593543,0,0,1.9895484525621512,1.8032566003308217,TGFB2
1732,GO_Biological_Process_2021,regulation of sodium ion transmembrane transport (GO:1902305),1/28,0.4039901601855999,0.5364952327593543,0,0,1.9895484525621512,1.8032566003308217,YWHAH
1731,GO_Biological_Process_2021,regulation of protein transport (GO:0051223),1/28,0.4039901601855999,0.5364952327593543,0,0,1.9895484525621512,1.8032566003308217,LLGL2
1730,GO_Biological_Process_2021,regulation of postsynapse organization (GO:0099175),1/28,0.4039901601855999,0.5364952327593543,0,0,1.9895484525621512,1.8032566003308217,CDK5R1
1729,GO_Biological_Process_2021,regulation of plasma membrane bounded cell projection organization (GO:0120035),1/28,0.4039901601855999,0.5364952327593543,0,0,1.9895484525621512,1.8032566003308217,CCDC88A
1728,GO_Biological_Process_2021,regulation of muscle contraction (GO:0006937),1/28,0.4039901601855999,0.5364952327593543,0,0,1.9895484525621512,1.8032566003308217,TPM1
1727,GO_Biological_Process_2021,cellular response to epidermal growth factor stimulus (GO:0071364),1/28,0.4039901601855999,0.5364952327593543,0,0,1.9895484525621512,1.8032566003308217,DUSP3
1726,GO_Biological_Process_2021,cellular response to acid chemical (GO:0071229),1/28,0.4039901601855999,0.5364952327593543,0,0,1.9895484525621512,1.8032566003308217,VEGFA
1725,GO_Biological_Process_2021,"regulation of DNA damage response, signal transduction by p53 class mediator (GO:0043516)",1/28,0.4039901601855999,0.5364952327593543,0,0,1.9895484525621512,1.8032566003308217,PLA2R1
1724,GO_Biological_Process_2021,carbohydrate derivative biosynthetic process (GO:1901137),1/28,0.4039901601855999,0.5364952327593543,0,0,1.9895484525621512,1.8032566003308217,TKT
1723,GO_Biological_Process_2021,regulation of calcineurin-NFAT signaling cascade (GO:0070884),1/28,0.4039901601855999,0.5364952327593543,0,0,1.9895484525621512,1.8032566003308217,IGF1
1722,GO_Biological_Process_2021,regulation of B cell activation (GO:0050864),1/28,0.4039901601855999,0.5364952327593543,0,0,1.9895484525621512,1.8032566003308217,SAMSN1
1721,GO_Biological_Process_2021,regulation of phosphorylation (GO:0042325),3/125,0.4015703127920438,0.5364952327593543,0,0,1.3217721175992414,1.205948710685933,CDKN1C;APP;CCDC88A
1733,GO_Biological_Process_2021,glycerophospholipid catabolic process (GO:0046475),1/28,0.4039901601855999,0.5364952327593543,0,0,1.9895484525621512,1.8032566003308217,PRDX6
1749,GO_Biological_Process_2021,negative regulation of cell growth (GO:0030308),3/126,0.4064853978265624,0.5388834988329284,0,0,1.3109588120674596,1.180134656368342,TGFB2;PTPRS;SLIT2
1747,GO_Biological_Process_2021,regulation of cell division (GO:0051302),2/76,0.4064808681763797,0.5388834988329284,0,0,1.4523314523314523,1.307415519319448,PLK5;ESRRB
1748,GO_Biological_Process_2021,positive regulation of interleukin-6 production (GO:0032755),2/76,0.4064808681763797,0.5388834988329284,0,0,1.4523314523314523,1.307415519319448,APP;ISL1
1764,GO_Biological_Process_2021,glycolytic process (GO:0006096),1/29,0.4149124109320186,0.5426137504860672,0,0,1.9183953033268104,1.6875890187743745,PFKFB2
1773,GO_Biological_Process_2021,protein ADP-ribosylation (GO:0006471),1/29,0.4149124109320186,0.5426137504860672,0,0,1.9183953033268104,1.6875890187743745,ARF4
1772,GO_Biological_Process_2021,positive regulation of viral genome replication (GO:0045070),1/29,0.4149124109320186,0.5426137504860672,0,0,1.9183953033268104,1.6875890187743745,ADARB1
1771,GO_Biological_Process_2021,positive regulation of leukocyte migration (GO:0002687),1/29,0.4149124109320186,0.5426137504860672,0,0,1.9183953033268104,1.6875890187743745,VEGFA
1770,GO_Biological_Process_2021,positive regulation of extrinsic apoptotic signaling pathway (GO:2001238),1/29,0.4149124109320186,0.5426137504860672,0,0,1.9183953033268104,1.6875890187743745,CYLD
1769,GO_Biological_Process_2021,"nucleotide-excision repair, preincision complex assembly (GO:0006294)",1/29,0.4149124109320186,0.5426137504860672,0,0,1.9183953033268104,1.6875890187743745,RPA1
1768,GO_Biological_Process_2021,negative regulation of epithelial to mesenchymal transition (GO:0010719),1/29,0.4149124109320186,0.5426137504860672,0,0,1.9183953033268104,1.6875890187743745,SPRY2
1767,GO_Biological_Process_2021,mismatch repair (GO:0006298),1/29,0.4149124109320186,0.5426137504860672,0,0,1.9183953033268104,1.6875890187743745,RPA1
1766,GO_Biological_Process_2021,telomere maintenance via telomerase (GO:0007004),1/29,0.4149124109320186,0.5426137504860672,0,0,1.9183953033268104,1.6875890187743745,RPA1
1765,GO_Biological_Process_2021,lamellipodium organization (GO:0097581),1/29,0.4149124109320186,0.5426137504860672,0,0,1.9183953033268104,1.6875890187743745,CCDC88A
1763,GO_Biological_Process_2021,regulation of ubiquitin-protein transferase activity (GO:0051438),1/29,0.4149124109320186,0.5426137504860672,0,0,1.9183953033268104,1.6875890187743745,FBXW7
1762,GO_Biological_Process_2021,regulation of response to biotic stimulus (GO:0002831),1/29,0.4149124109320186,0.5426137504860672,0,0,1.9183953033268104,1.6875890187743745,APPL2
1751,GO_Biological_Process_2021,regulation of translation (GO:0006417),4/178,0.410994402740812,0.5426137504860672,0,0,1.235790944306852,1.0988352572138809,APP;IMPACT;EIF1B;SOX4
1760,GO_Biological_Process_2021,regulation of calcium ion transmembrane transporter activity (GO:1901019),1/29,0.4149124109320186,0.5426137504860672,0,0,1.9183953033268104,1.6875890187743745,DMD
1759,GO_Biological_Process_2021,regulation of actin polymerization or depolymerization (GO:0008064),1/29,0.4149124109320186,0.5426137504860672,0,0,1.9183953033268104,1.6875890187743745,PAK3
1758,GO_Biological_Process_2021,aggrephagy (GO:0035973),1/29,0.4149124109320186,0.5426137504860672,0,0,1.9183953033268104,1.6875890187743745,ARL13B
1757,GO_Biological_Process_2021,positive regulation of phosphatidylinositol 3-kinase signaling (GO:0014068),2/77,0.4128649047039435,0.5426137504860672,0,0,1.432893772893773,1.2675877632455363,TGFB2;IGF1
1756,GO_Biological_Process_2021,neutrophil migration (GO:1990266),2/77,0.4128649047039435,0.5426137504860672,0,0,1.432893772893773,1.2675877632455363,TGFB2;BSG
1755,GO_Biological_Process_2021,negative regulation of developmental process (GO:0051093),2/77,0.4128649047039435,0.5426137504860672,0,0,1.432893772893773,1.2675877632455363,PTPRS;MAPT
1754,GO_Biological_Process_2021,regulation of organelle assembly (GO:1902115),2/77,0.4128649047039435,0.5426137504860672,0,0,1.432893772893773,1.2675877632455363,IFT20;CYLD
1753,GO_Biological_Process_2021,cholesterol metabolic process (GO:0008203),2/77,0.4128649047039435,0.5426137504860672,0,0,1.432893772893773,1.2675877632455363,APOE;OSBPL1A
1752,GO_Biological_Process_2021,purine ribonucleotide metabolic process (GO:0009150),2/77,0.4128649047039435,0.5426137504860672,0,0,1.432893772893773,1.2675877632455363,ACOT7;DBI
1761,GO_Biological_Process_2021,regulation of protein targeting to membrane (GO:0090313),1/29,0.4149124109320186,0.5426137504860672,0,0,1.9183953033268104,1.6875890187743745,ANK3
1750,GO_Biological_Process_2021,regulation of mitotic cell cycle (GO:0007346),4/178,0.410994402740812,0.5426137504860672,0,0,1.235790944306852,1.0988352572138809,CDKN1C;APP;CYLD;DUSP3
1774,GO_Biological_Process_2021,apoptotic process (GO:0006915),5/231,0.4161167153869712,0.5437880539312455,0,0,1.1894197533890618,1.042870741631892,APP;PRKCE;NSG1;RNF152;IER3
1775,GO_Biological_Process_2021,microtubule cytoskeleton organization involved in mitosis (GO:1902850),3/128,0.4162791309404707,0.5437880539312455,0,0,1.2898512396694215,1.130424666661389,STMN1;ZWINT;SPC25
1776,GO_Biological_Process_2021,intracellular protein transport (GO:0006886),7/336,0.417974960540904,0.5456960655345511,0,0,1.1441356012564452,0.9980681009985316,ARF4;ARL4D;MYO6;HAP1;RAB6B;APPL2;YWHAH
1794,GO_Biological_Process_2021,heterotypic cell-cell adhesion (GO:0034113),1/30,0.4256350410311026,0.5466633143053101,0,0,1.8521492678318376,1.5820559170997035,CD200
1795,GO_Biological_Process_2021,RNA-dependent DNA biosynthetic process (GO:0006278),1/30,0.4256350410311026,0.5466633143053101,0,0,1.8521492678318376,1.5820559170997035,RPA1
1796,GO_Biological_Process_2021,maintenance of blood-brain barrier (GO:0035633),1/30,0.4256350410311026,0.5466633143053101,0,0,1.8521492678318376,1.5820559170997035,DMD
1797,GO_Biological_Process_2021,microtubule polymerization (GO:0046785),1/30,0.4256350410311026,0.5466633143053101,0,0,1.8521492678318376,1.5820559170997035,MAPT
1798,GO_Biological_Process_2021,negative regulation of cytoskeleton organization (GO:0051494),1/30,0.4256350410311026,0.5466633143053101,0,0,1.8521492678318376,1.5820559170997035,SLIT2
1799,GO_Biological_Process_2021,negative regulation of interleukin-1 production (GO:0032692),1/30,0.4256350410311026,0.5466633143053101,0,0,1.8521492678318376,1.5820559170997035,IGF1
1793,GO_Biological_Process_2021,Golgi to plasma membrane protein transport (GO:0043001),1/30,0.4256350410311026,0.5466633143053101,0,0,1.8521492678318376,1.5820559170997035,ANK3
1801,GO_Biological_Process_2021,non-motile cilium assembly (GO:1905515),1/30,0.4256350410311026,0.5466633143053101,0,0,1.8521492678318376,1.5820559170997035,ARL13B
1802,GO_Biological_Process_2021,phosphatidylcholine acyl-chain remodeling (GO:0036151),1/30,0.4256350410311026,0.5466633143053101,0,0,1.8521492678318376,1.5820559170997035,DBI
1803,GO_Biological_Process_2021,positive regulation of phosphate metabolic process (GO:0045937),1/30,0.4256350410311026,0.5466633143053101,0,0,1.8521492678318376,1.5820559170997035,APP
1804,GO_Biological_Process_2021,positive regulation of small GTPase mediated signal transduction (GO:0051057),1/30,0.4256350410311026,0.5466633143053101,0,0,1.8521492678318376,1.5820559170997035,IGF1
1806,GO_Biological_Process_2021,positive regulation of canonical Wnt signaling pathway (GO:0090263),3/130,0.4260203759758624,0.5466633143053101,0,0,1.269408472701243,1.0831457593417255,ZEB2;PPM1N;SOX4
1807,GO_Biological_Process_2021,protein glycosylation (GO:0006486),3/130,0.4260203759758624,0.5466633143053101,0,0,1.269408472701243,1.0831457593417255,GALNT7;B3GALT2;TET1
1800,GO_Biological_Process_2021,negative regulation of Notch signaling pathway (GO:0045746),1/30,0.4256350410311026,0.5466633143053101,0,0,1.8521492678318376,1.5820559170997035,FBXW7
1792,GO_Biological_Process_2021,response to alcohol (GO:0097305),1/30,0.4256350410311026,0.5466633143053101,0,0,1.8521492678318376,1.5820559170997035,SLIT2
1805,GO_Biological_Process_2021,G2/M transition of mitotic cell cycle (GO:0000086),3/130,0.4260203759758624,0.5466633143053101,0,0,1.269408472701243,1.0831457593417255,CEP164;CDK14;YWHAG
1790,GO_Biological_Process_2021,fatty-acyl-CoA biosynthetic process (GO:0046949),1/30,0.4256350410311026,0.5466633143053101,0,0,1.8521492678318376,1.5820559170997035,ELOVL6
1777,GO_Biological_Process_2021,DNA-dependent DNA replication (GO:0006261),3/129,0.4211566001625342,0.5466633143053101,0,0,1.279548734094189,1.1064904620676017,POLG2;REV3L;RPA1
1791,GO_Biological_Process_2021,regulation of vasoconstriction (GO:0019229),1/30,0.4256350410311026,0.5466633143053101,0,0,1.8521492678318376,1.5820559170997035,ATP2B1
1779,GO_Biological_Process_2021,protein phosphorylation (GO:0006468),10/496,0.4228896447985003,0.5466633143053101,0,0,1.106718453784621,0.9524906201512956,GRK1;APP;TGFB2;PRKCB;PRKCE;MAK;PAK3;TRIB1;CDK14;CDK5R1
1780,GO_Biological_Process_2021,recombinational repair (GO:0000725),2/79,0.4255295712260387,0.5466633143053101,0,0,1.3955330383901812,1.1923725050339578,REV3L;RPA1
1781,GO_Biological_Process_2021,regulation of cellular response to heat (GO:1900034),2/79,0.4255295712260387,0.5466633143053101,0,0,1.3955330383901812,1.1923725050339578,RPA1;MAPT
1782,GO_Biological_Process_2021,negative regulation of NF-kappaB transcription factor activity (GO:0032088),2/79,0.4255295712260387,0.5466633143053101,0,0,1.3955330383901812,1.1923725050339578,CYLD;CD200
1778,GO_Biological_Process_2021,positive regulation of macromolecule biosynthetic process (GO:0010557),3/129,0.4211566001625342,0.5466633143053101,0,0,1.279548734094189,1.1064904620676017,TGFB2;IGF1;SOX4
1784,GO_Biological_Process_2021,CENP-A containing chromatin organization (GO:0061641),1/30,0.4256350410311026,0.5466633143053101,0,0,1.8521492678318376,1.5820559170997035,NASP
1785,GO_Biological_Process_2021,CENP-A containing nucleosome assembly (GO:0034080),1/30,0.4256350410311026,0.5466633143053101,0,0,1.8521492678318376,1.5820559170997035,NASP
1786,GO_Biological_Process_2021,chondroitin sulfate metabolic process (GO:0030204),1/30,0.4256350410311026,0.5466633143053101,0,0,1.8521492678318376,1.5820559170997035,NDNF
1787,GO_Biological_Process_2021,regulation of macrophage activation (GO:0043030),1/30,0.4256350410311026,0.5466633143053101,0,0,1.8521492678318376,1.5820559170997035,CD200
1788,GO_Biological_Process_2021,establishment of spindle orientation (GO:0051294),1/30,0.4256350410311026,0.5466633143053101,0,0,1.8521492678318376,1.5820559170997035,LLGL2
1789,GO_Biological_Process_2021,regulation of striated muscle contraction (GO:0006942),1/30,0.4256350410311026,0.5466633143053101,0,0,1.8521492678318376,1.5820559170997035,DMD
1783,GO_Biological_Process_2021,positive regulation of proteasomal ubiquitin-dependent protein catabolic process (GO:0032436),2/79,0.4255295712260387,0.5466633143053101,0,0,1.3955330383901812,1.1923725050339578,TRIB1;CLU
1808,GO_Biological_Process_2021,cell cycle G2/M phase transition (GO:0044839),3/131,0.4308699048454172,0.5522752371499271,0,0,1.259426652892562,1.0603731109104304,CEP164;CDK14;YWHAG
1809,GO_Biological_Process_2021,cellular response to hypoxia (GO:0071456),3/131,0.4308699048454172,0.5522752371499271,0,0,1.259426652892562,1.0603731109104304,NDNF;NDRG1;VEGFA
1812,GO_Biological_Process_2021,negative regulation of cellular response to growth factor stimulus (GO:0090288),2/80,0.4318084684979922,0.5525624086681422,0,0,1.377571146801916,1.156847259934424,SPRY2;SLIT2
1810,GO_Biological_Process_2021,regulation of NIK/NF-kappaB signaling (GO:1901222),2/80,0.4318084684979922,0.5525624086681422,0,0,1.377571146801916,1.156847259934424,APP;CYLD
1811,GO_Biological_Process_2021,skin development (GO:0043588),2/80,0.4318084684979922,0.5525624086681422,0,0,1.377571146801916,1.156847259934424,JAG1;STMN1
1823,GO_Biological_Process_2021,phospholipid translocation (GO:0045332),1/31,0.4361616890896002,0.552948152288455,0,0,1.7903196347031964,1.4855038559609022,ABCA4
1829,GO_Biological_Process_2021,protein acetylation (GO:0006473),1/31,0.4361616890896002,0.552948152288455,0,0,1.7903196347031964,1.4855038559609022,MAPT
1828,GO_Biological_Process_2021,positive regulation of ubiquitin-protein transferase activity (GO:0051443),1/31,0.4361616890896002,0.552948152288455,0,0,1.7903196347031964,1.4855038559609022,FBXW7
1827,GO_Biological_Process_2021,positive regulation of RNA splicing (GO:0033120),1/31,0.4361616890896002,0.552948152288455,0,0,1.7903196347031964,1.4855038559609022,PRDX6
1826,GO_Biological_Process_2021,positive regulation of protein targeting to mitochondrion (GO:1903955),1/31,0.4361616890896002,0.552948152288455,0,0,1.7903196347031964,1.4855038559609022,FBXW7
1825,GO_Biological_Process_2021,positive regulation of locomotion (GO:0040017),1/31,0.4361616890896002,0.552948152288455,0,0,1.7903196347031964,1.4855038559609022,SPOCK2
1824,GO_Biological_Process_2021,positive regulation of leukocyte cell-cell adhesion (GO:1903039),1/31,0.4361616890896002,0.552948152288455,0,0,1.7903196347031964,1.4855038559609022,CD47
1822,GO_Biological_Process_2021,peptide cross-linking (GO:0018149),1/31,0.4361616890896002,0.552948152288455,0,0,1.7903196347031964,1.4855038559609022,NDNF
1816,GO_Biological_Process_2021,cardiac muscle cell action potential involved in contraction (GO:0086002),1/31,0.4361616890896002,0.552948152288455,0,0,1.7903196347031964,1.4855038559609022,KCNE2
1820,GO_Biological_Process_2021,negative regulation of response to biotic stimulus (GO:0002832),1/31,0.4361616890896002,0.552948152288455,0,0,1.7903196347031964,1.4855038559609022,TRIB1
1819,GO_Biological_Process_2021,negative regulation of peptidyl-tyrosine phosphorylation (GO:0050732),1/31,0.4361616890896002,0.552948152288455,0,0,1.7903196347031964,1.4855038559609022,SAMSN1
1818,GO_Biological_Process_2021,negative regulation of interleukin-6 production (GO:0032715),1/31,0.4361616890896002,0.552948152288455,0,0,1.7903196347031964,1.4855038559609022,CD200
1817,GO_Biological_Process_2021,negative regulation of axon extension (GO:0030517),1/31,0.4361616890896002,0.552948152288455,0,0,1.7903196347031964,1.4855038559609022,PTPRS
1815,GO_Biological_Process_2021,regulation of calcium ion-dependent exocytosis (GO:0017158),1/31,0.4361616890896002,0.552948152288455,0,0,1.7903196347031964,1.4855038559609022,SYT4
1814,GO_Biological_Process_2021,proteoglycan biosynthetic process (GO:0030166),1/31,0.4361616890896002,0.552948152288455,0,0,1.7903196347031964,1.4855038559609022,IGF1
1813,GO_Biological_Process_2021,protein palmitoylation (GO:0018345),1/31,0.4361616890896002,0.552948152288455,0,0,1.7903196347031964,1.4855038559609022,GLUL
1821,GO_Biological_Process_2021,negative regulation of response to DNA damage stimulus (GO:2001021),1/31,0.4361616890896002,0.552948152288455,0,0,1.7903196347031964,1.4855038559609022,CLU
1830,GO_Biological_Process_2021,positive regulation of cellular amide metabolic process (GO:0034250),2/81,0.4380506582407401,0.555039610660031,0,0,1.3600639866462652,1.1226249913086304,CLU;SOX4
1844,GO_Biological_Process_2021,intra-Golgi vesicle-mediated transport (GO:0006891),1/32,0.4464959274542414,0.5593253518865227,0,0,1.7324790101634997,1.3969411374375058,RAB6B
1845,GO_Biological_Process_2021,skeletal muscle organ development (GO:0060538),1/32,0.4464959274542414,0.5593253518865227,0,0,1.7324790101634997,1.3969411374375058,BASP1
1846,GO_Biological_Process_2021,liver development (GO:0001889),1/32,0.4464959274542414,0.5593253518865227,0,0,1.7324790101634997,1.3969411374375058,PROX1
1847,GO_Biological_Process_2021,negative regulation of cell-matrix adhesion (GO:0001953),1/32,0.4464959274542414,0.5593253518865227,0,0,1.7324790101634997,1.3969411374375058,JAG1
1850,GO_Biological_Process_2021,positive regulation of immune effector process (GO:0002699),1/32,0.4464959274542414,0.5593253518865227,0,0,1.7324790101634997,1.3969411374375058,APPL2
1848,GO_Biological_Process_2021,negative regulation of intracellular steroid hormone receptor signaling pathway (GO:0033144),1/32,0.4464959274542414,0.5593253518865227,0,0,1.7324790101634997,1.3969411374375058,ISL1
1849,GO_Biological_Process_2021,positive regulation of glucose transmembrane transport (GO:0010828),1/32,0.4464959274542414,0.5593253518865227,0,0,1.7324790101634997,1.3969411374375058,IGF1
1843,GO_Biological_Process_2021,endodermal cell differentiation (GO:0035987),1/32,0.4464959274542414,0.5593253518865227,0,0,1.7324790101634997,1.3969411374375058,VTN
1851,GO_Biological_Process_2021,positive regulation of lamellipodium organization (GO:1902745),1/32,0.4464959274542414,0.5593253518865227,0,0,1.7324790101634997,1.3969411374375058,AUTS2
1842,GO_Biological_Process_2021,chromatin remodeling at centromere (GO:0031055),1/32,0.4464959274542414,0.5593253518865227,0,0,1.7324790101634997,1.3969411374375058,NASP
1834,GO_Biological_Process_2021,regulation of cell migration involved in sprouting angiogenesis (GO:0090049),1/32,0.4464959274542414,0.5593253518865227,0,0,1.7324790101634997,1.3969411374375058,VEGFA
1840,GO_Biological_Process_2021,cellular response to glucose stimulus (GO:0071333),1/32,0.4464959274542414,0.5593253518865227,0,0,1.7324790101634997,1.3969411374375058,SOX4
1832,GO_Biological_Process_2021,post-translational protein modification (GO:0043687),7/345,0.4447878095690954,0.5593253518865227,0,0,1.113151258426596,0.9018283337364938,APP;CDH2;FBXW7;SPARCL1;APOE;SCG2;CKAP4
1833,GO_Biological_Process_2021,positive regulation of peptidyl-tyrosine phosphorylation (GO:0050731),3/134,0.4453276847980769,0.5593253518865227,0,0,1.2303955586398334,0.995322209032366,VTN;IGF1;VEGFA
1835,GO_Biological_Process_2021,regulation of cell morphogenesis (GO:0022604),1/32,0.4464959274542414,0.5593253518865227,0,0,1.7324790101634997,1.3969411374375058,SPARC
1831,GO_Biological_Process_2021,positive regulation of cytoskeleton organization (GO:0051495),2/82,0.4442553795646123,0.5593253518865227,0,0,1.3429945054945054,1.0896462507310762,PRKCE;PROX1
1837,GO_Biological_Process_2021,regulation of cellular biosynthetic process (GO:0031326),1/32,0.4464959274542414,0.5593253518865227,0,0,1.7324790101634997,1.3969411374375058,CD47
1838,GO_Biological_Process_2021,regulation of chemotaxis (GO:0050920),1/32,0.4464959274542414,0.5593253518865227,0,0,1.7324790101634997,1.3969411374375058,DUSP3
1839,GO_Biological_Process_2021,regulation of dendritic spine morphogenesis (GO:0061001),1/32,0.4464959274542414,0.5593253518865227,0,0,1.7324790101634997,1.3969411374375058,CDK5R1
1836,GO_Biological_Process_2021,regulation of cellular amide metabolic process (GO:0034248),1/32,0.4464959274542414,0.5593253518865227,0,0,1.7324790101634997,1.3969411374375058,APP
1841,GO_Biological_Process_2021,regulation of intracellular estrogen receptor signaling pathway (GO:0033146),1/32,0.4464959274542414,0.5593253518865227,0,0,1.7324790101634997,1.3969411374375058,ISL1
1852,GO_Biological_Process_2021,glycoprotein biosynthetic process (GO:0009101),2/83,0.4504219117358848,0.5633309084783035,0,0,1.3263464930131597,1.0578549070130594,B3GALT2;IGF1
1853,GO_Biological_Process_2021,long-chain fatty acid metabolic process (GO:0001676),2/83,0.4504219117358848,0.5633309084783035,0,0,1.3263464930131597,1.0578549070130594,CPT1A;ELOVL6
1854,GO_Biological_Process_2021,peptide metabolic process (GO:0006518),2/83,0.4504219117358848,0.5633309084783035,0,0,1.3263464930131597,1.0578549070130594,DMD;GSTM5
1855,GO_Biological_Process_2021,regulation of mitotic cell cycle phase transition (GO:1901990),4/188,0.4517728055093994,0.5647160068867493,0,0,1.1680278645207782,0.9280867545280206,PLK5;CEP164;APPL2;YWHAG
1861,GO_Biological_Process_2021,very long-chain fatty acid metabolic process (GO:0000038),1/33,0.4566412636566239,0.5680470411170871,0,0,1.6782534246575342,1.3155109924216706,ELOVL6
1864,GO_Biological_Process_2021,primary alcohol metabolic process (GO:0034308),1/33,0.4566412636566239,0.5680470411170871,0,0,1.6782534246575342,1.3155109924216706,IGF1
1863,GO_Biological_Process_2021,positive regulation of histone modification (GO:0031058),1/33,0.4566412636566239,0.5680470411170871,0,0,1.6782534246575342,1.3155109924216706,TET1
1862,GO_Biological_Process_2021,positive regulation of cholesterol transport (GO:0032376),1/33,0.4566412636566239,0.5680470411170871,0,0,1.6782534246575342,1.3155109924216706,APOE
1859,GO_Biological_Process_2021,regulation of cholesterol efflux (GO:0010874),1/33,0.4566412636566239,0.5680470411170871,0,0,1.6782534246575342,1.3155109924216706,APOE
1858,GO_Biological_Process_2021,apoptotic mitochondrial changes (GO:0008637),1/33,0.4566412636566239,0.5680470411170871,0,0,1.6782534246575342,1.3155109924216706,CLU
1857,GO_Biological_Process_2021,apoptotic cell clearance (GO:0043277),1/33,0.4566412636566239,0.5680470411170871,0,0,1.6782534246575342,1.3155109924216706,SCARB1
1856,GO_Biological_Process_2021,regulation of cytokinesis (GO:0032465),2/84,0.4565495724625301,0.5680470411170871,0,0,1.3101045296167246,1.0271979272899368,PLK5;PRKCE
1860,GO_Biological_Process_2021,vasculogenesis (GO:0001570),1/33,0.4566412636566239,0.5680470411170871,0,0,1.6782534246575342,1.3155109924216706,VEGFA
1865,GO_Biological_Process_2021,transmembrane receptor protein tyrosine kinase signaling pathway (GO:0007169),8/404,0.4607645391157212,0.5728690947205108,0,0,1.08560464985046,0.8412004423496181,EPHA5;STMN1;CHN1;IGF1;HAP1;PAK3;VEGFA;CDK5R1
1866,GO_Biological_Process_2021,regulation of cell cycle G2/M phase transition (GO:1902749),2/85,0.4626377172839619,0.5738489683759908,0,0,1.294253938832252,0.9976251718784496,CEP164;YWHAG
1867,GO_Biological_Process_2021,G1/S transition of mitotic cell cycle (GO:0000082),2/85,0.4626377172839619,0.5738489683759908,0,0,1.294253938832252,0.9976251718784496,NASP;CDK14
1868,GO_Biological_Process_2021,"retrograde vesicle-mediated transport, Golgi to endoplasmic reticulum (GO:0006890)",2/85,0.4626377172839619,0.5738489683759908,0,0,1.294253938832252,0.9976251718784496,ARF4;RAB6B
1869,GO_Biological_Process_2021,negative regulation of defense response (GO:0031348),2/85,0.4626377172839619,0.5738489683759908,0,0,1.294253938832252,0.9976251718784496,APOE;ISL1
1870,GO_Biological_Process_2021,"regulation of transcription, DNA-templated (GO:0006355)",42/2244,0.4627894050997753,0.5738489683759908,0,0,1.0262051333804283,0.7906737913873113,CDKN1C;SAMD7;CASZ1;HLF;MAGED1;MYT1L;WWC2;RAX;NRL;NR3C1;NR2E3;NHLH2;SIX6;NEUROD4;HMGN5;BASP1;SIX3;DPF3;APOE;SOX4;SAMD11;RUNX1T1;YWHAH;TFAP2B;ZFHX3;PRKCB;ESRRB;PAX6;IGF1;PROX1;ISL1;ZFHX4;DKK3;VEGFA;MLLT11;ZEB2;NCOA7;TCF4;LHX4;CDK14;VSX2;CDK5R1
1878,GO_Biological_Process_2021,organelle disassembly (GO:1903008),1/34,0.4666011412734849,0.5745831463664994,0,0,1.6273142382731425,1.2404698680228587,PLK5
1883,GO_Biological_Process_2021,protein localization to chromosome (GO:0034502),1/34,0.4666011412734849,0.5745831463664994,0,0,1.6273142382731425,1.2404698680228587,RPA1
1882,GO_Biological_Process_2021,protein insertion into membrane (GO:0051205),1/34,0.4666011412734849,0.5745831463664994,0,0,1.6273142382731425,1.2404698680228587,APP
1880,GO_Biological_Process_2021,positive regulation of interleukin-12 production (GO:0032735),1/34,0.4666011412734849,0.5745831463664994,0,0,1.6273142382731425,1.2404698680228587,ISL1
1879,GO_Biological_Process_2021,phosphatidylinositol 3-kinase signaling (GO:0014065),1/34,0.4666011412734849,0.5745831463664994,0,0,1.6273142382731425,1.2404698680228587,IGF1
1877,GO_Biological_Process_2021,negative regulation of extrinsic apoptotic signaling pathway via death domain receptors (GO:1902042),1/34,0.4666011412734849,0.5745831463664994,0,0,1.6273142382731425,1.2404698680228587,FAIM2
1881,GO_Biological_Process_2021,positive regulation of release of sequestered calcium ion into cytosol (GO:0051281),1/34,0.4666011412734849,0.5745831463664994,0,0,1.6273142382731425,1.2404698680228587,HAP1
1875,GO_Biological_Process_2021,sister chromatid segregation (GO:0000819),1/34,0.4666011412734849,0.5745831463664994,0,0,1.6273142382731425,1.2404698680228587,ZWINT
1874,GO_Biological_Process_2021,regulation of glucose metabolic process (GO:0010906),1/34,0.4666011412734849,0.5745831463664994,0,0,1.6273142382731425,1.2404698680228587,GNB3
1873,GO_Biological_Process_2021,regulation of cell adhesion mediated by integrin (GO:0033628),1/34,0.4666011412734849,0.5745831463664994,0,0,1.6273142382731425,1.2404698680228587,TGFB2
1876,GO_Biological_Process_2021,negative regulation of blood vessel endothelial cell migration (GO:0043537),1/34,0.4666011412734849,0.5745831463664994,0,0,1.6273142382731425,1.2404698680228587,APOE
1872,GO_Biological_Process_2021,B cell receptor signaling pathway (GO:0050853),1/34,0.4666011412734849,0.5745831463664994,0,0,1.6273142382731425,1.2404698680228587,PRKCB
1871,GO_Biological_Process_2021,regulation of activated T cell proliferation (GO:0046006),1/34,0.4666011412734849,0.5745831463664994,0,0,1.6273142382731425,1.2404698680228587,IGF1
1884,GO_Biological_Process_2021,regulation of interferon-gamma production (GO:0032649),2/86,0.4686857380788717,0.5765381295561942,0,0,1.2787807430664573,0.9690892073810063,CD47;ISL1
1885,GO_Biological_Process_2021,response to interleukin-1 (GO:0070555),2/86,0.4686857380788717,0.5765381295561942,0,0,1.2787807430664573,0.9690892073810063,APP;CD47
1886,GO_Biological_Process_2021,regulation of cellular component organization (GO:0051128),3/139,0.4690914080398228,0.5767313548767297,0,0,1.1848565872630044,0.896886233775337,RIT2;APOE;CAMSAP2
1901,GO_Biological_Process_2021,positive regulation of reproductive process (GO:2000243),1/35,0.4763789415416085,0.5810721053504373,0,0,1.5793714746172445,1.1711697226032691,VEGFA
1900,GO_Biological_Process_2021,positive regulation of lymphocyte activation (GO:0051251),1/35,0.4763789415416085,0.5810721053504373,0,0,1.5793714746172445,1.1711697226032691,CD47
1899,GO_Biological_Process_2021,negative regulation of organelle assembly (GO:1902116),1/35,0.4763789415416085,0.5810721053504373,0,0,1.5793714746172445,1.1711697226032691,MDM1
1898,GO_Biological_Process_2021,regulation of TORC1 signaling (GO:1903432),1/35,0.4763789415416085,0.5810721053504373,0,0,1.5793714746172445,1.1711697226032691,RNF152
1897,GO_Biological_Process_2021,regulation of T cell receptor signaling pathway (GO:0050856),1/35,0.4763789415416085,0.5810721053504373,0,0,1.5793714746172445,1.1711697226032691,DUSP3
1896,GO_Biological_Process_2021,regulation of lipid biosynthetic process (GO:0046890),1/35,0.4763789415416085,0.5810721053504373,0,0,1.5793714746172445,1.1711697226032691,APOE
1895,GO_Biological_Process_2021,regulation of JUN kinase activity (GO:0043506),1/35,0.4763789415416085,0.5810721053504373,0,0,1.5793714746172445,1.1711697226032691,PPEF2
1894,GO_Biological_Process_2021,cellular response to hydrogen peroxide (GO:0070301),1/35,0.4763789415416085,0.5810721053504373,0,0,1.5793714746172445,1.1711697226032691,IMPACT
1893,GO_Biological_Process_2021,"base-excision repair, gap-filling (GO:0006287)",1/35,0.4763789415416085,0.5810721053504373,0,0,1.5793714746172445,1.1711697226032691,RPA1
1892,GO_Biological_Process_2021,regulation of blood circulation (GO:1903522),1/35,0.4763789415416085,0.5810721053504373,0,0,1.5793714746172445,1.1711697226032691,TPM1
1891,GO_Biological_Process_2021,regulation of autophagosome assembly (GO:2000785),1/35,0.4763789415416085,0.5810721053504373,0,0,1.5793714746172445,1.1711697226032691,IFT20
1890,GO_Biological_Process_2021,acylglycerol catabolic process (GO:0046464),1/35,0.4763789415416085,0.5810721053504373,0,0,1.5793714746172445,1.1711697226032691,FABP12
1889,GO_Biological_Process_2021,regulation of transcription from RNA polymerase II promoter in response to stress (GO:0043618),2/87,0.4746930621052342,0.5810721053504373,0,0,1.263671622495152,0.9415451324679088,IMPACT;VEGFA
1888,GO_Biological_Process_2021,transcription initiation from RNA polymerase II promoter (GO:0006367),3/140,0.4737900851831992,0.5810721053504373,0,0,1.1761476744887496,0.8785716259431301,ESRRB;NR3C1;NR2E3
1887,GO_Biological_Process_2021,enzyme linked receptor protein signaling pathway (GO:0007167),3/140,0.4737900851831992,0.5810721053504373,0,0,1.1761476744887496,0.8785716259431301,EPHA5;PTPRD;GUCA1B
1920,GO_Biological_Process_2021,positive regulation of inflammatory response (GO:0050729),2/89,0.4865834990484573,0.5876489941657579,0,0,1.2344953896678037,0.8892647540806795,APP;CD47
1919,GO_Biological_Process_2021,transforming growth factor beta receptor signaling pathway (GO:0007179),2/89,0.4865834990484573,0.5876489941657579,0,0,1.2344953896678037,0.8892647540806795,TGFB2;APPL2
1918,GO_Biological_Process_2021,collagen fibril organization (GO:0030199),2/89,0.4865834990484573,0.5876489941657579,0,0,1.2344953896678037,0.8892647540806795,TGFB2;COL23A1
1917,GO_Biological_Process_2021,positive regulation of mitotic nuclear division (GO:0045840),1/36,0.4859779839692573,0.5876489941657579,0,0,1.5341682974559687,1.107043503488126,IGF1
1916,GO_Biological_Process_2021,positive regulation of bone mineralization (GO:0030501),1/36,0.4859779839692573,0.5876489941657579,0,0,1.5341682974559687,1.107043503488126,ATP2B1
1915,GO_Biological_Process_2021,negative regulation of toll-like receptor signaling pathway (GO:0034122),1/36,0.4859779839692573,0.5876489941657579,0,0,1.5341682974559687,1.107043503488126,PTPRS
1914,GO_Biological_Process_2021,negative regulation of fat cell differentiation (GO:0045599),1/36,0.4859779839692573,0.5876489941657579,0,0,1.5341682974559687,1.107043503488126,RUNX1T1
1913,GO_Biological_Process_2021,"Wnt signaling pathway, calcium modulating pathway (GO:0007223)",1/36,0.4859779839692573,0.5876489941657579,0,0,1.5341682974559687,1.107043503488126,GNAT2
1911,GO_Biological_Process_2021,telomere maintenance via telomere lengthening (GO:0010833),1/36,0.4859779839692573,0.5876489941657579,0,0,1.5341682974559687,1.107043503488126,RPA1
1912,GO_Biological_Process_2021,transition metal ion transport (GO:0000041),1/36,0.4859779839692573,0.5876489941657579,0,0,1.5341682974559687,1.107043503488126,TTYH1
1902,GO_Biological_Process_2021,activation of adenylate cyclase activity (GO:0007190),1/36,0.4859779839692573,0.5876489941657579,0,0,1.5341682974559687,1.107043503488126,ADCY1
1903,GO_Biological_Process_2021,cellular response to heat (GO:0034605),1/36,0.4859779839692573,0.5876489941657579,0,0,1.5341682974559687,1.107043503488126,MAPT
1904,GO_Biological_Process_2021,regulation of mRNA processing (GO:0050684),1/36,0.4859779839692573,0.5876489941657579,0,0,1.5341682974559687,1.107043503488126,KHDRBS3
1905,GO_Biological_Process_2021,regulation of ossification (GO:0030278),1/36,0.4859779839692573,0.5876489941657579,0,0,1.5341682974559687,1.107043503488126,TGFB2
1910,GO_Biological_Process_2021,establishment of protein localization to plasma membrane (GO:0061951),1/36,0.4859779839692573,0.5876489941657579,0,0,1.5341682974559687,1.107043503488126,ANK3
1907,GO_Biological_Process_2021,endoderm formation (GO:0001706),1/36,0.4859779839692573,0.5876489941657579,0,0,1.5341682974559687,1.107043503488126,VTN
1908,GO_Biological_Process_2021,regulation of protein import into nucleus (GO:0042306),1/36,0.4859779839692573,0.5876489941657579,0,0,1.5341682974559687,1.107043503488126,CABP1
1909,GO_Biological_Process_2021,regulation of receptor internalization (GO:0002090),1/36,0.4859779839692573,0.5876489941657579,0,0,1.5341682974559687,1.107043503488126,VEGFA
1906,GO_Biological_Process_2021,embryonic limb morphogenesis (GO:0030326),1/36,0.4859779839692573,0.5876489941657579,0,0,1.5341682974559687,1.107043503488126,TGFB2
1921,GO_Biological_Process_2021,receptor-mediated endocytosis (GO:0006898),3/143,0.4877703233159676,0.5887758325145915,0,0,1.150767414403778,0.8261481627511881,SCARB1;SPARC;APOE
1922,GO_Biological_Process_2021,cellular amino acid catabolic process (GO:0009063),2/90,0.4924656334597523,0.5935170231826625,0,0,1.2204045954045954,0.8644499200158087,QDPR;GLUL
1923,GO_Biological_Process_2021,"regulation of mRNA splicing, via spliceosome (GO:0048024)",2/90,0.4924656334597523,0.5935170231826625,0,0,1.2204045954045954,0.8644499200158087,KHDRBS3;PRDX6
1924,GO_Biological_Process_2021,protein complex oligomerization (GO:0051259),2/90,0.4924656334597523,0.5935170231826625,0,0,1.2204045954045954,0.8644499200158087,RS1;KCNC1
1931,GO_Biological_Process_2021,positive regulation of exocytosis (GO:0045921),1/37,0.4954015278364592,0.5941181306524682,0,0,1.491476407914764,1.0475931592998358,CADPS
1934,GO_Biological_Process_2021,endomembrane system organization (GO:0010256),4/199,0.4955252512122957,0.5941181306524682,0,0,1.1015157954384474,0.7734149579893104,REEP5;ANK3;REEP6;SYNE1
1933,GO_Biological_Process_2021,protein insertion into ER membrane (GO:0045048),1/37,0.4954015278364592,0.5941181306524682,0,0,1.491476407914764,1.0475931592998358,APP
1932,GO_Biological_Process_2021,positive regulation of signaling receptor activity (GO:2000273),1/37,0.4954015278364592,0.5941181306524682,0,0,1.491476407914764,1.0475931592998358,FBXW7
1929,GO_Biological_Process_2021,"nucleotide-excision repair, DNA incision, 5'-to lesion (GO:0006296)",1/37,0.4954015278364592,0.5941181306524682,0,0,1.491476407914764,1.0475931592998358,RPA1
1927,GO_Biological_Process_2021,ncRNA metabolic process (GO:0034660),1/37,0.4954015278364592,0.5941181306524682,0,0,1.491476407914764,1.0475931592998358,MAPT
1928,GO_Biological_Process_2021,negative regulation of G1/S transition of mitotic cell cycle (GO:2000134),1/37,0.4954015278364592,0.5941181306524682,0,0,1.491476407914764,1.0475931592998358,PLK5
1926,GO_Biological_Process_2021,glutamine family amino acid metabolic process (GO:0009064),1/37,0.4954015278364592,0.5941181306524682,0,0,1.491476407914764,1.0475931592998358,GLUL
1925,GO_Biological_Process_2021,centromere complex assembly (GO:0034508),1/37,0.4954015278364592,0.5941181306524682,0,0,1.491476407914764,1.0475931592998358,NASP
1930,GO_Biological_Process_2021,positive regulation of cytokinesis (GO:0032467),1/37,0.4954015278364592,0.5941181306524682,0,0,1.491476407914764,1.0475931592998358,PRKCE
1935,GO_Biological_Process_2021,regulation of stem cell differentiation (GO:2000736),2/91,0.4983051121650017,0.5971424897845061,0,0,1.206630448203482,0.8404696478335422,JAG1;ESRRB
1941,GO_Biological_Process_2021,positive regulation of potassium ion transport (GO:0043268),1/38,0.5046527732022852,0.6028807589234303,0,0,1.4510921880784895,0.9923796934975015,KCNMA1
1936,GO_Biological_Process_2021,regulation of lipid metabolic process (GO:0019216),2/92,0.5041015233692935,0.6028807589234303,0,0,1.1931623931623931,0.8172895076339051,GNB3;ELOVL6
1937,GO_Biological_Process_2021,regulation of apoptotic signaling pathway (GO:2001233),1/38,0.5046527732022852,0.6028807589234303,0,0,1.4510921880784895,0.9923796934975015,CYLD
1938,GO_Biological_Process_2021,DNA replication initiation (GO:0006270),1/38,0.5046527732022852,0.6028807589234303,0,0,1.4510921880784895,0.9923796934975015,RPA1
1939,GO_Biological_Process_2021,histone exchange (GO:0043486),1/38,0.5046527732022852,0.6028807589234303,0,0,1.4510921880784895,0.9923796934975015,NASP
1940,GO_Biological_Process_2021,negative regulation of TOR signaling (GO:0032007),1/38,0.5046527732022852,0.6028807589234303,0,0,1.4510921880784895,0.9923796934975015,RNF152
1950,GO_Biological_Process_2021,"nucleotide-excision repair, DNA incision (GO:0033683)",1/39,0.513734861759626,0.6099615554157279,0,0,1.4128334534967557,0.9410148674489462,RPA1
1949,GO_Biological_Process_2021,negative regulation of cellular metabolic process (GO:0031324),1/39,0.513734861759626,0.6099615554157279,0,0,1.4128334534967557,0.9410148674489462,APOE
1952,GO_Biological_Process_2021,organophosphate biosynthetic process (GO:0090407),1/39,0.513734861759626,0.6099615554157279,0,0,1.4128334534967557,0.9410148674489462,TKT
1951,GO_Biological_Process_2021,odontogenesis (GO:0042476),1/39,0.513734861759626,0.6099615554157279,0,0,1.4128334534967557,0.9410148674489462,TGFB2
1948,GO_Biological_Process_2021,regulation of protein tyrosine kinase activity (GO:0061097),1/39,0.513734861759626,0.6099615554157279,0,0,1.4128334534967557,0.9410148674489462,APP
1953,GO_Biological_Process_2021,protein acylation (GO:0043543),1/39,0.513734861759626,0.6099615554157279,0,0,1.4128334534967557,0.9410148674489462,GLUL
1946,GO_Biological_Process_2021,DNA replication-independent nucleosome assembly (GO:0006336),1/39,0.513734861759626,0.6099615554157279,0,0,1.4128334534967557,0.9410148674489462,NASP
1945,GO_Biological_Process_2021,DNA recombination (GO:0006310),1/39,0.513734861759626,0.6099615554157279,0,0,1.4128334534967557,0.9410148674489462,RPA1
1944,GO_Biological_Process_2021,regulation of ion transmembrane transporter activity (GO:0032412),1/39,0.513734861759626,0.6099615554157279,0,0,1.4128334534967557,0.9410148674489462,YWHAH
1943,GO_Biological_Process_2021,regulation of dendrite development (GO:0050773),1/39,0.513734861759626,0.6099615554157279,0,0,1.4128334534967557,0.9410148674489462,CAMSAP2
1942,GO_Biological_Process_2021,regulation of cellular component biogenesis (GO:0044087),1/39,0.513734861759626,0.6099615554157279,0,0,1.4128334534967557,0.9410148674489462,APOE
1947,GO_Biological_Process_2021,regulation of protein targeting to mitochondrion (GO:1903214),1/39,0.513734861759626,0.6099615554157279,0,0,1.4128334534967557,0.9410148674489462,FBXW7
1954,GO_Biological_Process_2021,hemopoiesis (GO:0030097),2/94,0.5155636413230746,0.611819768731219,0,0,1.1671046344959388,0.7732004335137921,TGFB2;JAG1
1955,GO_Biological_Process_2021,regulation of cytokine production (GO:0001817),3/150,0.5196672049328436,0.6163741898998963,0,0,1.0955754202507448,0.7171271466811818,CD47;ATP2B1;PLA2R1
1964,GO_Biological_Process_2021,organic hydroxy compound transport (GO:0015850),1/40,0.5226508782425858,0.6170738104441725,0,0,1.3765367053038289,0.8931542434193415,SLC16A1
1963,GO_Biological_Process_2021,negative regulation of cell-substrate adhesion (GO:0010812),1/40,0.5226508782425858,0.6170738104441725,0,0,1.3765367053038289,0.8931542434193415,JAG1
1962,GO_Biological_Process_2021,synaptic vesicle exocytosis (GO:0016079),1/40,0.5226508782425858,0.6170738104441725,0,0,1.3765367053038289,0.8931542434193415,CPLX3
1961,GO_Biological_Process_2021,intraciliary transport involved in cilium assembly (GO:0035735),1/40,0.5226508782425858,0.6170738104441725,0,0,1.3765367053038289,0.8931542434193415,IFT20
1959,GO_Biological_Process_2021,digestive tract development (GO:0048565),1/40,0.5226508782425858,0.6170738104441725,0,0,1.3765367053038289,0.8931542434193415,TGFB2
1958,GO_Biological_Process_2021,detection of chemical stimulus involved in sensory perception of bitter taste (GO:0001580),1/40,0.5226508782425858,0.6170738104441725,0,0,1.3765367053038289,0.8931542434193415,GNAT2
1957,GO_Biological_Process_2021,regulation of cell cycle phase transition (GO:1901987),2/95,0.5212286670492261,0.6170738104441725,0,0,1.1544960415928158,0.75223086799983,FBXW7;SIX3
1956,GO_Biological_Process_2021,positive regulation of protein phosphorylation (GO:0001934),7/371,0.5206780617383348,0.6170738104441725,0,0,1.0322476965931005,0.6736689517923522,APP;VTN;TGFB2;LIMCH1;SPRY2;IGF1;VEGFA
1960,GO_Biological_Process_2021,response to organonitrogen compound (GO:0010243),1/40,0.5226508782425858,0.6170738104441725,0,0,1.3765367053038289,0.8931542434193415,DRD4
1974,GO_Biological_Process_2021,import into cell (GO:0098657),1/41,0.5314038511899638,0.6226550175559172,0,0,1.342054794520548,0.848491326797369,GLUL
1979,GO_Biological_Process_2021,positive regulation of biomineral tissue development (GO:0070169),1/41,0.5314038511899638,0.6226550175559172,0,0,1.342054794520548,0.848491326797369,ATP2B1
1978,GO_Biological_Process_2021,T cell differentiation (GO:0030217),1/41,0.5314038511899638,0.6226550175559172,0,0,1.342054794520548,0.848491326797369,SOX4
1977,GO_Biological_Process_2021,keratinocyte differentiation (GO:0030216),1/41,0.5314038511899638,0.6226550175559172,0,0,1.342054794520548,0.848491326797369,JAG1
1976,GO_Biological_Process_2021,JNK cascade (GO:0007254),1/41,0.5314038511899638,0.6226550175559172,0,0,1.342054794520548,0.848491326797369,TRIB1
1975,GO_Biological_Process_2021,sensory perception of bitter taste (GO:0050913),1/41,0.5314038511899638,0.6226550175559172,0,0,1.342054794520548,0.848491326797369,GNAT2
1973,GO_Biological_Process_2021,hexose metabolic process (GO:0019318),1/41,0.5314038511899638,0.6226550175559172,0,0,1.342054794520548,0.848491326797369,TFAP2B
1967,GO_Biological_Process_2021,carbohydrate catabolic process (GO:0016052),1/41,0.5314038511899638,0.6226550175559172,0,0,1.342054794520548,0.848491326797369,PFKFB2
1971,GO_Biological_Process_2021,regulation of mitochondrial membrane potential (GO:0051881),1/41,0.5314038511899638,0.6226550175559172,0,0,1.342054794520548,0.848491326797369,MAPT
1970,GO_Biological_Process_2021,cortical cytoskeleton organization (GO:0030865),1/41,0.5314038511899638,0.6226550175559172,0,0,1.342054794520548,0.848491326797369,LLGL2
1969,GO_Biological_Process_2021,regulation of filopodium assembly (GO:0051489),1/41,0.5314038511899638,0.6226550175559172,0,0,1.342054794520548,0.848491326797369,GPM6A
1968,GO_Biological_Process_2021,carboxylic acid transmembrane transport (GO:1905039),1/41,0.5314038511899638,0.6226550175559172,0,0,1.342054794520548,0.848491326797369,SLC16A1
1966,GO_Biological_Process_2021,acylglycerol metabolic process (GO:0006639),1/41,0.5314038511899638,0.6226550175559172,0,0,1.342054794520548,0.848491326797369,APOE
1965,GO_Biological_Process_2021,regulation of nucleic acid-templated transcription (GO:1903506),8/430,0.5310698058928044,0.6226550175559172,0,0,1.0173422648203554,0.6438370622090128,CASZ1;ZFHX3;HMGN5;MAGED1;ESRRB;WWC2;NR3C1;SOX4
1972,GO_Biological_Process_2021,response to growth factor (GO:0070848),1/41,0.5314038511899638,0.6226550175559172,0,0,1.342054794520548,0.848491326797369,PLK5
1980,GO_Biological_Process_2021,double-strand break repair via homologous recombination (GO:0000724),2/97,0.5324251494599249,0.6235367727142987,0,0,1.130075187969925,0.7123010318622303,REV3L;RPA1
1981,GO_Biological_Process_2021,positive regulation of Wnt signaling pathway (GO:0030177),3/153,0.5330054220789868,0.6239014022317101,0,0,1.0734986225895318,0.6754707560479044,ZEB2;PPM1N;SOX4
1982,GO_Biological_Process_2021,positive regulation of defense response (GO:0031349),2/98,0.5379560817165402,0.6293787743733602,0,0,1.118246336996337,0.6932885241039349,APP;CD47
1986,GO_Biological_Process_2021,regulation of extrinsic apoptotic signaling pathway via death domain receptors (GO:1902041),1/42,0.5399967541666744,0.6301772986250929,0,0,1.30925492816572,0.8067526094044297,FAIM2
1983,GO_Biological_Process_2021,ATP-dependent chromatin remodeling (GO:0043044),1/42,0.5399967541666744,0.6301772986250929,0,0,1.30925492816572,0.8067526094044297,NASP
1984,GO_Biological_Process_2021,calcium ion transmembrane import into cytosol (GO:0097553),1/42,0.5399967541666744,0.6301772986250929,0,0,1.30925492816572,0.8067526094044297,SLC24A1
1985,GO_Biological_Process_2021,regulation of chemokine production (GO:0032642),1/42,0.5399967541666744,0.6301772986250929,0,0,1.30925492816572,0.8067526094044297,APP
1987,GO_Biological_Process_2021,positive regulation of protein tyrosine kinase activity (GO:0061098),1/42,0.5399967541666744,0.6301772986250929,0,0,1.30925492816572,0.8067526094044297,FBXW7
1988,GO_Biological_Process_2021,positive regulation of NF-kappaB transcription factor activity (GO:0051092),3/155,0.5417811036309824,0.631941759891342,0,0,1.059264897781644,0.64921628140535,APP;PRKCB;CLU
1989,GO_Biological_Process_2021,regulation of signal transduction by p53 class mediator (GO:1901796),3/156,0.5461332346894003,0.6358637755765416,0,0,1.0522875816993464,0.6365206696851579,CCNG1;RPA1;CDK5R1
2000,GO_Biological_Process_2021,positive regulation of T cell differentiation (GO:0045582),1/43,0.5484325064347672,0.6358637755765416,0,0,1.278016960208741,0.767693359976776,SOX4
1998,GO_Biological_Process_2021,heart looping (GO:0001947),1/43,0.5484325064347672,0.6358637755765416,0,0,1.278016960208741,0.767693359976776,NDRG4
1997,GO_Biological_Process_2021,glutathione metabolic process (GO:0006749),1/43,0.5484325064347672,0.6358637755765416,0,0,1.278016960208741,0.767693359976776,GSTM5
1996,GO_Biological_Process_2021,DNA synthesis involved in DNA repair (GO:0000731),1/43,0.5484325064347672,0.6358637755765416,0,0,1.278016960208741,0.767693359976776,RPA1
1995,GO_Biological_Process_2021,development of primary male sexual characteristics (GO:0046546),1/43,0.5484325064347672,0.6358637755765416,0,0,1.278016960208741,0.767693359976776,TGFB2
1999,GO_Biological_Process_2021,male gonad development (GO:0008584),1/43,0.5484325064347672,0.6358637755765416,0,0,1.278016960208741,0.767693359976776,TGFB2
1993,GO_Biological_Process_2021,cellular glucose homeostasis (GO:0001678),1/43,0.5484325064347672,0.6358637755765416,0,0,1.278016960208741,0.767693359976776,SOX4
1992,GO_Biological_Process_2021,regulation of cytokine production involved in inflammatory response (GO:1900015),1/43,0.5484325064347672,0.6358637755765416,0,0,1.278016960208741,0.767693359976776,APPL2
1991,GO_Biological_Process_2021,regulation of cell-substrate adhesion (GO:0010810),1/43,0.5484325064347672,0.6358637755765416,0,0,1.278016960208741,0.767693359976776,NDNF
1990,GO_Biological_Process_2021,peptidyl-serine phosphorylation (GO:0018105),3/156,0.5461332346894003,0.6358637755765416,0,0,1.0522875816993464,0.6365206696851579,PRKCB;PRKCE;CDK5R1
1994,GO_Biological_Process_2021,cellular response to glucose starvation (GO:0042149),1/43,0.5484325064347672,0.6358637755765416,0,0,1.278016960208741,0.767693359976776,IMPACT
2001,GO_Biological_Process_2021,mitotic spindle organization (GO:0007052),3/157,0.5504612409302532,0.637897142336757,0,0,1.045400880111624,0.6241030002008036,STMN1;ZWINT;SPC25
2002,GO_Biological_Process_2021,negative regulation of multicellular organismal process (GO:0051241),4/214,0.5526482092096929,0.6397923380072293,0,0,1.0220468297816363,0.6061081410866884,RGS2;WWC2;SPRY2;ATP2B1
2003,GO_Biological_Process_2021,positive regulation of protein modification process (GO:0031401),4/214,0.5526482092096929,0.6397923380072293,0,0,1.0220468297816363,0.6061081410866884,APP;FAM161A;LIMCH1;VEGFA
2004,GO_Biological_Process_2021,positive regulation of cell cycle process (GO:0090068),2/101,0.5542770009359242,0.6412827894090813,0,0,1.084193584193584,0.6397725678423458,PRKCE;IGF1
2005,GO_Biological_Process_2021,cellular response to starvation (GO:0009267),3/158,0.5547648958379424,0.6412827894090813,0,0,1.0386030391895495,0.6119561962415051,IMPACT;DAPL1;RNF152
2006,GO_Biological_Process_2021,skeletal system development (GO:0001501),3/158,0.5547648958379424,0.6412827894090813,0,0,1.0386030391895495,0.6119561962415051,TGFB2;IGF1;SOX4
2012,GO_Biological_Process_2021,positive regulation of osteoblast differentiation (GO:0045669),1/44,0.556713974400079,0.6412991164886709,0,0,1.2482319209939472,0.7310940319889428,IGF1
2013,GO_Biological_Process_2021,protein K63-linked ubiquitination (GO:0070534),1/44,0.556713974400079,0.6412991164886709,0,0,1.2482319209939472,0.7310940319889428,RNF152
2011,GO_Biological_Process_2021,positive regulation of cell-matrix adhesion (GO:0001954),1/44,0.556713974400079,0.6412991164886709,0,0,1.2482319209939472,0.7310940319889428,VEGFA
2008,GO_Biological_Process_2021,intracellular steroid hormone receptor signaling pathway (GO:0030518),1/44,0.556713974400079,0.6412991164886709,0,0,1.2482319209939472,0.7310940319889428,NR3C1
2009,GO_Biological_Process_2021,positive regulation of biosynthetic process (GO:0009891),1/44,0.556713974400079,0.6412991164886709,0,0,1.2482319209939472,0.7310940319889428,APOE
2007,GO_Biological_Process_2021,detection of chemical stimulus involved in sensory perception of taste (GO:0050912),1/44,0.556713974400079,0.6412991164886709,0,0,1.2482319209939472,0.7310940319889428,GNAT2
2010,GO_Biological_Process_2021,positive regulation of cell division (GO:0051781),1/44,0.556713974400079,0.6412991164886709,0,0,1.2482319209939472,0.7310940319889428,PRKCE
2014,GO_Biological_Process_2021,protein O-linked glycosylation (GO:0006493),2/102,0.5596260804453784,0.6433758704822983,0,0,1.0732967032967031,0.623034173519986,GALNT7;TET1
2015,GO_Biological_Process_2021,calcium-mediated signaling (GO:0019722),2/102,0.5596260804453784,0.6433758704822983,0,0,1.0732967032967031,0.623034173519986,ATP1B1;NUDT4
2016,GO_Biological_Process_2021,regulation of proteasomal ubiquitin-dependent protein catabolic process (GO:0032434),2/102,0.5596260804453784,0.6433758704822983,0,0,1.0732967032967031,0.623034173519986,TRIB1;CLU
2017,GO_Biological_Process_2021,positive regulation of cellular protein metabolic process (GO:0032270),2/102,0.5596260804453784,0.6433758704822983,0,0,1.0732967032967031,0.623034173519986,ASPH;SOX4
2024,GO_Biological_Process_2021,positive regulation of chemotaxis (GO:0050921),1/45,0.564843972199821,0.6471298841993011,0,0,1.2198007471980077,0.6967571901295606,VEGFA
2023,GO_Biological_Process_2021,neural crest cell development (GO:0014032),1/45,0.564843972199821,0.6471298841993011,0,0,1.2198007471980077,0.6967571901295606,CDH2
2022,GO_Biological_Process_2021,negative regulation of T cell activation (GO:0050868),1/45,0.564843972199821,0.6471298841993011,0,0,1.2198007471980077,0.6967571901295606,DUSP3
2019,GO_Biological_Process_2021,regulation of insulin receptor signaling pathway (GO:0046626),1/45,0.564843972199821,0.6471298841993011,0,0,1.2198007471980077,0.6967571901295606,PRKCB
2020,GO_Biological_Process_2021,microtubule bundle formation (GO:0001578),1/45,0.564843972199821,0.6471298841993011,0,0,1.2198007471980077,0.6967571901295606,NAV1
2018,GO_Biological_Process_2021,cellular response to radiation (GO:0071478),1/45,0.564843972199821,0.6471298841993011,0,0,1.2198007471980077,0.6967571901295606,TRPM1
2021,GO_Biological_Process_2021,zymogen activation (GO:0031638),1/45,0.564843972199821,0.6471298841993011,0,0,1.2198007471980077,0.6967571901295606,ASPH
2031,GO_Biological_Process_2021,positive regulation of smooth muscle cell proliferation (GO:0048661),1/46,0.5728252628413781,0.6533700146469996,0,0,1.1926331811263318,0.664504868156986,IGF1
2032,GO_Biological_Process_2021,postreplication repair (GO:0006301),1/46,0.5728252628413781,0.6533700146469996,0,0,1.1926331811263318,0.664504868156986,RPA1
2033,GO_Biological_Process_2021,posttranscriptional regulation of gene expression (GO:0010608),1/46,0.5728252628413781,0.6533700146469996,0,0,1.1926331811263318,0.664504868156986,APP
2030,GO_Biological_Process_2021,positive regulation of response to stimulus (GO:0048584),1/46,0.5728252628413781,0.6533700146469996,0,0,1.1926331811263318,0.664504868156986,TGFB2
2026,GO_Biological_Process_2021,regulation of cellular protein localization (GO:1903827),1/46,0.5728252628413781,0.6533700146469996,0,0,1.1926331811263318,0.664504868156986,MAPT
2028,GO_Biological_Process_2021,erythrocyte differentiation (GO:0030218),1/46,0.5728252628413781,0.6533700146469996,0,0,1.1926331811263318,0.664504868156986,VEGFA
2025,GO_Biological_Process_2021,alpha-amino acid metabolic process (GO:1901605),1/46,0.5728252628413781,0.6533700146469996,0,0,1.1926331811263318,0.664504868156986,GLUL
2029,GO_Biological_Process_2021,negative regulation of tumor necrosis factor production (GO:0032720),1/46,0.5728252628413781,0.6533700146469996,0,0,1.1926331811263318,0.664504868156986,IGF1
2027,GO_Biological_Process_2021,regulation of fibroblast proliferation (GO:0048145),1/46,0.5728252628413781,0.6533700146469996,0,0,1.1926331811263318,0.664504868156986,IGF1
2034,GO_Biological_Process_2021,positive regulation of cellular metabolic process (GO:0031325),2/105,0.5753977101988955,0.6559816646984952,0,0,1.0418756001280274,0.5758381922375939,APOE;VEGFA
2035,GO_Biological_Process_2021,regulation of cell cycle process (GO:0010564),2/106,0.5805627247617594,0.6593893767903147,0,0,1.031804733727811,0.5610514909852644,PLK5;SIX3
2036,GO_Biological_Process_2021,cellular response to peptide hormone stimulus (GO:0071375),2/106,0.5805627247617594,0.6593893767903147,0,0,1.031804733727811,0.5610514909852644,MYO5A;ADCY1
2037,GO_Biological_Process_2021,positive regulation of protein serine/threonine kinase activity (GO:0071902),2/106,0.5805627247617594,0.6593893767903147,0,0,1.031804733727811,0.5610514909852644,PROX1;VEGFA
2038,GO_Biological_Process_2021,determination of heart left/right asymmetry (GO:0061371),1/47,0.5806605589580228,0.6593893767903147,0,0,1.1666468135795116,0.6341762916059037,NDRG4
2039,GO_Biological_Process_2021,embryonic heart tube morphogenesis (GO:0003143),1/47,0.5806605589580228,0.6593893767903147,0,0,1.1666468135795116,0.6341762916059037,NDRG4
2040,GO_Biological_Process_2021,telomere organization (GO:0032200),1/47,0.5806605589580228,0.6593893767903147,0,0,1.1666468135795116,0.6341762916059037,RPA1
2041,GO_Biological_Process_2021,polyol metabolic process (GO:0019751),1/47,0.5806605589580228,0.6593893767903147,0,0,1.1666468135795116,0.6341762916059037,NUDT4
2042,GO_Biological_Process_2021,positive regulation of pathway-restricted SMAD protein phosphorylation (GO:0010862),1/47,0.5806605589580228,0.6593893767903147,0,0,1.1666468135795116,0.6341762916059037,TGFB2
2043,GO_Biological_Process_2021,adenylate cyclase-modulating G protein-coupled receptor signaling pathway (GO:0007188),3/165,0.5841916615853947,0.6627504424831862,0,0,0.993368023671054,0.533961301564581,GNAT2;ADCY1;GNAI2
2044,GO_Biological_Process_2021,negative regulation of canonical Wnt signaling pathway (GO:0090090),3/165,0.5841916615853947,0.6627504424831862,0,0,0.993368023671054,0.533961301564581,CYLD;APOE;DKK3
2053,GO_Biological_Process_2021,positive regulation of blood vessel endothelial cell migration (GO:0043536),1/48,0.5883525239263072,0.6645461808709994,0,0,1.1417662489070242,0.6056259070838527,VEGFA
2052,GO_Biological_Process_2021,nucleus organization (GO:0006997),1/48,0.5883525239263072,0.6645461808709994,0,0,1.1417662489070242,0.6056259070838527,SYNE1
2051,GO_Biological_Process_2021,negative regulation of tumor necrosis factor superfamily cytokine production (GO:1903556),1/48,0.5883525239263072,0.6645461808709994,0,0,1.1417662489070242,0.6056259070838527,IGF1
2050,GO_Biological_Process_2021,inositol phosphate metabolic process (GO:0043647),1/48,0.5883525239263072,0.6645461808709994,0,0,1.1417662489070242,0.6056259070838527,NUDT4
2049,GO_Biological_Process_2021,Golgi to plasma membrane transport (GO:0006893),1/48,0.5883525239263072,0.6645461808709994,0,0,1.1417662489070242,0.6056259070838527,ANK3
2048,GO_Biological_Process_2021,cognition (GO:0050890),1/48,0.5883525239263072,0.6645461808709994,0,0,1.1417662489070242,0.6056259070838527,APP
2047,GO_Biological_Process_2021,regulation of interleukin-10 production (GO:0032653),1/48,0.5883525239263072,0.6645461808709994,0,0,1.1417662489070242,0.6056259070838527,CD47
2046,GO_Biological_Process_2021,cellular response to interleukin-12 (GO:0071349),1/48,0.5883525239263072,0.6645461808709994,0,0,1.1417662489070242,0.6056259070838527,CD47
2045,GO_Biological_Process_2021,base-excision repair (GO:0006284),1/48,0.5883525239263072,0.6645461808709994,0,0,1.1417662489070242,0.6056259070838527,RPA1
2054,GO_Biological_Process_2021,aminoglycan biosynthetic process (GO:0006023),1/49,0.5959037727150657,0.6704639925795113,0,0,1.1179223744292237,0.5787216726820651,B3GALT2
2055,GO_Biological_Process_2021,regulation of interferon-beta production (GO:0032648),1/49,0.5959037727150657,0.6704639925795113,0,0,1.1179223744292237,0.5787216726820651,PTPRS
2056,GO_Biological_Process_2021,regulation of stress-activated MAPK cascade (GO:0032872),1/49,0.5959037727150657,0.6704639925795113,0,0,1.1179223744292237,0.5787216726820651,TGFB2
2057,GO_Biological_Process_2021,response to glucose (GO:0009749),1/49,0.5959037727150657,0.6704639925795113,0,0,1.1179223744292237,0.5787216726820651,SOX4
2058,GO_Biological_Process_2021,response to hydrogen peroxide (GO:0042542),1/49,0.5959037727150657,0.6704639925795113,0,0,1.1179223744292237,0.5787216726820651,IMPACT
2059,GO_Biological_Process_2021,oligosaccharide metabolic process (GO:0009311),1/49,0.5959037727150657,0.6704639925795113,0,0,1.1179223744292237,0.5787216726820651,B3GALT2
2060,GO_Biological_Process_2021,positive regulation of actin filament polymerization (GO:0030838),1/49,0.5959037727150657,0.6704639925795113,0,0,1.1179223744292237,0.5787216726820651,PRKCE
2061,GO_Biological_Process_2021,positive regulation of reactive oxygen species metabolic process (GO:2000379),1/49,0.5959037727150657,0.6704639925795113,0,0,1.1179223744292237,0.5787216726820651,MAPT
2062,GO_Biological_Process_2021,"DNA-templated transcription, initiation (GO:0006352)",3/168,0.5964191669862464,0.670718597871106,0,0,0.9751565239168544,0.5039721632034192,ESRRB;NR3C1;NR2E3
2063,GO_Biological_Process_2021,regulation of cellular component movement (GO:0051270),1/50,0.6033168725859298,0.6774903893510925,0,0,1.0950517193178642,0.5533435702419305,VEGFA
2064,GO_Biological_Process_2021,iron ion transport (GO:0006826),1/50,0.6033168725859298,0.6774903893510925,0,0,1.0950517193178642,0.5533435702419305,TTYH1
2065,GO_Biological_Process_2021,positive regulation of cell morphogenesis involved in differentiation (GO:0010770),1/50,0.6033168725859298,0.6774903893510925,0,0,1.0950517193178642,0.5533435702419305,PTPRD
2066,GO_Biological_Process_2021,regulation of Wnt signaling pathway (GO:0030111),2/111,0.6056939891581752,0.6798306990067569,0,0,0.98422219981853,0.4934697092481489,APP;CDK14
2067,GO_Biological_Process_2021,phosphatidylinositol metabolic process (GO:0046488),2/112,0.6105814114906973,0.6836770649085843,0,0,0.9752247752247752,0.4811209425407592,CDS1;PITPNM3
2068,GO_Biological_Process_2021,DNA duplex unwinding (GO:0032508),1/51,0.610594344176977,0.6836770649085843,0,0,1.0730958904109589,0.5293823060341333,RPA1
2069,GO_Biological_Process_2021,regulation of protein modification process (GO:0031399),1/51,0.610594344176977,0.6836770649085843,0,0,1.0730958904109589,0.5293823060341333,CCDC88A
2070,GO_Biological_Process_2021,inositol lipid-mediated signaling (GO:0048017),1/51,0.610594344176977,0.6836770649085843,0,0,1.0730958904109589,0.5293823060341333,IGF1
2071,GO_Biological_Process_2021,positive regulation of fat cell differentiation (GO:0045600),1/51,0.610594344176977,0.6836770649085843,0,0,1.0730958904109589,0.5293823060341333,CDS1
2072,GO_Biological_Process_2021,sulfur compound biosynthetic process (GO:0044272),2/113,0.6154226066627313,0.6887508188410693,0,0,0.9663894663894664,0.4691299800098714,SLC26A2;GSTM5
2073,GO_Biological_Process_2021,amide biosynthetic process (GO:0043604),1/52,0.6177386621389763,0.6893476172017436,0,0,1.0520010744023638,0.5067381742519849,DMD
2074,GO_Biological_Process_2021,regulation of intrinsic apoptotic signaling pathway (GO:2001242),1/52,0.6177386621389763,0.6893476172017436,0,0,1.0520010744023638,0.5067381742519849,CYLD
2075,GO_Biological_Process_2021,regulation of release of sequestered calcium ion into cytosol (GO:0051279),1/52,0.6177386621389763,0.6893476172017436,0,0,1.0520010744023638,0.5067381742519849,DMD
2076,GO_Biological_Process_2021,positive regulation of protein localization to cell periphery (GO:1904377),1/52,0.6177386621389763,0.6893476172017436,0,0,1.0520010744023638,0.5067381742519849,PRKCE
2077,GO_Biological_Process_2021,positive regulation of protein localization to plasma membrane (GO:1903078),1/52,0.6177386621389763,0.6893476172017436,0,0,1.0520010744023638,0.5067381742519849,PRKCE
2078,GO_Biological_Process_2021,protein homotetramerization (GO:0051289),1/52,0.6177386621389763,0.6893476172017436,0,0,1.0520010744023638,0.5067381742519849,APPL2
2084,GO_Biological_Process_2021,cellular amide metabolic process (GO:0043603),2/115,0.6249665310133963,0.6954064038134673,0,0,0.9491879801614316,0.4461726262489847,ACOT7;DBI
2082,GO_Biological_Process_2021,positive regulation of chemokine production (GO:0032722),1/53,0.6247522563751294,0.6954064038134673,0,0,1.0317175974710222,0.4853200585756499,APP
2083,GO_Biological_Process_2021,positive regulation of NIK/NF-kappaB signaling (GO:1901224),1/53,0.6247522563751294,0.6954064038134673,0,0,1.0317175974710222,0.4853200585756499,APP
2080,GO_Biological_Process_2021,epidermal cell differentiation (GO:0009913),1/53,0.6247522563751294,0.6954064038134673,0,0,1.0317175974710222,0.4853200585756499,JAG1
2079,GO_Biological_Process_2021,regulation of DNA replication (GO:0006275),1/53,0.6247522563751294,0.6954064038134673,0,0,1.0317175974710222,0.4853200585756499,CCDC88A
2081,GO_Biological_Process_2021,negative regulation of cysteine-type endopeptidase activity (GO:2000117),1/53,0.6247522563751294,0.6954064038134673,0,0,1.0317175974710222,0.4853200585756499,VEGFA
2085,GO_Biological_Process_2021,sphingolipid metabolic process (GO:0006665),2/116,0.6296694014010883,0.7003034569753235,0,0,0.9408135723925196,0.4351830619275431,CERKL;ELOVL6
2086,GO_Biological_Process_2021,"regulation of alternative mRNA splicing, via spliceosome (GO:0000381)",1/54,0.6316375122275092,0.7011478604630724,0,0,1.0121995347635049,0.4650445554287615,KHDRBS3
2087,GO_Biological_Process_2021,regulation of proteolysis (GO:0030162),1/54,0.6316375122275092,0.7011478604630724,0,0,1.0121995347635049,0.4650445554287615,ASPH
2088,GO_Biological_Process_2021,negative regulation of viral genome replication (GO:0045071),1/54,0.6316375122275092,0.7011478604630724,0,0,1.0121995347635049,0.4650445554287615,PROX1
2089,GO_Biological_Process_2021,positive regulation of leukocyte chemotaxis (GO:0002690),1/54,0.6316375122275092,0.7011478604630724,0,0,1.0121995347635049,0.4650445554287615,VEGFA
2090,GO_Biological_Process_2021,regulation of cell cycle (GO:0051726),5/296,0.6331325493688945,0.7024713125470279,0,0,0.9206480661773804,0.4208056568251716,CYLD;TGFB2;TRNP1;ADARB1;PROX1
2094,GO_Biological_Process_2021,positive regulation of response to DNA damage stimulus (GO:2001022),1/55,0.6383967718488965,0.7069596709734797,0,0,0.9934043632673768,0.4458351987902225,PLA2R1
2093,GO_Biological_Process_2021,negative regulation of cytokine-mediated signaling pathway (GO:0001960),1/55,0.6383967718488965,0.7069596709734797,0,0,0.9934043632673768,0.4458351987902225,SLIT2
2091,GO_Biological_Process_2021,interstrand cross-link repair (GO:0036297),1/55,0.6383967718488965,0.7069596709734797,0,0,0.9934043632673768,0.4458351987902225,RPA1
2092,GO_Biological_Process_2021,negative regulation of cysteine-type endopeptidase activity involved in apoptotic process (GO:0043154),1/55,0.6383967718488965,0.7069596709734797,0,0,0.9934043632673768,0.4458351987902225,VEGFA
2095,GO_Biological_Process_2021,regulation of protein binding (GO:0043393),2/118,0.6389374067961212,0.7071889181740741,0,0,0.9244979158772262,0.4141277175403547,APP;VTN
2096,GO_Biological_Process_2021,regulation of immune response (GO:0050776),3/179,0.6392134316426868,0.7071889181740741,0,0,0.9136927122464312,0.4088929041358307,TGFB2;CD200;APPL2
2097,GO_Biological_Process_2021,"DNA damage response, signal transduction by p53 class mediator resulting in cell cycle arrest (GO:0006977)",1/56,0.6450323345900093,0.7129466489989621,0,0,0.9752926525529264,0.4276217764142119,SOX4
2098,GO_Biological_Process_2021,telomere maintenance (GO:0000723),1/56,0.6450323345900093,0.7129466489989621,0,0,0.9752926525529264,0.4276217764142119,RPA1
2102,GO_Biological_Process_2021,positive regulation of interferon-gamma production (GO:0032729),1/57,0.6515464581780688,0.7184352580670721,0,0,0.9578277886497064,0.4103397227584325,ISL1
2103,GO_Biological_Process_2021,protein K48-linked ubiquitination (GO:0070936),1/57,0.6515464581780688,0.7184352580670721,0,0,0.9578277886497064,0.4103397227584325,RNF152
2101,GO_Biological_Process_2021,regulation of reactive oxygen species metabolic process (GO:2000377),1/57,0.6515464581780688,0.7184352580670721,0,0,0.9578277886497064,0.4103397227584325,ARF4
2099,GO_Biological_Process_2021,regulation of bone mineralization (GO:0030500),1/57,0.6515464581780688,0.7184352580670721,0,0,0.9578277886497064,0.4103397227584325,ATP2B1
2100,GO_Biological_Process_2021,regulation of mitotic nuclear division (GO:0007088),1/57,0.6515464581780688,0.7184352580670721,0,0,0.9578277886497064,0.4103397227584325,IGF1
2104,GO_Biological_Process_2021,protein homooligomerization (GO:0051260),2/121,0.6524967760231101,0.7191413398449479,0,0,0.9010527287838213,0.3847036342689616,RS1;APPL2
2112,GO_Biological_Process_2021,positive regulation of mitochondrion organization (GO:0010822),1/58,0.6579413590389657,0.7223965702652155,0,0,0.9409757269887048,0.3939295811630324,MLLT11
2110,GO_Biological_Process_2021,membrane lipid biosynthetic process (GO:0046467),1/58,0.6579413590389657,0.7223965702652155,0,0,0.9409757269887048,0.3939295811630324,ELOVL6
2109,GO_Biological_Process_2021,RNA modification (GO:0009451),1/58,0.6579413590389657,0.7223965702652155,0,0,0.9409757269887048,0.3939295811630324,ADARB1
2111,GO_Biological_Process_2021,nucleosome assembly (GO:0006334),1/58,0.6579413590389657,0.7223965702652155,0,0,0.9409757269887048,0.3939295811630324,NASP
2107,GO_Biological_Process_2021,fat cell differentiation (GO:0045444),1/58,0.6579413590389657,0.7223965702652155,0,0,0.9409757269887048,0.3939295811630324,TFAP2B
2106,GO_Biological_Process_2021,regulation of pathway-restricted SMAD protein phosphorylation (GO:0060393),1/58,0.6579413590389657,0.7223965702652155,0,0,0.9409757269887048,0.3939295811630324,TGFB2
2105,GO_Biological_Process_2021,receptor metabolic process (GO:0043112),1/58,0.6579413590389657,0.7223965702652155,0,0,0.9409757269887048,0.3939295811630324,NSG1
2108,GO_Biological_Process_2021,regulation of tumor necrosis factor-mediated signaling pathway (GO:0010803),1/58,0.6579413590389657,0.7223965702652155,0,0,0.9409757269887048,0.3939295811630324,CYLD
2113,GO_Biological_Process_2021,protein polymerization (GO:0051258),1/59,0.6642192134306294,0.7279114667732924,0,0,0.92470477090222,0.3783365241037423,MAPT
2114,GO_Biological_Process_2021,selective autophagy (GO:0061912),1/59,0.6642192134306294,0.7279114667732924,0,0,0.92470477090222,0.3783365241037423,ARL13B
2115,GO_Biological_Process_2021,negative regulation of autophagy (GO:0010507),1/59,0.6642192134306294,0.7279114667732924,0,0,0.92470477090222,0.3783365241037423,DAPL1
2116,GO_Biological_Process_2021,positive regulation of apoptotic signaling pathway (GO:2001235),1/59,0.6642192134306294,0.7279114667732924,0,0,0.92470477090222,0.3783365241037423,CYLD
2117,GO_Biological_Process_2021,fatty acid metabolic process (GO:0006631),2/124,0.6656482827183738,0.7291331519861318,0,0,0.8787605836786164,0.357650154905721,CPT1A;ACOT7
2122,GO_Biological_Process_2021,Notch signaling pathway (GO:0007219),1/60,0.6703821578242491,0.7322441648551121,0,0,0.9089853726491758,0.3635099264676685,JAG1
2123,GO_Biological_Process_2021,peptidyl-threonine phosphorylation (GO:0018107),1/60,0.6703821578242491,0.7322441648551121,0,0,0.9089853726491758,0.3635099264676685,CDK5R1
2121,GO_Biological_Process_2021,ribonucleoprotein complex biogenesis (GO:0022613),1/60,0.6703821578242491,0.7322441648551121,0,0,0.9089853726491758,0.3635099264676685,GLUL
2118,GO_Biological_Process_2021,protein targeting (GO:0006605),2/125,0.6699422294701869,0.7322441648551121,0,0,0.8715715179129814,0.3491199948169748,RABGEF1;HAP1
2119,GO_Biological_Process_2021,apical junction assembly (GO:0043297),1/60,0.6703821578242491,0.7322441648551121,0,0,0.9089853726491758,0.3635099264676685,CTNNA1
2120,GO_Biological_Process_2021,response to organic cyclic compound (GO:0014070),1/60,0.6703821578242491,0.7322441648551121,0,0,0.9089853726491758,0.3635099264676685,DRD4
2124,GO_Biological_Process_2021,negative regulation of growth (GO:0045926),2/126,0.6741915291881638,0.7357122990200095,0,0,0.8644984048209855,0.3408207506297477,TGFB2;SLIT2
2125,GO_Biological_Process_2021,phosphatidylinositol biosynthetic process (GO:0006661),2/126,0.6741915291881638,0.7357122990200095,0,0,0.8644984048209855,0.3408207506297477,CDS1;PITPNM3
2126,GO_Biological_Process_2021,regulation of GTPase activity (GO:0043087),3/189,0.6752770915869004,0.7365504713124631,0,0,0.8641251221896383,0.3392833186704954,EPHA5;CHN1;STMN3
2127,GO_Biological_Process_2021,O-glycan processing (GO:0016266),1/61,0.6764322898229191,0.7367713203705034,0,0,0.8937899543378995,0.3494029835839892,GALNT7
2128,GO_Biological_Process_2021,positive regulation of DNA biosynthetic process (GO:2000573),1/61,0.6764322898229191,0.7367713203705034,0,0,0.8937899543378995,0.3494029835839892,POLG2
2129,GO_Biological_Process_2021,protein lipidation (GO:0006497),1/61,0.6764322898229191,0.7367713203705034,0,0,0.8937899543378995,0.3494029835839892,GLUL
2130,GO_Biological_Process_2021,regulation of transcription by RNA polymerase II (GO:0006357),38/2206,0.6797046132940313,0.7399881289733236,0,0,0.9333487084870848,0.3603631058756928,APP;ARF4;CASZ1;HLF;MYT1L;WWC2;RAX;OTUD7B;NRL;NR3C1;NR2E3;NHLH2;SIX6;NEUROD4;MYO6;SIX3;DPF3;APOE;SOX4;TFAP2B;ZFHX3;JAG1;AUTS2;PRKCB;ESRRB;TET1;PAX6;IGF1;PROX1;ISL1;ZFHX4;VEGFA;ZEB2;IMPACT;NCOA7;TCF4;LHX4;VSX2
2134,GO_Biological_Process_2021,positive regulation of cysteine-type endopeptidase activity (GO:2001056),1/62,0.682371669036005,0.7414998932850265,0,0,0.8790927464630586,0.3359723693983101,ASPH
2131,GO_Biological_Process_2021,negative regulation of Wnt signaling pathway (GO:0030178),3/191,0.6821627310331176,0.7414998932850265,0,0,0.8548443819236856,0.3269668981986762,CYLD;APOE;DKK3
2132,GO_Biological_Process_2021,glucose metabolic process (GO:0006006),1/62,0.682371669036005,0.7414998932850265,0,0,0.8790927464630586,0.3359723693983101,TFAP2B
2133,GO_Biological_Process_2021,stress-activated MAPK cascade (GO:0051403),1/62,0.682371669036005,0.7414998932850265,0,0,0.8790927464630586,0.3359723693983101,TRIB1
2136,GO_Biological_Process_2021,cell cycle G1/S phase transition (GO:0044843),1/63,0.6882023173103614,0.7467864247708318,0,0,0.8648696420680513,0.3231779307692624,NASP
2137,GO_Biological_Process_2021,positive regulation of viral process (GO:0048524),1/63,0.6882023173103614,0.7467864247708318,0,0,0.8648696420680513,0.3231779307692624,ADARB1
2135,GO_Biological_Process_2021,anterior/posterior pattern specification (GO:0009952),1/63,0.6882023173103614,0.7467864247708318,0,0,0.8648696420680513,0.3231779307692624,BASP1
2138,GO_Biological_Process_2021,regulation of primary metabolic process (GO:0080090),2/130,0.6907461980133757,0.7488463455098278,0,0,0.8373111263736264,0.3097907311975662,ELOVL6;APOE
2139,GO_Biological_Process_2021,Golgi organization (GO:0007030),2/130,0.6907461980133757,0.7488463455098278,0,0,0.8373111263736264,0.3097907311975662,PLK5;SYNE1
2140,GO_Biological_Process_2021,regulation of innate immune response (GO:0045088),1/64,0.6939262198393347,0.7508903125127128,0,0,0.8510980647966949,0.3109824117537991,APPL2
2141,GO_Biological_Process_2021,negative regulation of intrinsic apoptotic signaling pathway (GO:2001243),1/64,0.6939262198393347,0.7508903125127128,0,0,0.8510980647966949,0.3109824117537991,CLU
2142,GO_Biological_Process_2021,plasma membrane organization (GO:0007009),1/64,0.6939262198393347,0.7508903125127128,0,0,0.8510980647966949,0.3109824117537991,ANK3
2143,GO_Biological_Process_2021,protein catabolic process (GO:0030163),1/64,0.6939262198393347,0.7508903125127128,0,0,0.8510980647966949,0.3109824117537991,APOE
2148,GO_Biological_Process_2021,mitotic G1 DNA damage checkpoint signaling (GO:0031571),1/65,0.6995453257210019,0.7552094721604116,0,0,0.8377568493150684,0.2993512061937704,SOX4
2147,GO_Biological_Process_2021,tRNA modification (GO:0006400),1/65,0.6995453257210019,0.7552094721604116,0,0,0.8377568493150684,0.2993512061937704,OSGEP
2145,GO_Biological_Process_2021,regulation of cellular catabolic process (GO:0031329),1/65,0.6995453257210019,0.7552094721604116,0,0,0.8377568493150684,0.2993512061937704,MAPT
2144,GO_Biological_Process_2021,BMP signaling pathway (GO:0030509),1/65,0.6995453257210019,0.7552094721604116,0,0,0.8377568493150684,0.2993512061937704,TGFB2
2146,GO_Biological_Process_2021,"G protein-coupled receptor signaling pathway, coupled to cyclic nucleotide second messenger (GO:0007187)",1/65,0.6995453257210019,0.7552094721604116,0,0,0.8377568493150684,0.2993512061937704,DRD4
2149,GO_Biological_Process_2021,transmembrane receptor protein serine/threonine kinase signaling pathway (GO:0007178),2/133,0.7027035256042377,0.7582661299543403,0,0,0.8180102340407684,0.2886105372976246,TGFB2;APPL2
2150,GO_Biological_Process_2021,regulation of protein localization (GO:0032880),1/66,0.7050615482767155,0.7601035278819609,0,0,0.8248261327713382,0.2882521349935319,FBXW7
2151,GO_Biological_Process_2021,positive regulation of T cell proliferation (GO:0042102),1/66,0.7050615482767155,0.7601035278819609,0,0,0.8248261327713382,0.2882521349935319,IGF1
2152,GO_Biological_Process_2021,vascular endothelial growth factor receptor signaling pathway (GO:0048010),1/67,0.7104767663825504,0.765230314766721,0,0,0.8122872561228726,0.2776552438830916,VEGFA
2153,GO_Biological_Process_2021,peptidyl-threonine modification (GO:0018210),1/67,0.7104767663825504,0.765230314766721,0,0,0.8122872561228726,0.2776552438830916,CDK5R1
2155,GO_Biological_Process_2021,negative regulation of transforming growth factor beta receptor signaling pathway (GO:0030512),1/68,0.7157928244324484,0.7702408871443787,0,0,0.8001226742997342,0.2675326221259364,SPRY2
2154,GO_Biological_Process_2021,regulation of myeloid cell differentiation (GO:0045637),1/68,0.7157928244324484,0.7702408871443787,0,0,0.8001226742997342,0.2675326221259364,PRKCB
2156,GO_Biological_Process_2021,cell chemotaxis (GO:0060326),1/69,0.7210115332106699,0.7747784886747356,0,0,0.7883158742949234,0.2578582373346214,VEGFA
2157,GO_Biological_Process_2021,negative regulation of cellular catabolic process (GO:0031330),1/69,0.7210115332106699,0.7747784886747356,0,0,0.7883158742949234,0.2578582373346214,DAPL1
2158,GO_Biological_Process_2021,positive regulation of MAP kinase activity (GO:0043406),1/69,0.7210115332106699,0.7747784886747356,0,0,0.7883158742949234,0.2578582373346214,VEGFA
2159,GO_Biological_Process_2021,positive regulation of response to external stimulus (GO:0032103),2/139,0.7254663642769943,0.7784807929152702,0,0,0.7819443330392235,0.2509576598439901,APP;CD47
2160,GO_Biological_Process_2021,defense response to Gram-positive bacterium (GO:0050830),1/70,0.7261346706330365,0.7784807929152702,0,0,0.7768513003772086,0.2486077858284922,CHGA
2161,GO_Biological_Process_2021,establishment of protein localization to membrane (GO:0090150),1/70,0.7261346706330365,0.7784807929152702,0,0,0.7768513003772086,0.2486077858284922,RABGEF1
2162,GO_Biological_Process_2021,negative regulation of viral process (GO:0048525),1/70,0.7261346706330365,0.7784807929152702,0,0,0.7768513003772086,0.2486077858284922,PROX1
2163,GO_Biological_Process_2021,positive regulation of cell-substrate adhesion (GO:0010811),1/70,0.7261346706330365,0.7784807929152702,0,0,0.7768513003772086,0.2486077858284922,NDNF
2164,GO_Biological_Process_2021,cellular response to BMP stimulus (GO:0071773),1/71,0.7311639823141036,0.782065670340581,0,0,0.7657142857142857,0.239758556929892,TGFB2
2165,GO_Biological_Process_2021,Fc-gamma receptor signaling pathway involved in phagocytosis (GO:0038096),1/71,0.7311639823141036,0.782065670340581,0,0,0.7657142857142857,0.239758556929892,PRKCE
2166,GO_Biological_Process_2021,myeloid leukocyte differentiation (GO:0002573),1/71,0.7311639823141036,0.782065670340581,0,0,0.7657142857142857,0.239758556929892,VEGFA
2167,GO_Biological_Process_2021,nucleic acid metabolic process (GO:0090304),1/71,0.7311639823141036,0.782065670340581,0,0,0.7657142857142857,0.239758556929892,NT5E
2168,GO_Biological_Process_2021,phosphatidylinositol-mediated signaling (GO:0048015),1/71,0.7311639823141036,0.782065670340581,0,0,0.7657142857142857,0.239758556929892,IGF1
2169,GO_Biological_Process_2021,Fc-gamma receptor signaling pathway (GO:0038094),1/72,0.7361011819043026,0.7868185416941881,0,0,0.7548909897742621,0.2312893097962393,PRKCE
2170,GO_Biological_Process_2021,Ras protein signal transduction (GO:0007265),2/142,0.7362857991457251,0.7868185416941881,0,0,0.7650706436420722,0.2342163716288972,RIT2;IGF1
2175,GO_Biological_Process_2021,positive regulation of JNK cascade (GO:0046330),1/73,0.7409479518951135,0.7899812722411137,0,0,0.7443683409436834,0.2231801607891259,APP
2173,GO_Biological_Process_2021,response to molecule of bacterial origin (GO:0002237),1/73,0.7409479518951135,0.7899812722411137,0,0,0.7443683409436834,0.2231801607891259,TRIB1
2174,GO_Biological_Process_2021,transcription-coupled nucleotide-excision repair (GO:0006283),1/73,0.7409479518951135,0.7899812722411137,0,0,0.7443683409436834,0.2231801607891259,RPA1
2171,GO_Biological_Process_2021,protein-DNA complex assembly (GO:0065004),2/143,0.7398108370165045,0.7899812722411137,0,0,0.759605642584366,0.2289153270004928,RPA1;TCF4
2172,GO_Biological_Process_2021,defense response to Gram-negative bacterium (GO:0050829),1/73,0.7409479518951135,0.7899812722411137,0,0,0.7443683409436834,0.2231801607891259,CHGA
2176,GO_Biological_Process_2021,proteolysis involved in cellular protein catabolic process (GO:0051603),1/74,0.7457059440902161,0.7932314490093083,0,0,0.7341339838618878,0.2154124811207429,OTUD7B
2177,GO_Biological_Process_2021,regulation of cytokine-mediated signaling pathway (GO:0001959),1/74,0.7457059440902161,0.7932314490093083,0,0,0.7341339838618878,0.2154124811207429,CYLD
2178,GO_Biological_Process_2021,Fc receptor mediated stimulatory signaling pathway (GO:0002431),1/74,0.7457059440902161,0.7932314490093083,0,0,0.7341339838618878,0.2154124811207429,PRKCE
2179,GO_Biological_Process_2021,sphingolipid biosynthetic process (GO:0030148),1/74,0.7457059440902161,0.7932314490093083,0,0,0.7341339838618878,0.2154124811207429,ELOVL6
2180,GO_Biological_Process_2021,mitotic nuclear division (GO:0140014),1/74,0.7457059440902161,0.7932314490093083,0,0,0.7341339838618878,0.2154124811207429,ZWINT
2181,GO_Biological_Process_2021,regulation of transcription from RNA polymerase II promoter in response to hypoxia (GO:0061418),1/75,0.7503767804008626,0.7963742591628552,0,0,0.7241762310255461,0.2079688031006118,VEGFA
2182,GO_Biological_Process_2021,integrin-mediated signaling pathway (GO:0007229),1/75,0.7503767804008626,0.7963742591628552,0,0,0.7241762310255461,0.2079688031006118,CD47
2183,GO_Biological_Process_2021,nucleic acid phosphodiester bond hydrolysis (GO:0090305),1/75,0.7503767804008626,0.7963742591628552,0,0,0.7241762310255461,0.2079688031006118,RPA1
2184,GO_Biological_Process_2021,positive regulation of immune response (GO:0050778),1/75,0.7503767804008626,0.7963742591628552,0,0,0.7241762310255461,0.2079688031006118,TGFB2
2185,GO_Biological_Process_2021,positive regulation of T cell activation (GO:0050870),1/75,0.7503767804008626,0.7963742591628552,0,0,0.7241762310255461,0.2079688031006118,CD47
2186,GO_Biological_Process_2021,regulation of BMP signaling pathway (GO:0030510),1/76,0.7549620528973898,0.7990474282490622,0,0,0.7144840182648402,0.2008327351557217,TFAP2B
2187,GO_Biological_Process_2021,establishment of protein localization to organelle (GO:0072594),1/76,0.7549620528973898,0.7990474282490622,0,0,0.7144840182648402,0.2008327351557217,APPL2
2188,GO_Biological_Process_2021,regulation of RNA splicing (GO:0043484),1/76,0.7549620528973898,0.7990474282490622,0,0,0.7144840182648402,0.2008327351557217,KHDRBS3
2189,GO_Biological_Process_2021,RNA transport (GO:0050658),1/76,0.7549620528973898,0.7990474282490622,0,0,0.7144840182648402,0.2008327351557217,KIF5C
2190,GO_Biological_Process_2021,positive regulation of growth (GO:0045927),1/76,0.7549620528973898,0.7990474282490622,0,0,0.7144840182648402,0.2008327351557217,TGFB2
2191,GO_Biological_Process_2021,protein import into nucleus (GO:0006606),1/76,0.7549620528973898,0.7990474282490622,0,0,0.7144840182648402,0.2008327351557217,APPL2
2192,GO_Biological_Process_2021,regulation of cytosolic calcium ion concentration (GO:0051480),2/148,0.7568380968719977,0.8006677541007909,0,0,0.7334035827186512,0.2043305821629354,SCGN;ATP2B1
2193,GO_Biological_Process_2021,cellular response to UV (GO:0034644),1/77,0.759463324757032,0.8019822091198517,0,0,0.7050468637346792,0.1939888832198374,IMPACT
2194,GO_Biological_Process_2021,import into nucleus (GO:0051170),1/77,0.759463324757032,0.8019822091198517,0,0,0.7050468637346792,0.1939888832198374,APPL2
2195,GO_Biological_Process_2021,phosphatidylcholine metabolic process (GO:0046470),1/77,0.759463324757032,0.8019822091198517,0,0,0.7050468637346792,0.1939888832198374,DBI
2196,GO_Biological_Process_2021,positive regulation of protein modification by small protein conjugation or removal (GO:1903322),1/77,0.759463324757032,0.8019822091198517,0,0,0.7050468637346792,0.1939888832198374,FBXW7
2197,GO_Biological_Process_2021,regulation of G2/M transition of mitotic cell cycle (GO:0010389),2/149,0.7601260169021841,0.802316814928602,0,0,0.728377065111759,0.1997727407933288,CEP164;YWHAG
2198,GO_Biological_Process_2021,protein modification process (GO:0036211),1/78,0.7638821307857178,0.8059147537166281,0,0,0.6958548301014055,0.1874227791137184,QPCT
2199,GO_Biological_Process_2021,mRNA 3'-end processing (GO:0031124),1/79,0.7682199776475863,0.8101228855192728,0,0,0.6868984896382156,0.1811208151174698,APP
2203,GO_Biological_Process_2021,negative regulation of cell cycle (GO:0045786),1/80,0.7724783447973328,0.8131350997866661,0,0,0.6781688919715624,0.1750701832711271,CDKN1C
2202,GO_Biological_Process_2021,response to interferon-gamma (GO:0034341),1/80,0.7724783447973328,0.8131350997866661,0,0,0.6781688919715624,0.1750701832711271,CD47
2201,GO_Biological_Process_2021,glycerophospholipid metabolic process (GO:0006650),1/80,0.7724783447973328,0.8131350997866661,0,0,0.6781688919715624,0.1750701832711271,PRDX6
2200,GO_Biological_Process_2021,regulation of protein localization to plasma membrane (GO:1903076),1/80,0.7724783447973328,0.8131350997866661,0,0,0.6781688919715624,0.1750701832711271,PRKCE
2204,GO_Biological_Process_2021,activation of cysteine-type endopeptidase activity involved in apoptotic process (GO:0006919),1/81,0.7766586844330803,0.816794264680302,0,0,0.6696575342465754,0.1692588204358488,MAPT
2205,GO_Biological_Process_2021,regulation of interleukin-8 production (GO:0032677),1/81,0.7766586844330803,0.816794264680302,0,0,0.6696575342465754,0.1692588204358488,OTUD7B
2206,GO_Biological_Process_2021,regulation of I-kappaB kinase/NF-kappaB signaling (GO:0043122),3/224,0.7804069348849734,0.8203643357195913,0,0,0.725963875696496,0.1799953264968414,PRKCB;PPM1N;OTUD7B
2207,GO_Biological_Process_2021,positive regulation of protein ubiquitination (GO:0031398),1/82,0.7807624224232326,0.8203663134157154,0,0,0.6613563335024523,0.1636753569053019,FBXW7
2208,GO_Biological_Process_2021,regulation of osteoblast differentiation (GO:0045667),1/83,0.7847909587880388,0.8242259051101178,0,0,0.6532576010691614,0.1583090694534354,IGF1
2209,GO_Biological_Process_2021,positive regulation of intracellular signal transduction (GO:1902533),8/546,0.7852562404769301,0.8243413927178633,0,0,0.7931714813814874,0.1917453932244281,APP;TGFB2;RIT2;PRKCB;SCHIP1;SPRY2;IGF1;VEGFA
2211,GO_Biological_Process_2021,lymphocyte differentiation (GO:0030098),1/84,0.7887456677921036,0.8272558541038338,0,0,0.645354018814986,0.1531498383633649,SOX4
2210,GO_Biological_Process_2021,response to insulin (GO:0032868),1/84,0.7887456677921036,0.8272558541038338,0,0,0.645354018814986,0.1531498383633649,MYO5A
2212,GO_Biological_Process_2021,response to lipopolysaccharide (GO:0032496),2/159,0.7909392334195586,0.8288071461307028,0,0,0.6816336529712326,0.159866360307046,SCARB1;TRIB1
2213,GO_Biological_Process_2021,protein autophosphorylation (GO:0046777),2/159,0.7909392334195586,0.8288071461307028,0,0,0.6816336529712326,0.159866360307046,GRK1;MAK
2214,GO_Biological_Process_2021,B cell activation (GO:0042113),1/85,0.7926278988219103,0.8298270420879206,0,0,0.6376386170906719,0.148188107131246,PRKCB
2215,GO_Biological_Process_2021,positive regulation of protein catabolic process (GO:0045732),1/85,0.7926278988219103,0.8298270420879206,0,0,0.6376386170906719,0.148188107131246,APOE
2216,GO_Biological_Process_2021,peptide biosynthetic process (GO:0043043),2/162,0.7994788972673443,0.8366220305188268,0,0,0.66875,0.1496630011918489,RRBP1;DMD
2217,GO_Biological_Process_2021,protein targeting to membrane (GO:0006612),1/87,0.8001802014979011,0.8369783893034853,0,0,0.6227460974832749,0.1388215168312099,RABGEF1
2218,GO_Biological_Process_2021,"retrograde transport, endosome to Golgi (GO:0042147)",1/88,0.803852850744769,0.8396842024889077,0,0,0.6155566052590143,0.1344000431918275,RAB6B
2219,GO_Biological_Process_2021,sensory perception of mechanical stimulus (GO:0050954),1/88,0.803852850744769,0.8396842024889077,0,0,0.6155566052590143,0.1344000431918275,CCDC50
2220,GO_Biological_Process_2021,metal ion transport (GO:0030001),1/88,0.803852850744769,0.8396842024889077,0,0,0.6155566052590143,0.1344000431918275,SLC24A1
2221,GO_Biological_Process_2021,double-strand break repair (GO:0006302),2/164,0.8049992460906212,0.8405032632449331,0,0,0.6604259937593271,0.1432556031282258,REV3L;RPA1
2222,GO_Biological_Process_2021,regulation of cysteine-type endopeptidase activity involved in apoptotic process (GO:0043281),1/89,0.807458177716558,0.8419339201359167,0,0,0.608530510585305,0.1301427797821805,VEGFA
2223,GO_Biological_Process_2021,regulation of type I interferon production (GO:0032479),1/89,0.807458177716558,0.8419339201359167,0,0,0.608530510585305,0.1301427797821805,CYLD
2224,GO_Biological_Process_2021,SCF-dependent proteasomal ubiquitin-dependent protein catabolic process (GO:0031146),1/89,0.807458177716558,0.8419339201359167,0,0,0.608530510585305,0.1301427797821805,FBXW7
2225,GO_Biological_Process_2021,positive regulation of autophagy (GO:0010508),1/90,0.8109974132406039,0.8452443839704408,0,0,0.6016623056795444,0.1260424857842705,RNF152
2226,GO_Biological_Process_2021,sensory perception of sound (GO:0007605),1/91,0.8144717655875034,0.8484842820669097,0,0,0.5949467275494673,0.1220922998403609,CCDC50
2228,GO_Biological_Process_2021,T cell activation (GO:0042110),1/92,0.8178824210063332,0.8512728652914728,0,0,0.5883787445431281,0.1182857166296236,SOX4
2227,GO_Biological_Process_2021,cellular response to fibroblast growth factor stimulus (GO:0044344),1/92,0.8178824210063332,0.8512728652914728,0,0,0.5883787445431281,0.1182857166296236,NDNF
2229,GO_Biological_Process_2021,negative regulation of cellular protein metabolic process (GO:0032269),1/94,0.8245172784500358,0.8574092720771326,0,0,0.5756665193695685,0.11107898873074,APOE
2230,GO_Biological_Process_2021,nucleosome organization (GO:0034728),1/94,0.8245172784500358,0.8574092720771326,0,0,0.5756665193695685,0.11107898873074,NASP
2231,GO_Biological_Process_2021,cellular transition metal ion homeostasis (GO:0046916),1/96,0.8309110502513004,0.8636709841321761,0,0,0.5634895457822638,0.1043765937794089,APP
2232,GO_Biological_Process_2021,mitochondrion organization (GO:0007005),2/175,0.8330106088693308,0.8654655676564474,0,0,0.6180842279108175,0.1129294901052333,POLG2;HAP1
2233,GO_Biological_Process_2021,protein maturation (GO:0051604),1/97,0.8340202717988986,0.8661266922889189,0,0,0.5575913242009133,0.1012014705101251,NNAT
2234,GO_Biological_Process_2021,antigen processing and presentation of exogenous peptide antigen via MHC class II (GO:0019886),1/98,0.8370724732930189,0.8685188452771931,0,0,0.551814715435673,0.0981372812863085,OSBPL1A
2235,GO_Biological_Process_2021,RNA splicing (GO:0008380),1/98,0.8370724732930189,0.8685188452771931,0,0,0.551814715435673,0.0981372812863085,SNRPN
2236,GO_Biological_Process_2021,glycerophospholipid biosynthetic process (GO:0046474),2/177,0.8376965382304513,0.868777813453128,0,0,0.6109576138147567,0.1082002086867251,CDS1;PITPNM3
2238,GO_Biological_Process_2021,transcription by RNA polymerase II (GO:0006366),4/320,0.8401817782127049,0.870576920702758,0,0,0.6755017833414924,0.1176298593972502,TSC22D1;ESRRB;NR3C1;NR2E3
2237,GO_Biological_Process_2021,negative regulation of immune response (GO:0050777),2/178,0.839994705249304,0.870576920702758,0,0,0.607455044955045,0.1059156735941415,ADCY1;SAMSN1
2239,GO_Biological_Process_2021,RNA processing (GO:0006396),2/179,0.8422634155200847,0.8715611086517243,0,0,0.6039920531445955,0.1036827668756337,SNRPN;ADARB1
2240,GO_Biological_Process_2021,antigen processing and presentation of peptide antigen via MHC class II (GO:0002495),1/100,0.8430099688855471,0.8715611086517243,0,0,0.5406115954061159,0.0923237537242842,OSBPL1A
2241,GO_Biological_Process_2021,cell-matrix adhesion (GO:0007160),1/100,0.8430099688855471,0.8715611086517243,0,0,0.5406115954061159,0.0923237537242842,VTN
2242,GO_Biological_Process_2021,organic acid transport (GO:0015849),1/100,0.8430099688855471,0.8715611086517243,0,0,0.5406115954061159,0.0923237537242842,SLC16A1
2243,GO_Biological_Process_2021,positive regulation of translation (GO:0045727),1/100,0.8430099688855471,0.8715611086517243,0,0,0.5406115954061159,0.0923237537242842,SOX4
2244,GO_Biological_Process_2021,cellular response to oxygen-containing compound (GO:1901701),4/323,0.8453541753374082,0.8735954061393262,0,0,0.6690451860960529,0.1123993216586452,IMPACT;TPM1;MAPT;SLIT2
2245,GO_Biological_Process_2021,cellular response to chemical stress (GO:0062197),1/101,0.8458972918981269,0.8737674609099085,0,0,0.5351780821917809,0.0895659755104773,PRDX6
2247,GO_Biological_Process_2021,mitotic sister chromatid segregation (GO:0000070),1/102,0.8487316536618096,0.8759152297577394,0,0,0.5298521632985216,0.086902227485691,ZWINT
2246,GO_Biological_Process_2021,intrinsic apoptotic signaling pathway (GO:0097193),1/102,0.8487316536618096,0.8759152297577394,0,0,0.5298521632985216,0.086902227485691,MLLT11
2248,GO_Biological_Process_2021,antigen processing and presentation of exogenous peptide antigen (GO:0002478),1/103,0.8515140230843123,0.8783959686774587,0,0,0.5246306741874832,0.0843287727474543,OSBPL1A
2249,GO_Biological_Process_2021,mRNA transport (GO:0051028),1/104,0.8542453512444168,0.880821873283132,0,0,0.5195105732145232,0.0818420488121563,KIF5C
2250,GO_Biological_Process_2021,antigen receptor-mediated signaling pathway (GO:0050851),2/185,0.8552740606073065,0.8810993874817723,0,0,0.5840088872875758,0.0913000498272024,PRKCB;PAK3
2251,GO_Biological_Process_2021,endoplasmic reticulum to Golgi vesicle-mediated transport (GO:0006888),2/185,0.8552740606073065,0.8810993874817723,0,0,0.5840088872875758,0.0913000498272024,ARF4;ANK3
2252,GO_Biological_Process_2021,activation of GTPase activity (GO:0090630),1/105,0.8569265718796539,0.8820184768237788,0,0,0.5144889357218124,0.0794386580244632,ARHGEF26
2253,GO_Biological_Process_2021,nucleotide-excision repair (GO:0006289),1/105,0.8569265718796539,0.8820184768237788,0,0,0.5144889357218124,0.0794386580244632,RPA1
2254,GO_Biological_Process_2021,chromosome organization (GO:0051276),1/106,0.8595586019221216,0.8835515978995667,0,0,0.5095629484670581,0.0771153585363297,HMGN3
2255,GO_Biological_Process_2021,peptidyl-lysine modification (GO:0018205),1/106,0.8595586019221216,0.8835515978995667,0,0,0.5095629484670581,0.0771153585363297,NNAT
2256,GO_Biological_Process_2021,protein localization to nucleus (GO:0034504),1/106,0.8595586019221216,0.8835515978995667,0,0,0.5095629484670581,0.0771153585363297,APPL2
2257,GO_Biological_Process_2021,positive regulation of cytokine production (GO:0001819),4/335,0.8646558140752173,0.8880276772100104,0,0,0.6443891772796314,0.093709493221334,APP;PLA2R1;ISL1;CD200
2258,GO_Biological_Process_2021,negative regulation of transmembrane receptor protein serine/threonine kinase signaling pathway (GO:0090101),1/108,0.8646786736281954,0.8880276772100104,0,0,0.499987197541928,0.0726967968763206,SPRY2
2259,GO_Biological_Process_2021,protein deubiquitination (GO:0016579),3/267,0.8695396303584974,0.892624753288369,0,0,0.6063736538943151,0.0847658025338686,CYLD;UCHL1;OTUD7B
2260,GO_Biological_Process_2021,protein-containing complex subunit organization (GO:0043933),1/112,0.8743670469643406,0.8971833476148918,0,0,0.4818709120078983,0.0646935934028644,LIN7A
2261,GO_Biological_Process_2021,response to lipid (GO:0033993),1/114,0.8789486076468366,0.9014857514326527,0,0,0.4732937325736452,0.0610685459538309,TRIB1
2262,GO_Biological_Process_2021,cellular response to lectin (GO:1990858),1/115,0.881176514045531,0.9029723995519576,0,0,0.4691180004806536,0.0593421682529155,PAK3
2263,GO_Biological_Process_2021,stimulatory C-type lectin receptor signaling pathway (GO:0002223),1/115,0.881176514045531,0.9029723995519576,0,0,0.4691180004806536,0.0593421682529155,PAK3
2265,GO_Biological_Process_2021,protein modification by small protein removal (GO:0070646),3/276,0.8835596411121949,0.9046153430627945,0,0,0.5861108588381315,0.0725584635568845,CYLD;UCHL1;OTUD7B
2264,GO_Biological_Process_2021,cytosolic transport (GO:0016482),1/116,0.883363525786035,0.9046153430627945,0,0,0.4650148898153663,0.0576704347524293,RAB6B
2266,GO_Biological_Process_2021,adenylate cyclase-activating G protein-coupled receptor signaling pathway (GO:0007189),1/118,0.8876178463993148,0.9083693884633484,0,0,0.4570190844163447,0.0544830647992429,ADCY1
2267,GO_Biological_Process_2021,innate immune response activating cell surface receptor signaling pathway (GO:0002220),1/119,0.8896866117210717,0.9096839749638104,0,0,0.4531228233108892,0.0529637142924649,PAK3
2268,GO_Biological_Process_2021,positive regulation of cysteine-type endopeptidase activity involved in apoptotic process (GO:0043280),1/119,0.8896866117210717,0.9096839749638104,0,0,0.4531228233108892,0.0529637142924649,MAPT
2269,GO_Biological_Process_2021,cellular response to lipopolysaccharide (GO:0071222),1/120,0.891717395939216,0.9111221067162883,0,0,0.4492920455853574,0.0514915719474695,PRKCE
2270,GO_Biological_Process_2021,proteasomal protein catabolic process (GO:0010498),2/205,0.8918785794623668,0.9111221067162883,0,0,0.5259297352893412,0.0601796558252464,UCHL1;FBXW7
2271,GO_Biological_Process_2021,cellular response to interferon-gamma (GO:0071346),1/121,0.8937108945982634,0.9125921106813252,0,0,0.4455251141552511,0.0500649670225134,CD47
2272,GO_Biological_Process_2021,non-canonical Wnt signaling pathway (GO:0035567),1/124,0.8994744414219341,0.91807334100259,0,0,0.4345918253703085,0.0460426745731459,GNAT2
2273,GO_Biological_Process_2021,cellular response to insulin stimulus (GO:0032869),1/129,0.9083959649423592,0.9267716089121693,0,0,0.4175085616438356,0.040112097776366,MYO5A
2274,GO_Biological_Process_2021,regulation of cell growth (GO:0001558),2/217,0.9095145648897018,0.9275049628765312,0,0,0.4962688474316381,0.0470682550596091,TGFB2;SLIT2
2275,GO_Biological_Process_2021,cellular response to lipid (GO:0071396),2/219,0.9121788595851412,0.92981324878626,0,0,0.4916443004000608,0.0451915459445957,ADCY1;NR3C1
2276,GO_Biological_Process_2021,RNA metabolic process (GO:0016070),1/133,0.9149610715692214,0.932239651313392,0,0,0.4047737650477376,0.035973766183925,ADARB1
2277,GO_Biological_Process_2021,innate immune response (GO:0045087),3/302,0.9168201860689608,0.9337238067076334,0,0,0.5344260482600404,0.0464116504694906,CHGA;APP;CYLD
2278,GO_Biological_Process_2021,MAPK cascade (GO:0000165),3/303,0.9179075659493704,0.9344210412472748,0,0,0.5326170798898071,0.0456232249405601,RIT2;IGF1;SCG2
2279,GO_Biological_Process_2021,negative regulation of inflammatory response to antigenic stimulus (GO:0002862),1/136,0.9195750321321688,0.9352977091392508,0,0,0.3957179096905124,0.033178428874672,ADCY1
2280,GO_Biological_Process_2021,organic substance transport (GO:0071702),1/136,0.9195750321321688,0.9352977091392508,0,0,0.3957179096905124,0.033178428874672,ABCA4
2281,GO_Biological_Process_2021,regulation of inflammatory response to antigenic stimulus (GO:0002861),1/137,0.9210568491973932,0.9363943427423104,0,0,0.3927880741337631,0.0323003456039382,ADCY1
2282,GO_Biological_Process_2021,inflammatory response (GO:0006954),2/230,0.9255656184233866,0.9405660248542518,0,0,0.4676595334490071,0.0361735813456686,ADCY1;SCG2
2283,GO_Biological_Process_2021,chromatin organization (GO:0006325),1/142,0.9280673316895972,0.9426953631873316,0,0,0.3787622656174099,0.0282749792877422,HMGN3
2284,GO_Biological_Process_2021,protein polyubiquitination (GO:0000209),3/314,0.929042381136556,0.9428601593336876,0,0,0.5134862214663443,0.0377930588414498,FBXW7;RNF152;DZIP3
2285,GO_Biological_Process_2021,cellular macromolecule biosynthetic process (GO:0034645),3/314,0.929042381136556,0.9428601593336876,0,0,0.5134862214663443,0.0377930588414498,RPA1;RRBP1;APOE
2286,GO_Biological_Process_2021,positive regulation of cytosolic calcium ion concentration (GO:0007204),1/147,0.9344567843082552,0.9479404195868611,0,0,0.3656971289172452,0.0247905710231419,TRPM1
2287,GO_Biological_Process_2021,positive regulation of hydrolase activity (GO:0051345),1/149,0.9368511367813414,0.9499539498831784,0,0,0.3607182524990744,0.0235299695945808,CD200
2288,GO_Biological_Process_2021,membrane organization (GO:0061024),2/242,0.9379675371169418,0.9503038080714484,0,0,0.4440018315018315,0.0284338502905748,CCDC88A;ANK3
2289,GO_Biological_Process_2021,response to cytokine (GO:0034097),1/150,0.9380153967601796,0.9503038080714484,0,0,0.3582789372069504,0.0229258806935928,APP
2290,GO_Biological_Process_2021,cellular response to interleukin-1 (GO:0071347),1/155,0.9435233154543442,0.9554666485613612,0,0,0.3465575520370041,0.0201468470173756,CD47
2291,GO_Biological_Process_2021,T cell receptor signaling pathway (GO:0050852),1/158,0.9465908632412056,0.9581548004884806,0,0,0.3398830817555187,0.0186556092270192,PAK3
2292,GO_Biological_Process_2021,positive regulation of protein kinase B signaling (GO:0051897),1/161,0.9494922194029488,0.9606724592301968,0,0,0.333458904109589,0.0172824891345166,SPRY2
2293,GO_Biological_Process_2021,rRNA metabolic process (GO:0016072),1/162,0.950423973056608,0.9611959971627424,0,0,0.331370713860291,0.0168492419839891,MAPT
2294,GO_Biological_Process_2021,cellular component assembly (GO:0022607),2/261,0.95368415186635,0.9640728681176176,0,0,0.4110271967414824,0.0194920359088274,LIN7A;ANK3
2295,GO_Biological_Process_2021,protein-containing complex assembly (GO:0065003),2/267,0.957802137942977,0.967668127070334,0,0,0.4015965166908563,0.0173144558894495,DMD;LIN7A
2296,GO_Biological_Process_2021,positive regulation of I-kappaB kinase/NF-kappaB signaling (GO:0043123),1/171,0.9580748654657572,0.967668127070334,0,0,0.313682514101531,0.0134348201919116,PRKCB
2297,GO_Biological_Process_2021,ubiquitin-dependent protein catabolic process (GO:0006511),3/354,0.9588365371060564,0.9680159991671242,0,0,0.454027454027454,0.0190848942139652,UCHL1;FBXW7;OTUD7B
2298,GO_Biological_Process_2021,defense response to bacterium (GO:0042742),1/176,0.961804038693943,0.970589547529338,0,0,0.3046418786692759,0.0118641411951471,CHGA
2299,GO_Biological_Process_2021,DNA metabolic process (GO:0006259),2/277,0.9638985763239922,0.9722803030746356,0,0,0.3867932067932068,0.0142220772390607,NT5E;RPA1
2300,GO_Biological_Process_2021,ribosome biogenesis (GO:0042254),1/192,0.9716542750188512,0.9796774958903672,0,0,0.2788926342967797,0.0080196195936477,GLUL
2301,GO_Biological_Process_2021,neutrophil degranulation (GO:0043312),4/481,0.9776629121324258,0.9853075395947992,0,0,0.4437726583040874,0.0100249747816473,QPCT;CD47;PRDX6;CKAP4
2302,GO_Biological_Process_2021,regulation of protein kinase B signaling (GO:0051896),1/207,0.9785730372837124,0.9856172110047818,0,0,0.258385423593563,0.0055965902518052,SPRY2
2303,GO_Biological_Process_2021,neutrophil activation involved in immune response (GO:0002283),4/485,0.9788198509288868,0.9856172110047818,0,0,0.4399903515925615,0.0094191668137973,QPCT;CD47;PRDX6;CKAP4
2304,GO_Biological_Process_2021,neutrophil mediated immunity (GO:0002446),4/488,0.9796503310311327,0.9860254958751532,0,0,0.4371946486461805,0.0089885366309334,QPCT;CD47;PRDX6;CKAP4
2305,GO_Biological_Process_2021,translation (GO:0006412),1/214,0.9811974130917906,0.9867264839067856,0,0,0.2498038459064891,0.0047416774496547,RRBP1
2306,GO_Biological_Process_2021,positive regulation of GTPase activity (GO:0043547),1/214,0.9811974130917906,0.9867264839067856,0,0,0.2498038459064891,0.0047416774496547,ARHGEF26
2307,GO_Biological_Process_2021,proteasome-mediated ubiquitin-dependent protein catabolic process (GO:0043161),2/321,0.9820340620687052,0.987139958405284,0,0,0.3326845568224879,0.0060313330808228,UCHL1;FBXW7
2308,GO_Biological_Process_2021,"transcription, DNA-templated (GO:0006351)",1/221,0.9835010845882178,0.988186451383571,0,0,0.2417683686176837,0.0040221887410334,TSC22D1
2309,GO_Biological_Process_2021,cellular response to DNA damage stimulus (GO:0006974),2/350,0.9887566370877618,0.9930369688500464,0,0,0.3045029682960717,0.0034430294710681,PLK5;RPA1
2310,GO_Biological_Process_2021,gene expression (GO:0010467),2/356,0.9898035287593014,0.9936582374390216,0,0,0.299248773825045,0.0030669442287972,RRBP1;ADARB1
2311,GO_Biological_Process_2021,"RNA splicing, via transesterification reactions with bulged adenosine as nucleophile (GO:0000377)",1/251,0.9905816387488132,0.9940092568759716,0,0,0.2124273972602739,0.0020101992886364,SNRPN
2312,GO_Biological_Process_2021,"mRNA splicing, via spliceosome (GO:0000398)",1/274,0.993875346584222,0.9968831837766516,0,0,0.1942997641627778,0.0011936778887904,SNRPN
2313,GO_Biological_Process_2021,proteolysis (GO:0006508),1/287,0.9951986371875188,0.9975263955443856,0,0,0.1853434236995881,0.0008920442539674697,HTRA1
2314,GO_Biological_Process_2021,protein modification by small protein conjugation (GO:0032446),2/409,0.9957423691808612,0.9975263955443856,0,0,0.2595647595647595,0.0011074902387376,FBXW7;RNF152
2315,GO_Biological_Process_2021,DNA repair (GO:0006281),1/298,0.9960927706057924,0.9975263955443856,0,0,0.1783773811171071,0.0006983264978253975,RPA1
2316,GO_Biological_Process_2021,mRNA processing (GO:0006397),1/300,0.9962364907225608,0.9975263955443856,0,0,0.1771658954505887,0.0006680233371652137,SNRPN
2317,GO_Biological_Process_2021,protein ubiquitination (GO:0016567),3/525,0.9966844658594818,0.9975444179439162,0,0,0.3025869985117634,0.0010049043434578,FBXW7;RNF152;DZIP3
2318,GO_Biological_Process_2021,cellular response to cytokine stimulus (GO:0071345),2/482,0.9987519716420769,0.9991826538204476,0,0,0.219253663003663,0.0002738056831973134,CD47;VEGFA
2319,GO_Biological_Process_2021,cytokine-mediated signaling pathway (GO:0019221),2/621,0.9998839171151576,0.9998839171151576,0,0,0.168785172823945,1.959420707807939e-05,APPL2;VEGFA
